--
-- PostgreSQL database dump
--

-- Dumped from database version 15.12 (Debian 15.12-0+deb12u2)
-- Dumped by pg_dump version 15.12 (Debian 15.12-0+deb12u2)

SET statement_timeout = 0;
SET lock_timeout = 0;
SET idle_in_transaction_session_timeout = 0;
SET client_encoding = 'UTF8';
SET standard_conforming_strings = on;
SELECT pg_catalog.set_config('search_path', '', false);
SET check_function_bodies = false;
SET xmloption = content;
SET client_min_messages = warning;
SET row_security = off;

SET default_tablespace = '';

SET default_table_access_method = heap;

--
-- Name: auth_group; Type: TABLE; Schema: public; Owner: aurora
--

CREATE TABLE public.auth_group (
    id integer NOT NULL,
    name character varying(150) NOT NULL
);


ALTER TABLE public.auth_group OWNER TO aurora;

--
-- Name: auth_group_id_seq; Type: SEQUENCE; Schema: public; Owner: aurora
--

ALTER TABLE public.auth_group ALTER COLUMN id ADD GENERATED BY DEFAULT AS IDENTITY (
    SEQUENCE NAME public.auth_group_id_seq
    START WITH 1
    INCREMENT BY 1
    NO MINVALUE
    NO MAXVALUE
    CACHE 1
);


--
-- Name: auth_group_permissions; Type: TABLE; Schema: public; Owner: aurora
--

CREATE TABLE public.auth_group_permissions (
    id bigint NOT NULL,
    group_id integer NOT NULL,
    permission_id integer NOT NULL
);


ALTER TABLE public.auth_group_permissions OWNER TO aurora;

--
-- Name: auth_group_permissions_id_seq; Type: SEQUENCE; Schema: public; Owner: aurora
--

ALTER TABLE public.auth_group_permissions ALTER COLUMN id ADD GENERATED BY DEFAULT AS IDENTITY (
    SEQUENCE NAME public.auth_group_permissions_id_seq
    START WITH 1
    INCREMENT BY 1
    NO MINVALUE
    NO MAXVALUE
    CACHE 1
);


--
-- Name: auth_permission; Type: TABLE; Schema: public; Owner: aurora
--

CREATE TABLE public.auth_permission (
    id integer NOT NULL,
    name character varying(255) NOT NULL,
    content_type_id integer NOT NULL,
    codename character varying(100) NOT NULL
);


ALTER TABLE public.auth_permission OWNER TO aurora;

--
-- Name: auth_permission_id_seq; Type: SEQUENCE; Schema: public; Owner: aurora
--

ALTER TABLE public.auth_permission ALTER COLUMN id ADD GENERATED BY DEFAULT AS IDENTITY (
    SEQUENCE NAME public.auth_permission_id_seq
    START WITH 1
    INCREMENT BY 1
    NO MINVALUE
    NO MAXVALUE
    CACHE 1
);


--
-- Name: auth_user; Type: TABLE; Schema: public; Owner: aurora
--

CREATE TABLE public.auth_user (
    id integer NOT NULL,
    password character varying(128) NOT NULL,
    last_login timestamp with time zone,
    is_superuser boolean NOT NULL,
    username character varying(150) NOT NULL,
    first_name character varying(150) NOT NULL,
    last_name character varying(150) NOT NULL,
    email character varying(254) NOT NULL,
    is_staff boolean NOT NULL,
    is_active boolean NOT NULL,
    date_joined timestamp with time zone NOT NULL
);


ALTER TABLE public.auth_user OWNER TO aurora;

--
-- Name: auth_user_groups; Type: TABLE; Schema: public; Owner: aurora
--

CREATE TABLE public.auth_user_groups (
    id bigint NOT NULL,
    user_id integer NOT NULL,
    group_id integer NOT NULL
);


ALTER TABLE public.auth_user_groups OWNER TO aurora;

--
-- Name: auth_user_groups_id_seq; Type: SEQUENCE; Schema: public; Owner: aurora
--

ALTER TABLE public.auth_user_groups ALTER COLUMN id ADD GENERATED BY DEFAULT AS IDENTITY (
    SEQUENCE NAME public.auth_user_groups_id_seq
    START WITH 1
    INCREMENT BY 1
    NO MINVALUE
    NO MAXVALUE
    CACHE 1
);


--
-- Name: auth_user_id_seq; Type: SEQUENCE; Schema: public; Owner: aurora
--

ALTER TABLE public.auth_user ALTER COLUMN id ADD GENERATED BY DEFAULT AS IDENTITY (
    SEQUENCE NAME public.auth_user_id_seq
    START WITH 1
    INCREMENT BY 1
    NO MINVALUE
    NO MAXVALUE
    CACHE 1
);


--
-- Name: auth_user_user_permissions; Type: TABLE; Schema: public; Owner: aurora
--

CREATE TABLE public.auth_user_user_permissions (
    id bigint NOT NULL,
    user_id integer NOT NULL,
    permission_id integer NOT NULL
);


ALTER TABLE public.auth_user_user_permissions OWNER TO aurora;

--
-- Name: auth_user_user_permissions_id_seq; Type: SEQUENCE; Schema: public; Owner: aurora
--

ALTER TABLE public.auth_user_user_permissions ALTER COLUMN id ADD GENERATED BY DEFAULT AS IDENTITY (
    SEQUENCE NAME public.auth_user_user_permissions_id_seq
    START WITH 1
    INCREMENT BY 1
    NO MINVALUE
    NO MAXVALUE
    CACHE 1
);


--
-- Name: django_admin_log; Type: TABLE; Schema: public; Owner: aurora
--

CREATE TABLE public.django_admin_log (
    id integer NOT NULL,
    action_time timestamp with time zone NOT NULL,
    object_id text,
    object_repr character varying(200) NOT NULL,
    action_flag smallint NOT NULL,
    change_message text NOT NULL,
    content_type_id integer,
    user_id bigint NOT NULL,
    CONSTRAINT django_admin_log_action_flag_check CHECK ((action_flag >= 0))
);


ALTER TABLE public.django_admin_log OWNER TO aurora;

--
-- Name: django_admin_log_id_seq; Type: SEQUENCE; Schema: public; Owner: aurora
--

ALTER TABLE public.django_admin_log ALTER COLUMN id ADD GENERATED BY DEFAULT AS IDENTITY (
    SEQUENCE NAME public.django_admin_log_id_seq
    START WITH 1
    INCREMENT BY 1
    NO MINVALUE
    NO MAXVALUE
    CACHE 1
);


--
-- Name: django_content_type; Type: TABLE; Schema: public; Owner: aurora
--

CREATE TABLE public.django_content_type (
    id integer NOT NULL,
    app_label character varying(100) NOT NULL,
    model character varying(100) NOT NULL
);


ALTER TABLE public.django_content_type OWNER TO aurora;

--
-- Name: django_content_type_id_seq; Type: SEQUENCE; Schema: public; Owner: aurora
--

ALTER TABLE public.django_content_type ALTER COLUMN id ADD GENERATED BY DEFAULT AS IDENTITY (
    SEQUENCE NAME public.django_content_type_id_seq
    START WITH 1
    INCREMENT BY 1
    NO MINVALUE
    NO MAXVALUE
    CACHE 1
);


--
-- Name: django_migrations; Type: TABLE; Schema: public; Owner: aurora
--

CREATE TABLE public.django_migrations (
    id bigint NOT NULL,
    app character varying(255) NOT NULL,
    name character varying(255) NOT NULL,
    applied timestamp with time zone NOT NULL
);


ALTER TABLE public.django_migrations OWNER TO aurora;

--
-- Name: django_migrations_id_seq; Type: SEQUENCE; Schema: public; Owner: aurora
--

ALTER TABLE public.django_migrations ALTER COLUMN id ADD GENERATED BY DEFAULT AS IDENTITY (
    SEQUENCE NAME public.django_migrations_id_seq
    START WITH 1
    INCREMENT BY 1
    NO MINVALUE
    NO MAXVALUE
    CACHE 1
);


--
-- Name: django_session; Type: TABLE; Schema: public; Owner: aurora
--

CREATE TABLE public.django_session (
    session_key character varying(40) NOT NULL,
    session_data text NOT NULL,
    expire_date timestamp with time zone NOT NULL
);


ALTER TABLE public.django_session OWNER TO aurora;

--
-- Name: menu_app_category; Type: TABLE; Schema: public; Owner: aurora
--

CREATE TABLE public.menu_app_category (
    id bigint NOT NULL,
    created_time timestamp with time zone,
    update_time timestamp with time zone,
    name character varying(225) NOT NULL,
    slug character varying(50),
    created_by_id integer,
    restaurant_id bigint,
    update_by_id integer,
    "order" integer NOT NULL,
    is_active boolean NOT NULL
);


ALTER TABLE public.menu_app_category OWNER TO aurora;

--
-- Name: menu_app_category_id_seq; Type: SEQUENCE; Schema: public; Owner: aurora
--

ALTER TABLE public.menu_app_category ALTER COLUMN id ADD GENERATED BY DEFAULT AS IDENTITY (
    SEQUENCE NAME public.menu_app_category_id_seq
    START WITH 1
    INCREMENT BY 1
    NO MINVALUE
    NO MAXVALUE
    CACHE 1
);


--
-- Name: menu_app_menu; Type: TABLE; Schema: public; Owner: aurora
--

CREATE TABLE public.menu_app_menu (
    id bigint NOT NULL,
    created_time timestamp with time zone,
    update_time timestamp with time zone,
    name character varying(225),
    description text,
    price integer,
    photo character varying(100),
    is_active boolean NOT NULL,
    category_id bigint,
    created_by_id integer,
    restaurant_id bigint,
    update_by_id integer,
    availability boolean NOT NULL
);


ALTER TABLE public.menu_app_menu OWNER TO aurora;

--
-- Name: menu_app_menu_id_seq; Type: SEQUENCE; Schema: public; Owner: aurora
--

ALTER TABLE public.menu_app_menu ALTER COLUMN id ADD GENERATED BY DEFAULT AS IDENTITY (
    SEQUENCE NAME public.menu_app_menu_id_seq
    START WITH 1
    INCREMENT BY 1
    NO MINVALUE
    NO MAXVALUE
    CACHE 1
);


--
-- Name: menu_app_promo; Type: TABLE; Schema: public; Owner: aurora
--

CREATE TABLE public.menu_app_promo (
    id bigint NOT NULL,
    created_time timestamp with time zone,
    update_time timestamp with time zone,
    name character varying(225),
    description text,
    photo character varying(100),
    price integer,
    is_active boolean NOT NULL,
    created_by_id integer,
    restaurant_id bigint,
    update_by_id integer,
    CONSTRAINT menu_app_promo_price_check CHECK ((price >= 0))
);


ALTER TABLE public.menu_app_promo OWNER TO aurora;

--
-- Name: menu_app_promo_id_seq; Type: SEQUENCE; Schema: public; Owner: aurora
--

ALTER TABLE public.menu_app_promo ALTER COLUMN id ADD GENERATED BY DEFAULT AS IDENTITY (
    SEQUENCE NAME public.menu_app_promo_id_seq
    START WITH 1
    INCREMENT BY 1
    NO MINVALUE
    NO MAXVALUE
    CACHE 1
);


--
-- Name: menu_app_restaurant; Type: TABLE; Schema: public; Owner: aurora
--

CREATE TABLE public.menu_app_restaurant (
    id bigint NOT NULL,
    created_time timestamp with time zone,
    update_time timestamp with time zone,
    name character varying(225),
    address character varying(225) NOT NULL,
    background_photo character varying(100),
    logo character varying(100),
    created_by_id integer,
    update_by_id integer,
    user_id integer,
    instagram_link character varying(255),
    is_active boolean NOT NULL,
    telegram_link character varying(255),
    availability_orders boolean NOT NULL,
    orders_chat_id integer,
    waiter_chat_id integer
);


ALTER TABLE public.menu_app_restaurant OWNER TO aurora;

--
-- Name: menu_app_restaurant_id_seq; Type: SEQUENCE; Schema: public; Owner: aurora
--

ALTER TABLE public.menu_app_restaurant ALTER COLUMN id ADD GENERATED BY DEFAULT AS IDENTITY (
    SEQUENCE NAME public.menu_app_restaurant_id_seq
    START WITH 1
    INCREMENT BY 1
    NO MINVALUE
    NO MAXVALUE
    CACHE 1
);


--
-- Name: users_user; Type: TABLE; Schema: public; Owner: aurora
--

CREATE TABLE public.users_user (
    id bigint NOT NULL,
    password character varying(128) NOT NULL,
    last_login timestamp with time zone,
    is_superuser boolean NOT NULL,
    first_name character varying(255),
    last_name character varying(255),
    email character varying(254),
    phone character varying(14),
    telegram_id bigint,
    user_registered_at timestamp with time zone,
    is_active boolean NOT NULL,
    is_staff boolean NOT NULL,
    is_user boolean NOT NULL,
    is_vendor boolean NOT NULL,
    CONSTRAINT users_user_telegram_id_check CHECK ((telegram_id >= 0))
);


ALTER TABLE public.users_user OWNER TO aurora;

--
-- Name: users_user_groups; Type: TABLE; Schema: public; Owner: aurora
--

CREATE TABLE public.users_user_groups (
    id bigint NOT NULL,
    user_id bigint NOT NULL,
    group_id integer NOT NULL
);


ALTER TABLE public.users_user_groups OWNER TO aurora;

--
-- Name: users_user_groups_id_seq; Type: SEQUENCE; Schema: public; Owner: aurora
--

ALTER TABLE public.users_user_groups ALTER COLUMN id ADD GENERATED BY DEFAULT AS IDENTITY (
    SEQUENCE NAME public.users_user_groups_id_seq
    START WITH 1
    INCREMENT BY 1
    NO MINVALUE
    NO MAXVALUE
    CACHE 1
);


--
-- Name: users_user_id_seq; Type: SEQUENCE; Schema: public; Owner: aurora
--

ALTER TABLE public.users_user ALTER COLUMN id ADD GENERATED BY DEFAULT AS IDENTITY (
    SEQUENCE NAME public.users_user_id_seq
    START WITH 1
    INCREMENT BY 1
    NO MINVALUE
    NO MAXVALUE
    CACHE 1
);


--
-- Name: users_user_user_permissions; Type: TABLE; Schema: public; Owner: aurora
--

CREATE TABLE public.users_user_user_permissions (
    id bigint NOT NULL,
    user_id bigint NOT NULL,
    permission_id integer NOT NULL
);


ALTER TABLE public.users_user_user_permissions OWNER TO aurora;

--
-- Name: users_user_user_permissions_id_seq; Type: SEQUENCE; Schema: public; Owner: aurora
--

ALTER TABLE public.users_user_user_permissions ALTER COLUMN id ADD GENERATED BY DEFAULT AS IDENTITY (
    SEQUENCE NAME public.users_user_user_permissions_id_seq
    START WITH 1
    INCREMENT BY 1
    NO MINVALUE
    NO MAXVALUE
    CACHE 1
);


--
-- Data for Name: auth_group; Type: TABLE DATA; Schema: public; Owner: aurora
--

COPY public.auth_group (id, name) FROM stdin;
\.


--
-- Data for Name: auth_group_permissions; Type: TABLE DATA; Schema: public; Owner: aurora
--

COPY public.auth_group_permissions (id, group_id, permission_id) FROM stdin;
\.


--
-- Data for Name: auth_permission; Type: TABLE DATA; Schema: public; Owner: aurora
--

COPY public.auth_permission (id, name, content_type_id, codename) FROM stdin;
1	Can add log entry	1	add_logentry
2	Can change log entry	1	change_logentry
3	Can delete log entry	1	delete_logentry
4	Can view log entry	1	view_logentry
5	Can add permission	2	add_permission
6	Can change permission	2	change_permission
7	Can delete permission	2	delete_permission
8	Can view permission	2	view_permission
9	Can add group	3	add_group
10	Can change group	3	change_group
11	Can delete group	3	delete_group
12	Can view group	3	view_group
13	Can add user	4	add_user
14	Can change user	4	change_user
15	Can delete user	4	delete_user
16	Can view user	4	view_user
17	Can add content type	5	add_contenttype
18	Can change content type	5	change_contenttype
19	Can delete content type	5	delete_contenttype
20	Can view content type	5	view_contenttype
21	Can add session	6	add_session
22	Can change session	6	change_session
23	Can delete session	6	delete_session
24	Can view session	6	view_session
25	Can add category	7	add_category
26	Can change category	7	change_category
27	Can delete category	7	delete_category
28	Can view category	7	view_category
29	Can add restaurant	8	add_restaurant
30	Can change restaurant	8	change_restaurant
31	Can delete restaurant	8	delete_restaurant
32	Can view restaurant	8	view_restaurant
33	Can add menu	9	add_menu
34	Can change menu	9	change_menu
35	Can delete menu	9	delete_menu
36	Can view menu	9	view_menu
37	Can add promo	10	add_promo
38	Can change promo	10	change_promo
39	Can delete promo	10	delete_promo
40	Can view promo	10	view_promo
41	Can add user	11	add_user
42	Can change user	11	change_user
43	Can delete user	11	delete_user
44	Can view user	11	view_user
\.


--
-- Data for Name: auth_user; Type: TABLE DATA; Schema: public; Owner: aurora
--

COPY public.auth_user (id, password, last_login, is_superuser, username, first_name, last_name, email, is_staff, is_active, date_joined) FROM stdin;
6	pbkdf2_sha256$600000$wGcBIIlHt7jp6aG00PWkEl$pUGvIFnmubIqhJK6x1nam9ZWFlS7ecNLHRLuI4SRRgM=	\N	f	theplov	The	Plov		f	t	2024-06-25 13:42:01+00
2	pbkdf2_sha256$600000$4gxv41BR91wyDesdw2qDHo$kHOogXkdOqG6YrPvQxl+Ls4/6arL6krT9wYUuHGWcSs=	\N	t	staff	Yusuf	Umidjonovich		t	t	2024-03-04 19:35:32+00
5	pbkdf2_sha256$600000$girKaYXVIUmKrYWnJcUhPk$HfVautT8DLA6HsncLIq7RPn/EBgLwG9YPrsoyuUxSeo=	2024-05-30 16:06:43+00	f	craft	Craft	Burger		f	t	2024-05-30 16:04:20+00
7	pbkdf2_sha256$600000$ILi3Cvf6f8Bo86205x4us7$FYpaeU2cr68b6pWgOs7uBKP2WBRX8MUR0uxGzBWjGNE=	\N	f	bon-bon	Bon	Bon		f	t	2024-12-29 13:44:28+00
4	pbkdf2_sha256$600000$YCtZucV7o5Nx3zPW6M1d2J$R43vLZXgnQR+RmvE1wO8G6/pd9BtZVPpPsmJtuWmau0=	\N	f	joy				f	t	2024-04-08 05:48:16.31396+00
1	pbkdf2_sha256$600000$9LsAmaqGvfVFaZX8LoIWfj$7labrEDUpJ5g6D0aqc743VHeH/aBRS8JW6nPeCuaCM0=	2025-03-05 05:50:04.528544+00	t	admin	Supereme			t	t	2024-03-04 12:14:37+00
3	pbkdf2_sha256$600000$0jmdhnz6Pf4fFDAW0Ov58Y$6TEHrutf2nO8IbKPjyivbEB/iQC7+tJu9WmATbRSUSk=	\N	f	test	John	Doe		f	t	2024-03-04 19:35:49+00
\.


--
-- Data for Name: auth_user_groups; Type: TABLE DATA; Schema: public; Owner: aurora
--

COPY public.auth_user_groups (id, user_id, group_id) FROM stdin;
\.


--
-- Data for Name: auth_user_user_permissions; Type: TABLE DATA; Schema: public; Owner: aurora
--

COPY public.auth_user_user_permissions (id, user_id, permission_id) FROM stdin;
1	7	32
2	7	33
3	7	34
4	7	35
5	7	36
6	7	37
7	7	38
8	7	39
9	7	40
10	7	25
11	7	26
12	7	27
13	7	28
14	7	29
15	7	30
16	7	31
\.


--
-- Data for Name: django_admin_log; Type: TABLE DATA; Schema: public; Owner: aurora
--

COPY public.django_admin_log (id, action_time, object_id, object_repr, action_flag, change_message, content_type_id, user_id) FROM stdin;
1	2025-03-07 19:38:30.112603+00	1	Super Admin – +998881836222	2	[{"changed": {"fields": ["User permissions", "First name", "Last name", "Email", "Telegram id"]}}]	11	1
2	2025-03-07 19:39:29.391849+00	3	Olivia	2	[{"changed": {"fields": ["Created by", "Update by", "User"]}}]	8	1
3	2025-03-07 19:39:56.835562+00	5	Craft Burger	2	[{"changed": {"fields": ["Created by", "Update by", "User"]}}]	8	1
4	2025-03-07 19:40:20.094401+00	7	Bon Bon	2	[{"changed": {"fields": ["Created by", "Update by", "User"]}}]	8	1
5	2025-03-07 20:09:47.076254+00	3	Люла Кебаб in Olivia	2	[{"changed": {"fields": ["Photo"]}}]	9	1
6	2025-03-07 20:10:30.007136+00	4	Шашлык in Olivia	2	[{"changed": {"fields": ["Photo"]}}]	9	1
7	2025-03-09 14:08:46.727363+00	1	Pasta House	2	[{"changed": {"fields": ["User"]}}]	8	1
8	2025-03-09 14:31:40.745489+00	2	Gulyamov Mirzogulyam – +998934733223	2	[{"changed": {"fields": ["Superuser status", "User permissions", "Is staff", "Is vendor"]}}]	11	1
9	2025-03-09 14:33:13.330497+00	3	Olivia	2	[{"changed": {"fields": ["User"]}}]	8	1
10	2025-03-09 14:37:13.453836+00	3	Olivia	2	[{"changed": {"fields": ["Created by", "Update by"]}}]	8	1
11	2025-03-16 06:58:47.11008+00	3	Olivia	2	[{"changed": {"fields": ["Availability orders"]}}]	8	1
12	2025-03-16 06:59:01.005971+00	3	Olivia	2	[{"changed": {"fields": ["Availability orders"]}}]	8	1
\.


--
-- Data for Name: django_content_type; Type: TABLE DATA; Schema: public; Owner: aurora
--

COPY public.django_content_type (id, app_label, model) FROM stdin;
1	admin	logentry
2	auth	permission
3	auth	group
4	auth	user
5	contenttypes	contenttype
6	sessions	session
7	menu_app	category
8	menu_app	restaurant
9	menu_app	menu
10	menu_app	promo
11	users	user
\.


--
-- Data for Name: django_migrations; Type: TABLE DATA; Schema: public; Owner: aurora
--

COPY public.django_migrations (id, app, name, applied) FROM stdin;
1	contenttypes	0001_initial	2024-03-04 12:09:25.711402+00
2	auth	0001_initial	2024-03-04 12:09:25.816029+00
6	contenttypes	0002_remove_content_type_name	2024-03-04 12:09:25.875928+00
7	auth	0002_alter_permission_name_max_length	2024-03-04 12:09:25.88439+00
8	auth	0003_alter_user_email_max_length	2024-03-04 12:09:25.892512+00
9	auth	0004_alter_user_username_opts	2024-03-04 12:09:25.900528+00
10	auth	0005_alter_user_last_login_null	2024-03-04 12:09:25.910153+00
11	auth	0006_require_contenttypes_0002	2024-03-04 12:09:25.91304+00
12	auth	0007_alter_validators_add_error_messages	2024-03-04 12:09:25.920124+00
13	auth	0008_alter_user_username_max_length	2024-03-04 12:09:25.932479+00
14	auth	0009_alter_user_last_name_max_length	2024-03-04 12:09:25.940682+00
15	auth	0010_alter_group_name_max_length	2024-03-04 12:09:25.949815+00
16	auth	0011_update_proxy_permissions	2024-03-04 12:09:25.957283+00
17	auth	0012_alter_user_first_name_max_length	2024-03-04 12:09:25.96526+00
18	menu_app	0001_initial	2024-03-04 12:09:26.094813+00
19	menu_app	0002_category_order	2024-03-04 12:09:26.106413+00
20	menu_app	0003_alter_category_options_promo	2024-03-04 12:09:26.149759+00
21	menu_app	0004_alter_menu_description	2024-03-04 12:09:26.191452+00
22	menu_app	0005_alter_promo_info_alter_promo_name_alter_promo_photo	2024-03-04 12:09:26.220317+00
23	sessions	0001_initial	2024-03-04 12:09:26.242185+00
24	menu_app	0006_category_is_active_menu_availability_and_more	2024-04-28 16:13:06.660165+00
25	menu_app	0007_alter_category_is_active	2024-04-28 19:23:01.515147+00
26	menu_app	0008_rename_info_promo_description	2024-06-07 20:24:38.978479+00
27	menu_app	0009_restaurant_availability_orders_and_more	2024-06-16 08:19:23.617839+00
28	menu_app	0010_alter_restaurant_orders_chat_id_and_more	2024-06-26 14:01:05.226092+00
29	menu_app	0011_alter_restaurant_orders_chat_id_and_more	2024-06-26 14:05:20.221325+00
30	menu_app	0012_alter_restaurant_orders_chat_id_and_more	2024-06-26 14:11:51.68796+00
31	menu_app	0013_remove_menu_slug_remove_restaurant_slug	2024-12-10 17:27:21.405714+00
32	users	0001_initial	2025-03-07 19:31:21.836472+00
33	admin	0001_initial	2025-03-07 19:31:43.007969+00
34	admin	0002_logentry_remove_auto_add	2025-03-07 19:31:43.018538+00
35	admin	0003_logentry_add_action_flag_choices	2025-03-07 19:31:43.030005+00
36	menu_app	0002_rename_adress_restaurant_address_and_more	2025-03-09 13:43:02.151739+00
\.


--
-- Data for Name: django_session; Type: TABLE DATA; Schema: public; Owner: aurora
--

COPY public.django_session (session_key, session_data, expire_date) FROM stdin;
qdaybb4n8enefuomp4x7449svd7ov636	.eJxVjMEOwiAQRP-FsyFABbYevfsNZJcFqRpISnsy_rtt0oPeJvPezFsEXJcS1p7mMLG4CC1Ovx1hfKa6A35gvTcZW13mieSuyIN2eWucXtfD_Tso2Mu2JkcqjyOB9QNgQpsMYDwDRKUZrMkDKJPJeSYTaYvoMbFG0No4NCw-X_D3OFQ:1rh7E8:eMehFIdCD7Aw_uh627sdP9tIVHnz16ZDq9q7vyb84kA	2024-03-18 12:15:28.971773+00
tqsq2vwc3fbkcxhqyxoe4g000wg6fc97	.eJxVjMEOwiAQRP-FsyFABbYevfsNZJcFqRpISnsy_rtt0oPeJvPezFsEXJcS1p7mMLG4CC1Ovx1hfKa6A35gvTcZW13mieSuyIN2eWucXtfD_Tso2Mu2JkcqjyOB9QNgQpsMYDwDRKUZrMkDKJPJeSYTaYvoMbFG0No4NCw-X_D3OFQ:1rh7Eh:s8oSJ__LU2nkByAZ9qWOJeYvrQfdk2NWKWZ2ZlDuw4Q	2024-03-18 12:16:03.275089+00
bpzt1vc9om4ecetnljfzj31gzl5lqyj4	.eJxVjMEOwiAQRP-FsyFABbYevfsNZJcFqRpISnsy_rtt0oPeJvPezFsEXJcS1p7mMLG4CC1Ovx1hfKa6A35gvTcZW13mieSuyIN2eWucXtfD_Tso2Mu2JkcqjyOB9QNgQpsMYDwDRKUZrMkDKJPJeSYTaYvoMbFG0No4NCw-X_D3OFQ:1rh81e:vOpA0y3ssgbJgSUKGdCWEfnOnyKhuKrgAdl6GsHX-IQ	2024-03-18 13:06:38.247058+00
smmd4ro72kirwbfcw84cxd4zvanzzxs7	.eJxVjMEOwiAQRP-FsyFABbYevfsNZJcFqRpISnsy_rtt0oPeJvPezFsEXJcS1p7mMLG4CC1Ovx1hfKa6A35gvTcZW13mieSuyIN2eWucXtfD_Tso2Mu2JkcqjyOB9QNgQpsMYDwDRKUZrMkDKJPJeSYTaYvoMbFG0No4NCw-X_D3OFQ:1rhof8:I6XFLeGU6b5BMEQ3aOlMoiRdeknlp9sL-zlLSc2UgKE	2024-03-20 10:38:14.09638+00
h31o82hblz3vmpqxi1zez90xyyi2e6q7	.eJxVjMEOwiAQRP-FsyFABbYevfsNZJcFqRpISnsy_rtt0oPeJvPezFsEXJcS1p7mMLG4CC1Ovx1hfKa6A35gvTcZW13mieSuyIN2eWucXtfD_Tso2Mu2JkcqjyOB9QNgQpsMYDwDRKUZrMkDKJPJeSYTaYvoMbFG0No4NCw-X_D3OFQ:1roJS1:AW33fIMPdkghVZPP2yq3kjlY--LkksMclzs_PcXDqRs	2024-04-07 08:43:33.676204+00
x0uavqx2k063tlxpwzzrlq1zkh3mcp6p	.eJxVjMEOwiAQRP-FsyFABbYevfsNZJcFqRpISnsy_rtt0oPeJvPezFsEXJcS1p7mMLG4CC1Ovx1hfKa6A35gvTcZW13mieSuyIN2eWucXtfD_Tso2Mu2JkcqjyOB9QNgQpsMYDwDRKUZrMkDKJPJeSYTaYvoMbFG0No4NCw-X_D3OFQ:1roO3H:KEflD732Zb0XFDVUruFZu20NtZu8UZ3pfOT0i-juX6I	2024-04-07 13:38:19.68184+00
03oknnr11dsndwhc26gg41k21tvywj2i	.eJxVjMEOwiAQRP-FsyFABbYevfsNZJcFqRpISnsy_rtt0oPeJvPezFsEXJcS1p7mMLG4CC1Ovx1hfKa6A35gvTcZW13mieSuyIN2eWucXtfD_Tso2Mu2JkcqjyOB9QNgQpsMYDwDRKUZrMkDKJPJeSYTaYvoMbFG0No4NCw-X_D3OFQ:1rtho1:BI8o0BucvCv-is-TvFnG4jh268r_OFlAzrl9_cVJz4I	2024-04-22 05:44:33.040688+00
cktuba8m7jna6kdm6blf17alj1b54npz	.eJxVjMEOwiAQRP-FsyFABbYevfsNZJcFqRpISnsy_rtt0oPeJvPezFsEXJcS1p7mMLG4CC1Ovx1hfKa6A35gvTcZW13mieSuyIN2eWucXtfD_Tso2Mu2JkcqjyOB9QNgQpsMYDwDRKUZrMkDKJPJeSYTaYvoMbFG0No4NCw-X_D3OFQ:1rxqNj:inE966c3AnTB150-DcNCoIiUblNqRxpKl0eR6ma-ahk	2024-05-03 15:42:31.589681+00
ifdevm7ds2u2p143sv2mepj20houqa4l	.eJxVjMEOwiAQRP-FsyFABbYevfsNZJcFqRpISnsy_rtt0oPeJvPezFsEXJcS1p7mMLG4CC1Ovx1hfKa6A35gvTcZW13mieSuyIN2eWucXtfD_Tso2Mu2JkcqjyOB9QNgQpsMYDwDRKUZrMkDKJPJeSYTaYvoMbFG0No4NCw-X_D3OFQ:1ryBYK:m_BVj73MAfJzSjgfqik5YalLXWPLqf7-ASINVaIP6Tc	2024-05-04 14:18:52.872127+00
sqbao14zcg2ubkid4lk1royd53xrbd1o	.eJxVjMEOwiAQRP-FsyFABbYevfsNZJcFqRpISnsy_rtt0oPeJvPezFsEXJcS1p7mMLG4CC1Ovx1hfKa6A35gvTcZW13mieSuyIN2eWucXtfD_Tso2Mu2JkcqjyOB9QNgQpsMYDwDRKUZrMkDKJPJeSYTaYvoMbFG0No4NCw-X_D3OFQ:1rzDsD:XKf6PuyedNabccWJVbqhli_Xl8v2_aOxUPPoeRfSiqk	2024-05-07 10:59:41.254634+00
oddrvzk3vs0vpa1or8n6v4cwyuvu9qjk	.eJxVjMEOwiAQRP-FsyFABbYevfsNZJcFqRpISnsy_rtt0oPeJvPezFsEXJcS1p7mMLG4CC1Ovx1hfKa6A35gvTcZW13mieSuyIN2eWucXtfD_Tso2Mu2JkcqjyOB9QNgQpsMYDwDRKUZrMkDKJPJeSYTaYvoMbFG0No4NCw-X_D3OFQ:1s02IT:xHcfwIYD2JRMkomxXGqWtHUUOWz56XoSEPgBOxECB5s	2024-05-09 16:50:09.629172+00
e97xqukuqt7lo5awx4cranytdbrg90ic	.eJxVjMEOwiAQRP-FsyFABbYevfsNZJcFqRpISnsy_rtt0oPeJvPezFsEXJcS1p7mMLG4CC1Ovx1hfKa6A35gvTcZW13mieSuyIN2eWucXtfD_Tso2Mu2JkcqjyOB9QNgQpsMYDwDRKUZrMkDKJPJeSYTaYvoMbFG0No4NCw-X_D3OFQ:1s033C:vTHFP7Om8KrMmprAbdStTZEhY4lvWAx_rqFW8agNcG8	2024-05-09 17:38:26.312394+00
y5xx0addpfqgpny7ycbiz3dpa9xc2pwf	.eJxVjMEOwiAQRP-FsyFABbYevfsNZJcFqRpISnsy_rtt0oPeJvPezFsEXJcS1p7mMLG4CC1Ovx1hfKa6A35gvTcZW13mieSuyIN2eWucXtfD_Tso2Mu2JkcqjyOB9QNgQpsMYDwDRKUZrMkDKJPJeSYTaYvoMbFG0No4NCw-X_D3OFQ:1s0iyC:VLwLQGcBJrl2nNVnea5EC2xTdKDO3LM1B6XkSPFlHgg	2024-05-11 14:24:04.797942+00
pl11y1cdu7dthivd3l3ari1f3b8vrkeu	.eJxVjMEOwiAQRP-FsyFABbYevfsNZJcFqRpISnsy_rtt0oPeJvPezFsEXJcS1p7mMLG4CC1Ovx1hfKa6A35gvTcZW13mieSuyIN2eWucXtfD_Tso2Mu2JkcqjyOB9QNgQpsMYDwDRKUZrMkDKJPJeSYTaYvoMbFG0No4NCw-X_D3OFQ:1s6eqW:77jOVpHQvba4rMBHmEk1NJ_AgLSou_Okz8Pgpnb9IhI	2024-05-27 23:12:40.875679+00
j1md9kx3lmgjm8flazwbk76uyp15ejyp	.eJxVjMEOwiAQRP-FsyFABbYevfsNZJcFqRpISnsy_rtt0oPeJvPezFsEXJcS1p7mMLG4CC1Ovx1hfKa6A35gvTcZW13mieSuyIN2eWucXtfD_Tso2Mu2JkcqjyOB9QNgQpsMYDwDRKUZrMkDKJPJeSYTaYvoMbFG0No4NCw-X_D3OFQ:1sAEsM:D4kaE5oDXZ2ZV-zUKXKO1S7BpkjAhnn6wQExhh4gatI	2024-06-06 20:17:22.025116+00
kuxqjmuzxdkbxglahuivzfzon226inoz	.eJxVjMEOwiAQRP-FsyFABbYevfsNZJcFqRpISnsy_rtt0oPeJvPezFsEXJcS1p7mMLG4CC1Ovx1hfKa6A35gvTcZW13mieSuyIN2eWucXtfD_Tso2Mu2JkcqjyOB9QNgQpsMYDwDRKUZrMkDKJPJeSYTaYvoMbFG0No4NCw-X_D3OFQ:1sCiIw:KDiYbBnAC2Igoma9WXeF8fBemFuoKxltKZAxB69Hfk8	2024-06-13 16:07:02.772048+00
qs0zia48d7dn8x8otbziugu3rseijo4p	.eJxVjMsOwiAQRf-FtSFQ3i7d-w1khgGpGkhKuzL-uzbpQrf3nHNfLMK21riNvMSZ2JlJdvrdENIjtx3QHdqt89TbuszId4UfdPBrp_y8HO7fQYVRv3VWiCkE6YzLSpgJMNjkpLCkLSAZV4RHcNInD0EEB2YqPhdBSuukS2DvD-HwN-E:1sIk2w:_GB4197OJvbTLMSRAON6YqIyep90T1AWFhGHFoMuvRM	2024-06-30 07:11:26.449194+00
jlb2eqar3591qedrix1exp1z6xgvrg31	.eJxVjMsOwiAQRf-FtSFQ3i7d-w1khgGpGkhKuzL-uzbpQrf3nHNfLMK21riNvMSZ2JlJdvrdENIjtx3QHdqt89TbuszId4UfdPBrp_y8HO7fQYVRv3VWiCkE6YzLSpgJMNjkpLCkLSAZV4RHcNInD0EEB2YqPhdBSuukS2DvD-HwN-E:1sIlCG:0g2ziYjIGCRNtRepNGNTQXN0YyUgXw5_rszYWco164M	2024-06-30 08:25:08.888394+00
vln1rzzl1xfmc9x42miwucestw6ox35j	.eJxVjMsOwiAQRf-FtSFQ3i7d-w1khgGpGkhKuzL-uzbpQrf3nHNfLMK21riNvMSZ2JlJdvrdENIjtx3QHdqt89TbuszId4UfdPBrp_y8HO7fQYVRv3VWiCkE6YzLSpgJMNjkpLCkLSAZV4RHcNInD0EEB2YqPhdBSuukS2DvD-HwN-E:1sNw5Y:H2egwJ8C_23g_lgFuJQwAMC2uvSjnWe700eezZHMp_0	2024-07-14 15:03:36.125522+00
i025s2n9kkqnx6bdnegz5aods33fzhcn	.eJxVjMsOwiAQRf-FtSFQ3i7d-w1khgGpGkhKuzL-uzbpQrf3nHNfLMK21riNvMSZ2JlJdvrdENIjtx3QHdqt89TbuszId4UfdPBrp_y8HO7fQYVRv3VWiCkE6YzLSpgJMNjkpLCkLSAZV4RHcNInD0EEB2YqPhdBSuukS2DvD-HwN-E:1sPl6d:l2_nCrCeQgpIhejGk3vACayty0bdfkgOJB0AeY7hG-g	2024-07-19 15:44:15.948193+00
xva21ujrscbzwi8fdw7ctj16inedjdzd	.eJxVjMsOwiAQRf-FtSFQ3i7d-w1khgGpGkhKuzL-uzbpQrf3nHNfLMK21riNvMSZ2JlJdvrdENIjtx3QHdqt89TbuszId4UfdPBrp_y8HO7fQYVRv3VWiCkE6YzLSpgJMNjkpLCkLSAZV4RHcNInD0EEB2YqPhdBSuukS2DvD-HwN-E:1sR7pp:a7FQnpn4nuxsWM-xv8ks8P--ftpyoAy_TDv_ti___2s	2024-07-23 10:12:33.319792+00
xgak2w1sj9g61at7leqv1patxdbe8q0u	.eJxVjMsOwiAQRf-FtSFQ3i7d-w1khgGpGkhKuzL-uzbpQrf3nHNfLMK21riNvMSZ2JlJdvrdENIjtx3QHdqt89TbuszId4UfdPBrp_y8HO7fQYVRv3VWiCkE6YzLSpgJMNjkpLCkLSAZV4RHcNInD0EEB2YqPhdBSuukS2DvD-HwN-E:1tL3fM:joquRJXPSyCkuplsO--BPlPZiYMIBNr_4Cbx8KlpUY4	2024-12-24 17:04:56.999008+00
mvmetiqrelguc82541it333gbl1628l3	.eJxVjMsOwiAQRf-FtSFQ3i7d-w1khgGpGkhKuzL-uzbpQrf3nHNfLMK21riNvMSZ2JlJdvrdENIjtx3QHdqt89TbuszId4UfdPBrp_y8HO7fQYVRv3VWiCkE6YzLSpgJMNjkpLCkLSAZV4RHcNInD0EEB2YqPhdBSuukS2DvD-HwN-E:1tL3hV:u0y2Yuh_0s_a6kntxGCBHvTcOgwXYmNDhHu0GuzimYI	2024-12-24 17:07:09.517538+00
1oqindo426471yg3p4f1z58e8cgkozpa	.eJxVjMsOwiAQRf-FtSFQ3i7d-w1khgGpGkhKuzL-uzbpQrf3nHNfLMK21riNvMSZ2JlJdvrdENIjtx3QHdqt89TbuszId4UfdPBrp_y8HO7fQYVRv3VWiCkE6YzLSpgJMNjkpLCkLSAZV4RHcNInD0EEB2YqPhdBSuukS2DvD-HwN-E:1tL3xB:8HSZ1UfutfiwVO04AV7qXOeq62VAcLPVxd9QJBnKW2M	2024-12-24 17:23:21.162364+00
dkh1t65u9363b18mh55f24ik829hcbbs	.eJxVjMsOwiAQRf-FtSFQ3i7d-w1khgGpGkhKuzL-uzbpQrf3nHNfLMK21riNvMSZ2JlJdvrdENIjtx3QHdqt89TbuszId4UfdPBrp_y8HO7fQYVRv3VWiCkE6YzLSpgJMNjkpLCkLSAZV4RHcNInD0EEB2YqPhdBSuukS2DvD-HwN-E:1tRtKr:qJQ86z3yx_fgBpKKuvYXB8SdjkMvH8cb22fJtlI1XPM	2025-01-12 13:28:01.132485+00
75oxhb5qjd7utahgf7v1jr67e3y1u1mf	.eJxVjMsOwiAQRf-FtSFQ3i7d-w1khgGpGkhKuzL-uzbpQrf3nHNfLMK21riNvMSZ2JlJdvrdENIjtx3QHdqt89TbuszId4UfdPBrp_y8HO7fQYVRv3VWiCkE6YzLSpgJMNjkpLCkLSAZV4RHcNInD0EEB2YqPhdBSuukS2DvD-HwN-E:1tXGyN:N-w40hgYV28CudHNXiBWnYWPiaLRrkpu5FqwzJtlpeo	2025-01-27 09:43:03.698326+00
kexkq579vp0rsmlwc9mr4z03i9wivow9	.eJxVjMsOwiAQRf-FtSFQ3i7d-w1khgGpGkhKuzL-uzbpQrf3nHNfLMK21riNvMSZ2JlJdvrdENIjtx3QHdqt89TbuszId4UfdPBrp_y8HO7fQYVRv3VWiCkE6YzLSpgJMNjkpLCkLSAZV4RHcNInD0EEB2YqPhdBSuukS2DvD-HwN-E:1teTqf:YQThAKRf9ingHFnRxropcs892Yi97yZoHSGhZzfEub4	2025-02-16 06:52:53.163768+00
snenwroxevwld4d4b940o33pac8nahrc	.eJxVjMsOwiAQRf-FtSFQ3i7d-w1khgGpGkhKuzL-uzbpQrf3nHNfLMK21riNvMSZ2JlJdvrdENIjtx3QHdqt89TbuszId4UfdPBrp_y8HO7fQYVRv3VWiCkE6YzLSpgJMNjkpLCkLSAZV4RHcNInD0EEB2YqPhdBSuukS2DvD-HwN-E:1tfAxp:oANxDnpM3oMQFyUhG2cBsGo9vkOnhWfsa8JIPNQzGWs	2025-02-18 04:55:09.641298+00
c3egcham7so1vksjrjd06x3567nxt4jr	.eJxVjDsOwjAQBe_iGln-4Q8lPWewvOs1DiBbipMKcXcSKQW0b2bem8W0LjWug-Y4ZXZhkp1-N0j4pLaD_Ejt3jn2tswT8F3hBx381jO9rof7d1DTqFvtPIlkbBBC2ZCNxQC56HMA49ADOY8giwWDhXRWmkCh9gUxORnEFrDPF-ghOHM:1trHKW:iQJ1NEdopK1FjiPZ2wmLtbdk227JBAO_sh-ieuxNU4M	2025-03-23 14:08:36.838529+00
ipzp255c118yzf26nvt8wh0hntcplqqo	.eJxVjDsOwjAQBe_iGln-4Q8lPWewvOs1DiBbipMKcXcSKQW0b2bem8W0LjWug-Y4ZXZhkp1-N0j4pLaD_Ejt3jn2tswT8F3hBx381jO9rof7d1DTqFvtPIlkbBBC2ZCNxQC56HMA49ADOY8giwWDhXRWmkCh9gUxORnEFrDPF-ghOHM:1tthx3:_d_55eQbaF_m0YghiqhDcahXxEcdrkSu_lP2ETw1beQ	2025-03-30 06:58:25.554957+00
\.


--
-- Data for Name: menu_app_category; Type: TABLE DATA; Schema: public; Owner: aurora
--

COPY public.menu_app_category (id, created_time, update_time, name, slug, created_by_id, restaurant_id, update_by_id, "order", is_active) FROM stdin;
41	2024-05-30 16:34:35.969494+00	2025-01-24 14:30:42.812073+00	Напитки	-25	5	5	5	11	t
62	2025-01-19 14:50:47.923048+00	2025-01-31 09:37:21.986006+00	Хот дог	-36	7	7	7	10	t
63	2025-01-19 15:00:18.304151+00	2025-01-31 09:37:21.99017+00	Бургеры	-37	7	7	7	11	t
38	2024-05-30 16:34:04.962426+00	2025-01-24 14:31:46.403121+00	Side-dish	side-dish	5	5	5	7	t
22	2024-04-25 18:00:53.366791+00	2024-04-25 20:00:20.721277+00	Салаты	-10	4	4	4	2	t
8	2024-03-06 06:27:25.301987+00	2025-03-12 06:11:34.021233+00	Аппетайзеры	-8	3	3	3	0	t
24	2024-04-25 18:01:37.767888+00	2024-04-25 20:00:20.725282+00	Горячие закуски	-12	4	4	4	4	t
26	2024-04-25 18:02:19.662827+00	2024-04-25 20:00:20.729735+00	Национальная кухня	-14	4	4	4	6	t
28	2024-04-25 18:02:44.664871+00	2024-04-25 20:00:20.734248+00	Гарниры	-16	4	4	4	8	t
29	2024-04-25 18:02:55.037752+00	2024-04-25 20:00:20.736263+00	Десерты	-17	4	4	4	9	t
23	2024-04-25 18:01:18.454535+00	2024-04-28 19:01:31.616963+00	Холодные закуски	-11	4	4	4	3	f
25	2024-04-25 18:01:52.72704+00	2024-04-28 19:05:56.065973+00	Первые блюда	-13	4	4	4	5	f
64	2025-01-20 15:48:27.022369+00	2025-01-31 09:37:21.992363+00	Пицца Американская	-38	7	7	7	12	t
65	2025-01-25 07:35:05.216197+00	2025-01-31 09:37:21.994401+00	Пицца Итальянский	-39	7	7	7	13	t
46	2024-06-27 06:35:37.908879+00	2024-06-27 06:36:40.070601+00	Achiq-chuchuk	achiq-chuchuk	6	6	6	0	t
66	2025-01-25 09:02:24.032523+00	2025-01-31 09:37:21.996499+00	Гарниры	-40	7	7	7	14	t
67	2025-01-25 11:25:05.644182+00	2025-01-31 09:37:21.998266+00	Соусы	-41	7	7	7	15	t
4	2024-03-06 06:26:19.993346+00	2025-03-11 21:43:08.473296+00	Первое Блюдо	-4	3	3	3	2	t
47	2024-06-27 06:53:30.257689+00	2024-06-27 06:54:48.576681+00	Golinkiy	golinkiy	6	6	6	0	t
5	2024-03-06 06:26:32.816393+00	2025-03-11 21:43:08.475586+00	Второе Блюдо	-5	3	3	3	3	t
3	2024-03-06 06:26:02.95966+00	2025-03-11 21:43:08.478363+00	Пицца	-3	3	3	3	4	t
2	2024-03-06 06:25:52.959536+00	2025-03-11 21:43:08.482078+00	Бургер	-2	3	3	3	5	t
32	2024-04-28 19:25:51.882565+00	2025-03-11 21:43:08.483978+00	Десерты	-9	3	3	3	6	t
6	2024-03-06 06:26:49.348072+00	2025-03-11 21:43:08.486047+00	Салаты	-6	3	3	3	7	t
16	2024-04-02 17:01:16.218853+00	2024-06-11 06:51:58.559109+00	Вторые блюда	category-test	1	1	1	3	t
31	2024-04-28 19:11:17.299733+00	2024-06-11 06:52:24.036174+00	test333	test333	1	1	1	0	t
17	2024-04-02 17:01:47.371118+00	2024-05-20 13:31:13.927852+00	Первые блюда	test-test	1	1	1	2	t
27	2024-04-25 18:02:32.029983+00	2024-04-28 20:10:51.515645+00	Блюда на мангале	-15	4	4	4	7	t
7	2024-03-06 06:27:06.660341+00	2025-03-11 21:43:08.488128+00	Напитки	-7	3	3	3	8	t
51	2024-12-29 13:57:52.181388+00	2025-01-31 09:37:21.961201+00	Завтраки	test	7	7	7	0	t
49	2024-12-10 17:45:09.025026+00	2025-01-24 14:30:42.788017+00	KFC	kfc	5	5	5	0	f
54	2025-01-13 08:25:58.828062+00	2025-01-31 09:37:21.964433+00	Сэндвич	-28	7	7	7	1	t
33	2024-05-30 16:32:55.209306+00	2025-01-24 14:30:42.790326+00	Бургеры	-18	5	5	5	1	t
35	2024-05-30 16:33:29.977625+00	2025-01-24 14:30:42.792488+00	Пицца	-20	5	5	5	2	t
37	2024-05-30 16:33:51.418689+00	2025-01-24 14:30:42.794475+00	Хот-доги	-22	5	5	5	3	t
48	2024-12-07 11:58:30.025378+00	2025-01-24 14:30:42.796752+00	Паста	-27	5	5	5	4	t
34	2024-05-30 16:33:21.336449+00	2025-01-24 14:30:42.799207+00	Салаты	-19	5	5	5	5	t
55	2025-01-13 08:44:59.982579+00	2025-01-31 09:37:21.967004+00	Салаты	-29	7	7	7	2	t
39	2024-05-30 16:34:19.582647+00	2025-01-24 14:30:42.801404+00	Соусы	-23	5	5	5	6	t
56	2025-01-14 09:00:34.981221+00	2025-01-31 09:37:21.969319+00	Супы	-30	7	7	7	3	t
57	2025-01-14 09:26:35.718813+00	2025-01-31 09:37:21.971158+00	Ризотто	-31	7	7	7	4	t
58	2025-01-14 09:32:52.860846+00	2025-01-31 09:37:21.973882+00	Паста	-32	7	7	7	5	t
36	2024-05-30 16:33:38.014142+00	2025-01-24 14:30:42.805644+00	Стейки	-21	5	5	5	8	t
40	2024-05-30 16:34:26.962351+00	2025-01-24 14:30:42.807769+00	Десерты	-24	5	5	5	9	t
59	2025-01-14 11:24:35.387424+00	2025-01-31 09:37:21.976047+00	Блюдо из говядины	-33	7	7	7	6	t
42	2024-06-05 15:36:50.89275+00	2025-01-24 14:30:42.8099+00	Коктейли	-26	5	5	5	10	t
60	2025-01-14 11:47:14.126809+00	2025-01-31 09:37:21.98027+00	Блюдо из курицы	-34	7	7	7	8	t
61	2025-01-14 16:21:37.538376+00	2025-01-31 09:37:21.982637+00	Стейки	-35	7	7	7	9	t
\.


--
-- Data for Name: menu_app_menu; Type: TABLE DATA; Schema: public; Owner: aurora
--

COPY public.menu_app_menu (id, created_time, update_time, name, description, price, photo, is_active, category_id, created_by_id, restaurant_id, update_by_id, availability) FROM stdin;
26	2024-03-06 06:55:52.568102+00	2025-02-16 06:27:48.690077+00	Балаза	\N	35000	Olivia/category/Первое Блюдо/Балаза.jpg	t	4	\N	3	\N	t
36	2024-03-06 07:12:32.376767+00	2025-03-09 14:12:53.4441+00	Сырные Шарики	25 г	30000	Olivia/category/Аппетайзеры/Сырные_Шарики.png	t	8	\N	3	\N	t
22	2024-03-06 06:47:51.871095+00	2024-03-06 06:48:37.337928+00	Чай Турецкий	\N	10000	Olivia/category/Напитки/Чай_Турецкий.jpg	t	7	\N	3	\N	t
5	2024-03-06 06:34:52.604426+00	2024-03-06 06:39:47.477024+00	Биф Бургер	150 г	45000	Olivia/category/Бургер/Биф_Бургер.jpg	t	2	\N	3	\N	t
6	2024-03-06 06:35:28.560195+00	2024-03-06 06:39:48.542901+00	Чизбургер	160 г	55000	Olivia/category/Бургер/Чизбургер.jpg	t	2	\N	3	\N	t
11	2024-03-06 06:38:28.563955+00	2024-03-06 06:39:49.977592+00	Грилл Бургер	145 г	45000	Olivia/category/Бургер/Грилл_Бургер.png	t	2	\N	3	\N	t
9	2024-03-06 06:37:28.418482+00	2024-04-28 20:11:58.224234+00	Дабл Бургер	140 г	35000	Olivia/category/Бургер/Дабл_Бургер.jpg	t	2	\N	3	\N	t
8	2024-03-06 06:36:41.281703+00	2024-03-06 06:39:52.229993+00	Блэк Бургер	145 г	50000	Olivia/category/Бургер/Блэк_Бургер.jpg	t	2	\N	3	\N	t
12	2024-03-06 06:39:34.410587+00	2024-03-06 06:39:52.73903+00	Шеф Бургер	130 г	30000	Olivia/category/Бургер/Шеф_Бургер.jpg	t	2	\N	3	\N	t
13	2024-03-06 06:43:18.929361+00	2024-03-06 06:45:17.868978+00	Маргарита	145 г	65000	Olivia/category/Пицца/Маргарита.jpg	t	3	\N	3	\N	t
14	2024-03-06 06:44:10.392385+00	2024-03-25 13:35:51.685407+00	Пармезан	160 г	55000	Olivia/category/Пицца/Пармезан.jpg	t	3	\N	3	\N	t
15	2024-03-06 06:44:51.676544+00	2024-03-06 06:45:19.620383+00	Supreme	170 г	75000	Olivia/category/Пицца/Supreme.jpg	t	3	\N	3	\N	t
16	2024-03-06 06:45:15.818065+00	2024-03-06 06:45:19.912274+00	Мясной	175 г	75000	Olivia/category/Пицца/Мясной.jpg	t	3	\N	3	\N	t
3	2024-03-06 06:33:14.003427+00	2025-03-07 20:09:47.074358+00	Люла Кебаб	180 г	75000	Olivia/category/Второе Блюдо/Люла_Кебаб_m8X190K.jpg	t	5	\N	3	\N	t
17	2024-03-06 06:45:44.263611+00	2024-04-28 19:28:46.493404+00	Греческий	45 г	25000	Olivia/category/Салаты/Греческий.jpg	t	6	\N	3	\N	t
27	2024-03-06 06:56:11.684205+00	2024-04-12 13:24:05.120424+00	Солянка	\N	35000	Olivia/category/Первое Блюдо/Солянка.jpg	t	4	\N	3	\N	t
33	2024-03-06 07:11:14.579186+00	2025-03-12 06:11:34.017493+00	Картофель Фри	50 г	15000	Olivia/category/Аппетайзеры/Картофель_Фри.jpg	t	8	\N	3	\N	t
21	2024-03-06 06:47:32.956542+00	2024-03-06 06:47:34.77582+00	Чай Узбекский	\N	10000	Olivia/category/Напитки/Чай_Узбекский.jpg	t	7	\N	3	\N	t
77	2024-04-09 09:24:39.557546+00	2024-04-26 20:22:48.242678+00	Samsung	1234	1000	Pasta House/category/Первые блюда/Samsung.jpeg	t	17	\N	1	\N	t
18	2024-03-06 06:46:12.59659+00	2024-12-28 09:48:21.936264+00	Цезарь	25 г	35000	Olivia/category/Салаты/Цезарь.jpg	t	6	\N	3	\N	t
85	2024-04-25 18:15:43.604341+00	2024-04-25 18:15:46.883425+00	Греческий	\N	55000	Joy Chaikhana/category/Салаты/Греческий.jpeg	t	22	\N	4	\N	t
87	2024-04-25 18:16:55.72153+00	2024-04-25 18:16:58.179682+00	Микс салат с языком	\N	55000	Joy Chaikhana/category/Салаты/Микс_салат_с_языком.jpeg	t	22	\N	4	\N	t
29	2024-03-06 07:01:40.397522+00	2024-03-06 07:03:16.219505+00	Стейк Особуко	200 г	150000	Olivia/category/Второе Блюдо/Стейк_Особуко.jpg	t	5	\N	3	\N	t
30	2024-03-06 07:03:14.402143+00	2024-03-06 07:03:17.205023+00	Стейк	200 г	140000	Olivia/category/Второе Блюдо/Стейк.jpg	t	5	\N	3	\N	t
32	2024-03-06 07:04:49.029014+00	2024-03-06 07:04:51.371719+00	Уйгурский Лагман	0.7	35000	Olivia/category/Второе Блюдо/Уйгурский_Лагман.jpg	t	5	\N	3	\N	t
31	2024-03-06 07:04:00.631811+00	2024-03-06 07:04:52.292577+00	Плов	0.7	25000	Olivia/category/Второе Блюдо/Плов.jpg	t	5	\N	3	\N	t
89	2024-04-25 18:27:37.559688+00	2024-04-25 18:27:39.380099+00	Бичак со шпинатом	\N	30000	Joy Chaikhana/category/Горячие закуски/Бичак_со_шпинатом.jpeg	t	24	\N	4	\N	t
34	2024-03-06 07:11:40.358422+00	2024-03-06 07:13:30.950364+00	Картофель Деревенски	25 г	15000	Olivia/category/Аппетайзеры/По_Деревенски.webp	t	8	\N	3	\N	t
35	2024-03-06 07:12:00.637779+00	2024-03-06 07:13:31.770798+00	Гарлики	25 г	25001	Olivia/category/Аппетайзеры/Гарлики.jfif	t	8	\N	3	\N	t
91	2024-04-25 18:28:43.10756+00	2024-04-25 18:28:45.430065+00	Сомса с картошкой	\N	12000	Joy Chaikhana/category/Горячие закуски/Сомса_с_картошкой.jpeg	t	24	\N	4	\N	t
10	2024-03-06 06:38:07.352675+00	2024-03-14 15:49:37.684826+00	Стейк Бургер	155 г	55000	Olivia/category/Бургер/Стейкхаус.png	t	2	\N	3	\N	t
269	2024-06-09 12:25:20.921877+00	2024-06-09 12:25:24.069614+00	Hd	Hx	62	Pasta House/category/test333/Hd.jpeg	t	31	\N	1	\N	f
47	2024-03-25 14:06:04.319934+00	2024-03-25 14:06:06.689304+00	new position	2324	32423890	Pasta House/category/Первое Блюдо/new_position.jpg	t	4	\N	1	\N	t
284	2024-06-27 06:54:38.909687+00	2024-06-27 06:54:48.572629+00	Golenkiy	\N	2000	The Plov/category/Golinkiy/Golenkiy.jpeg	t	47	\N	6	\N	f
292	2024-12-10 17:41:16.046228+00	2024-12-10 17:41:25.16829+00	Карбонара	\N	50000	Craft Burger/category/Паста/Карбонара.jpeg	t	48	\N	5	\N	f
173	2024-05-30 18:16:48.910875+00	2025-01-24 10:14:36.889851+00	Макаронс	null	8000	Craft Burger/category/Десерты/Макаронс_QH7VVcn.jpeg	t	40	\N	5	\N	f
293	2024-12-10 17:49:15.715826+00	2025-01-14 13:09:06.287923+00	Крылышки	null	75000	Craft Burger/category/KFC/Крылышки_UyOHpt3.jpeg	f	49	\N	5	\N	f
307	2025-01-13 08:18:38.646239+00	2025-01-30 07:11:43.11798+00	Сырники с Вареньем	Золотистые творожные шайбочки, политые домашним малиновым вареньем.	24900	Bon Bon/category/Завтраки/Сырники_с_Вареньем_9t1hvn0.jpeg	t	51	\N	7	\N	f
308	2025-01-13 08:20:58.27144+00	2025-01-30 07:13:44.13717+00	Глазунья с сосисками	Классический английский завтрак из жареных куриных яиц и сочных сосисок.	19900	Bon Bon/category/Завтраки/Глазунья_с_сосисками_hBzkpW3.jpeg	t	51	\N	7	\N	f
116	2024-04-27 16:59:07.529598+00	2024-04-27 16:59:12.151692+00	test	test	20002	Pasta House/category/Первые блюда/test.jpeg	t	17	\N	1	\N	t
99	2024-04-25 18:39:37.115691+00	2024-04-25 18:40:18.599231+00	Люля кебаб	\N	65000	Joy Chaikhana/category/Национальная кухня/Люля_кебаб.jpeg	t	26	\N	4	\N	t
100	2024-04-25 18:41:01.740701+00	2024-04-25 18:41:03.558827+00	Кайиш с подливой	\N	50000	Joy Chaikhana/category/Национальная кухня/Кайиш_с_подливой.jpeg	t	26	\N	4	\N	t
84	2024-04-25 18:14:03.388246+00	2024-04-25 18:14:08.323835+00	Шакар об	\N	35000	Joy Chaikhana/category/Салаты/Шакар_об.jpeg	t	22	\N	4	\N	t
86	2024-04-25 18:16:25.22914+00	2024-04-25 18:16:25.229157+00	Цезарь классический	\N	50000	Joy Chaikhana/category/Салаты/Цезарь_классический.jpeg	f	22	\N	4	\N	t
88	2024-04-25 18:17:36.807029+00	2024-04-25 18:17:39.515171+00	Куриное филе в апельсиновом соусе	\N	50000	Joy Chaikhana/category/Салаты/Куриное_филе_в_апельсиновом_соусе.jpeg	t	22	\N	4	\N	t
90	2024-04-25 18:28:09.323608+00	2024-04-25 18:28:11.02377+00	Бичак с мясом	\N	35000	Joy Chaikhana/category/Горячие закуски/Бичак_с_мясом.jpeg	t	24	\N	4	\N	t
92	2024-04-25 18:29:08.834343+00	2024-04-25 18:29:11.056182+00	Сомса с мясом	\N	15000	Joy Chaikhana/category/Горячие закуски/Сомса_с_мясом.jpeg	t	24	\N	4	\N	t
94	2024-04-25 18:32:03.267935+00	2024-04-25 18:32:05.166335+00	Кутабы с зеленью и брынзой	\N	25000	Joy Chaikhana/category/Горячие закуски/Кутабы_с_зеленью_и_брынзой.jpeg	t	24	\N	4	\N	t
93	2024-04-25 18:31:15.754667+00	2024-04-25 18:32:05.913773+00	Чебуреки с мясом	\N	25000	Joy Chaikhana/category/Горячие закуски/Чебуреки_с_мясом.jpeg	t	24	\N	4	\N	t
95	2024-04-25 18:33:23.34067+00	2024-04-25 18:33:26.434871+00	Ханум	\N	50000	Joy Chaikhana/category/Национальная кухня/Ханум.jpeg	t	26	\N	4	\N	t
96	2024-04-25 18:34:39.323002+00	2024-04-25 18:34:42.127247+00	Манты с мясом	\N	40000	Joy Chaikhana/category/Национальная кухня/Манты_с_мясом.jpeg	t	26	\N	4	\N	t
97	2024-04-25 18:37:18.375265+00	2024-04-25 18:37:20.194609+00	Лагман по уйгурски	\N	50000	Joy Chaikhana/category/Национальная кухня/Лагман_по_уйгурски.jpeg	t	26	\N	4	\N	t
98	2024-04-25 18:39:10.09385+00	2024-04-25 18:39:12.218096+00	Жиз по-Бухарски (баранина)	\N	130000	Joy Chaikhana/category/Национальная кухня/Жиз_по-Бухарски_баранина.jpeg	t	26	\N	4	\N	t
101	2024-04-25 18:43:22.092613+00	2024-04-25 18:43:25.965648+00	Дымляма из судака	\N	65000	Joy Chaikhana/category/Национальная кухня/Дымляма_из_судака.jpeg	t	26	\N	4	\N	t
102	2024-04-25 18:43:47.464518+00	2024-04-25 18:43:49.455123+00	Курут оба	\N	65000	Joy Chaikhana/category/Национальная кухня/Курут_оба.jpeg	t	26	\N	4	\N	t
103	2024-04-25 18:44:37.812449+00	2024-04-25 18:44:40.267999+00	Шивит оши	\N	45000	Joy Chaikhana/category/Национальная кухня/Шивит_оши.jpeg	t	26	\N	4	\N	t
104	2024-04-25 19:24:04.883483+00	2024-04-25 19:24:06.395974+00	Шашлык из баранины	\N	55000	Joy Chaikhana/category/Блюда на мангале/Шашлык_из_баранины.jpeg	t	27	\N	4	\N	t
105	2024-04-25 19:24:44.420003+00	2024-04-25 19:24:46.087511+00	Шашлык из говядины	\N	55000	Joy Chaikhana/category/Блюда на мангале/Шашлык_из_говядины.jpeg	t	27	\N	4	\N	t
106	2024-04-25 19:27:14.383817+00	2024-04-25 19:27:16.747617+00	Молотый шашлык	\N	45000	Joy Chaikhana/category/Блюда на мангале/Молотый_шашлык.jpeg	t	27	\N	4	\N	t
109	2024-04-25 19:31:55.85154+00	2024-04-25 19:32:04.372462+00	Форель на мангале	\N	110000	Joy Chaikhana/category/Блюда на мангале/Форель_на_мангале.jpeg	t	27	\N	4	\N	t
108	2024-04-25 19:29:28.91669+00	2024-04-25 19:29:32.876882+00	Колбаски говяжьи	\N	60000	Joy Chaikhana/category/Блюда на мангале/Колбаски_говяжьи.jpeg	t	27	\N	4	\N	t
110	2024-04-25 19:57:42.040782+00	2024-04-25 19:57:45.894444+00	Картошка по деревенски	\N	20000	Joy Chaikhana/category/Гарниры/Картошка_по_деревенски.jpeg	t	28	\N	4	\N	t
111	2024-04-25 19:58:09.612397+00	2024-04-25 19:58:12.114361+00	Картошка фри	\N	20000	Joy Chaikhana/category/Гарниры/Картошка_фри.jpeg	t	28	\N	4	\N	t
112	2024-04-25 19:58:39.375331+00	2024-04-25 19:58:42.917208+00	Медовик	\N	35000	Joy Chaikhana/category/Десерты/Медовик.jpeg	t	29	\N	4	\N	t
113	2024-04-25 19:59:13.890903+00	2024-04-25 19:59:18.007116+00	Чиз-кейк	\N	40000	Joy Chaikhana/category/Десерты/Чиз-кейк.jpeg	t	29	\N	4	\N	t
114	2024-04-25 19:59:46.120486+00	2024-04-25 19:59:48.699172+00	Меренговый рулет	\N	35000	Joy Chaikhana/category/Десерты/Меренговый_рулет.jpeg	t	29	\N	4	\N	t
115	2024-04-25 20:06:57.053522+00	2024-04-25 20:07:35.60649+00	Жиз по уйгурски (говядина)	null	130000	Joy Chaikhana/category/Горячие закуски/Жиз_по_уйгурски_говядина.jpeg	t	24	\N	4	\N	t
117	2024-04-27 17:20:03.156263+00	2024-04-27 17:20:37.251705+00	pasta	\N	20000	Pasta House/category/Первые блюда/pasta.jpeg	t	17	\N	1	\N	t
285	2024-12-07 12:01:26.398177+00	2024-12-07 12:02:04.699429+00	Альфредо	\N	50000	Craft Burger/category/Паста/Альфредо.jpeg	t	48	\N	5	\N	f
297	2024-12-28 09:49:49.287116+00	2024-12-28 09:49:52.259455+00	новый салат	новый	23000	Olivia/category/Салаты/новый_салат.jpeg	t	6	\N	3	\N	f
131	2024-05-30 16:46:22.184355+00	2025-01-13 11:20:20.719658+00	Chicago	Белая булочка,говажья котлета,грибы шампиньоны,сыр хохланд,красный лук,фирменный соус,салатный лист,огурцы,помидор	52000	Craft Burger/category/Бургеры/Chicago_7bHNhud.jpeg	t	33	\N	5	\N	f
152	2024-05-30 17:25:51.014921+00	2024-10-29 08:51:14.249164+00	Мужской каприз	null	35000	Craft Burger/category/Салаты/Мужской_каприз.jpeg	t	34	\N	5	\N	f
134	2024-05-30 16:48:02.856285+00	2025-01-13 11:21:22.390959+00	Double Burger	Белая булочка, двойная котлета, фирменный соус помидор, огурцы (марин.) сыр Хохланд	60000	Craft Burger/category/Бургеры/Double_Burger_5A0nirB.jpeg	t	33	\N	5	\N	f
142	2024-05-30 17:01:54.336563+00	2024-10-29 08:49:05.167871+00	Маргарита	Итальянское тесто, соус мутти, сыр моцарелла,\r\nпомидор, оливки, маслены, черри, болгарский перец.	50000	Craft Burger/category/Пицца/Маргарита.jpeg	t	35	\N	5	\N	f
135	2024-05-30 16:48:49.368935+00	2025-01-13 11:21:45.420504+00	Cheese Burger	Белая булочка, говяжий котлета, фирменный соус, салатный лист\r\nпомидор, огурцы (марин.) Сыр Хохланд	43000	Craft Burger/category/Бургеры/Cheese_Burger_lIbRhWK.jpeg	t	33	\N	5	\N	f
107	2024-04-25 19:28:29.173199+00	2024-04-28 20:10:51.511341+00	Колбаски куриные с сыром	null	1	Joy Chaikhana/category/Блюда на мангале/Колбаски_куриные_с_сыром.jpeg	t	27	\N	4	\N	t
170	2024-05-30 18:14:26.830685+00	2025-01-24 10:13:39.349649+00	Медовик	null	27000	Craft Burger/category/Десерты/Медовик_GAiEvxZ.jpeg	t	40	\N	5	\N	f
140	2024-05-30 16:54:19.689258+00	2025-01-24 10:20:40.022726+00	Болоньезе	Итальянское тесто, соус мутти, сыр моцарелла, фаршированное мясо, оливки,маслены, черри, болгарский перец, грибы шампиньоны.	75000	Craft Burger/category/Пицца/Болоньезе_WIGjlOj.jpeg	t	35	\N	5	\N	f
372	2025-01-24 10:16:33.150423+00	2025-01-24 10:16:42.393253+00	Чизкейк	\N	38000	Craft Burger/category/Десерты/Чизкейк.jpeg	t	40	\N	5	\N	f
154	2024-05-30 17:44:22.109489+00	2025-01-24 10:23:53.248302+00	Сырные палочки	null	15000	Craft Burger/category/Side-dish/Сырные_палочки_8QCPatv.jpeg	t	38	\N	5	\N	f
155	2024-05-30 17:45:03.669654+00	2025-01-24 10:24:27.754655+00	По деревенски	null	19000	Craft Burger/category/Side-dish/По_деревенски_fStztr6.jpeg	t	38	\N	5	\N	f
147	2024-05-30 17:21:12.394416+00	2024-10-29 08:50:56.458214+00	Греческий	null	35000	Craft Burger/category/Салаты/Греческий.jpeg	t	34	\N	5	\N	f
321	2025-01-13 11:07:31.291185+00	2025-01-24 10:25:30.749523+00	Чай с лимоном	\N	10000	Craft Burger/category/Напитки/Чай_с_лимоном.jpeg	t	41	\N	5	\N	f
162	2024-05-30 17:56:38.260412+00	2025-01-24 10:26:27.124307+00	Coca Cola	1.5L	16500	Craft Burger/category/Напитки/Coca_Cola_QtC4lKz.jpeg	t	41	\N	5	\N	f
305	2025-01-13 08:13:46.992641+00	2025-01-30 06:54:37.172885+00	Шакшука	Восточное блюдо из яиц, жареных в соусе из сладкого и острого перца, томатов, лука и чеснок.	30000	Bon Bon/category/Завтраки/Шакшука_7f3G6kh.jpeg	t	51	\N	7	\N	f
161	2024-05-30 17:52:42.449125+00	2024-10-29 08:50:03.368996+00	Медальон	null	120000	Craft Burger/category/Стейки/Медальон.jpeg	t	36	\N	5	\N	f
396	2025-01-30 08:50:08.217289+00	2025-01-31 09:24:48.559261+00	Соус Тар-Тар	null	4900	Bon Bon/category/Соусы/Соус_Тар-Тар_pC0UYuB.jpeg	t	67	\N	7	\N	f
166	2024-05-30 18:08:49.821151+00	2025-01-13 10:58:49.19863+00	Спартак	null	35000	Craft Burger/category/Десерты/Спартак_OCSh8rX.jpeg	t	40	\N	5	\N	f
397	2025-01-30 08:51:26.003101+00	2025-01-31 09:26:50.840402+00	Соус Аврора	null	4900	Bon Bon/category/Соусы/Соус_Аврора_QOqp5SR.jpeg	t	67	\N	7	\N	f
120	2024-04-28 19:27:34.976341+00	2024-06-10 05:08:26.206457+00	Маффин	12 гр	12000	Olivia/category/Десерты/Маффин_FZt1pRv.jpeg	t	32	\N	3	\N	f
150	2024-05-30 17:24:54.94982+00	2024-12-07 12:21:18.439849+00	Цезарь	null	35000	Craft Burger/category/Салаты/Цезарь.jpeg	t	34	\N	5	\N	f
279	2024-06-11 06:49:05.804916+00	2024-06-11 06:51:58.554927+00	Plov112	null	312	Pasta House/category/Вторые блюда/Plov_AB3wWnC.jpeg	t	16	\N	1	\N	f
294	2024-12-10 20:33:20.00093+00	2024-12-10 20:33:28.600656+00	Бон филе	\N	110000	Craft Burger/category/Стейки/Бон_филе.jpeg	t	36	\N	5	\N	f
165	2024-05-30 18:08:05.325279+00	2025-01-13 10:58:26.051331+00	Морковный	null	35000	Craft Burger/category/Десерты/Морковный_cbZPOKI.jpeg	t	40	\N	5	\N	f
168	2024-05-30 18:10:58.234242+00	2025-01-13 10:59:45.410857+00	Опера	null	25000	Craft Burger/category/Десерты/Опера_OkeIT85.jpeg	t	40	\N	5	\N	f
167	2024-05-30 18:10:02.916875+00	2025-01-13 10:59:20.873391+00	Захер	null	25000	Craft Burger/category/Десерты/Захер_8DLSWn6.jpeg	t	40	\N	5	\N	f
169	2024-05-30 18:11:45.160226+00	2025-01-13 11:00:24.848835+00	Прага	null	25000	Craft Burger/category/Десерты/Прага_lLNYowZ.jpeg	t	40	\N	5	\N	f
320	2025-01-13 11:03:30.928463+00	2025-01-13 11:03:34.538126+00	Чай фруктовый	\N	25000	Craft Burger/category/Напитки/Чай_фруктовый.jpeg	t	41	\N	5	\N	f
158	2024-05-30 17:49:54.575556+00	2024-05-30 17:49:57.306422+00	Барбекью	\N	6000	Craft Burger/category/Соусы/Барбекью.jpeg	t	39	\N	5	\N	f
153	2024-05-30 17:26:59.522405+00	2024-05-30 17:27:04.285533+00	Стейк салат	\N	45000	Craft Burger/category/Салаты/Стейк_салат.jpeg	t	34	\N	5	\N	f
156	2024-05-30 17:46:36.748732+00	2024-05-30 17:46:40.343658+00	Чесночный	\N	6000	Craft Burger/category/Соусы/Чесночный.jpeg	t	39	\N	5	\N	f
157	2024-05-30 17:48:13.610201+00	2024-05-30 17:48:44.771359+00	Сырный	\N	6000	Craft Burger/category/Соусы/Сырный.jpeg	t	39	\N	5	\N	f
159	2024-05-30 17:50:40.746083+00	2024-05-30 17:50:43.32087+00	Томатный	\N	6000	Craft Burger/category/Соусы/Томатный.jpeg	t	39	\N	5	\N	f
164	2024-05-30 18:07:15.519852+00	2024-05-30 18:56:46.893641+00	Сан-Себастьян	\N	40000	Craft Burger/category/Десерты/Сан-Себастьян_Ok6pFKB.jpeg	t	40	\N	5	\N	f
129	2024-05-30 16:38:40.974799+00	2025-01-13 11:19:28.510941+00	Steak Burger	Белая булочка, говяжья вырезка, барбекю соус фирменный соус, салатный лист, помидор, огурцы(марин)	60000	Craft Burger/category/Бургеры/Steak_Burger_BglIRLk.jpeg	t	33	\N	5	\N	f
132	2024-05-30 16:46:53.724142+00	2025-01-13 11:20:41.164275+00	Mushroom	Белая булочка, говяжий котлета, грибы шампиньоны красный лук,фирменный соус, салатный лист, помидор, огурцы (марин)	49000	Craft Burger/category/Бургеры/Mushroom_VVFcj8r.jpeg	t	33	\N	5	\N	f
133	2024-05-30 16:47:19.309246+00	2025-01-13 11:21:02.348656+00	Chicken	Белая булочка, куриная грудка, фирменный соус, салатный лист,соус карри, помидор, огурцы (марин.)	39000	Craft Burger/category/Бургеры/Chicken_cKw1ojr.jpeg	t	33	\N	5	\N	f
136	2024-05-30 16:49:53.323448+00	2025-01-13 11:22:03.947393+00	Classic	Белая булочка, говяжий котлета, красный лук, фирменный соус салатный лист, помидор, огурцы (марин.)	39000	Craft Burger/category/Бургеры/Classic_mUq6tUx.jpeg	t	33	\N	5	\N	f
174	2024-05-30 18:18:16.718376+00	2025-01-13 11:02:16.670369+00	Эстерхази фисташка	null	35000	Craft Burger/category/Десерты/Эстерхази_фисташка_PZ1PZCs.jpeg	t	40	\N	5	\N	f
175	2024-05-30 18:19:08.940929+00	2025-01-24 10:15:16.47787+00	Птичье молоко	null	25000	Craft Burger/category/Десерты/Птичье_молоко_iWQcktI.jpeg	t	40	\N	5	\N	f
172	2024-05-30 18:16:13.050374+00	2025-01-13 11:01:39.425392+00	Наполеон	null	27000	Craft Burger/category/Десерты/Наполеон_NAcumoY.jpeg	t	40	\N	5	\N	f
139	2024-05-30 16:52:19.356889+00	2025-01-24 10:20:02.615969+00	Комбо	Итальянское тесто, соус мутти, сыр моцарелла, копченая индейка, прессованное мясо,\r\n70.000\r\nколбаски пепперони, оливки, маслены, черри, болгарский перец грибы шампиньоны.	77000	Craft Burger/category/Пицца/Комбо_pNFPQJ4.jpeg	t	35	\N	5	\N	f
186	2024-06-03 15:56:50.954122+00	2025-01-13 11:14:36.031891+00	Double	null	33000	Craft Burger/category/Хот-доги/Double_N1Kd9h1.jpeg	t	37	\N	5	\N	f
141	2024-05-30 16:55:18.282964+00	2025-01-24 10:21:15.293669+00	Сhicken	Итальянское тесто, соус мутти, сыр моцарелла, куриный филе,оливки,маслены,черри,болгарский перец,грибы шампиньоны	70000	Craft Burger/category/Пицца/Сhicken_NrhsDqD.jpeg	t	35	\N	5	\N	f
143	2024-05-30 17:02:40.942691+00	2025-01-24 10:22:10.157844+00	Craft	Итальянское тесто, соус мутти, сыр моцарелла, говяжья вырезка, оливки, маслены, черри, болгарский перец, грибы шампиньоны:	82000	Craft Burger/category/Пицца/Craft_DWiaAub.jpeg	t	35	\N	5	\N	f
144	2024-05-30 17:03:23.155767+00	2025-01-24 10:22:38.569211+00	Пепперони	Итальянское тесто, соус мутти, сыр моцарелла, колбаски пепперони, оливки, маслены,	70000	Craft Burger/category/Пицца/Пепперони_9AI1rnm.jpeg	t	35	\N	5	\N	f
187	2024-06-03 16:01:57.150758+00	2025-01-24 10:24:55.468747+00	Фри	null	18000	Craft Burger/category/Side-dish/Фри_uEOOOFC.jpeg	t	38	\N	5	\N	f
325	2025-01-14 09:04:44.078934+00	2025-01-30 07:27:04.785508+00	Крем суп чечевичный	Популярное блюдо турецкой кухни является постным по составу, нейтральным по вкусу, который приправляют лимонным соком или пряным соусом-заправкой из растопленного масла и молотого острого перца.	24900	Bon Bon/category/Супы/Крем_суп_чечевичный.jpeg	t	56	\N	7	\N	f
298	2024-12-29 13:58:29.400943+00	2025-01-30 06:46:59.149754+00	Нежный омлет с моцареллой	Простой завтрак в итальянском стиле из пышного омлета и тягучего сыра моцарелла.	19900	Bon Bon/category/Завтраки/Нежный_омлет_с_моцареллой.jpeg	t	51	\N	7	\N	f
306	2025-01-13 08:16:10.759945+00	2025-01-30 07:10:14.253956+00	Блины домашние	Ажурные блинчики со вкусом дома. \r\nПодаются с нежной сметаной, натуральном мёдом и джемом.	20000	Bon Bon/category/Завтраки/Блины_домашние_q7S57xB.jpeg	t	51	\N	7	\N	f
398	2025-01-30 08:51:57.957448+00	2025-01-31 09:27:51.22577+00	Соус чили	null	3000	Bon Bon/category/Соусы/Соус_чили_0R2YvDv.jpeg	t	67	\N	7	\N	f
191	2024-06-05 15:40:21.197491+00	2024-06-05 15:40:26.866771+00	Айс tea	\N	14000	Craft Burger/category/Коктейли/Айс_tea.jpeg	t	42	\N	5	\N	f
192	2024-06-05 15:47:48.059306+00	2024-06-05 15:47:56.694421+00	Апельсиновый фреш	\N	18000	Craft Burger/category/Коктейли/Апельсиновый_фреш.jpeg	t	42	\N	5	\N	f
193	2024-06-06 10:37:44.657124+00	2024-06-06 10:38:01.703367+00	Разливная кола	400 мл	6000	Craft Burger/category/Напитки/Разливная_кола.jpeg	t	41	\N	5	\N	f
283	2024-06-27 06:36:23.699313+00	2024-06-27 06:36:40.06637+00	Sveji	\N	2000	The Plov/category/Achiq-chuchuk/Sveji.jpeg	t	46	\N	6	\N	f
189	2024-06-05 15:37:27.111995+00	2024-10-29 08:53:08.30079+00	Мохито клубничный	null	25000	Craft Burger/category/Коктейли/Мохито_клубничный_LIWL3Kb.jpeg	t	42	\N	5	\N	f
209	2024-06-08 13:16:21.15478+00	2024-10-29 08:50:44.760189+00	Student хот дог	null	35000	Craft Burger/category/Хот-доги/Student_хот_дог_Ee8mh8J.jpeg	t	37	\N	5	\N	f
190	2024-06-05 15:38:13.022369+00	2024-10-29 08:53:27.152385+00	Мохито	\N	20000	Craft Burger/category/Коктейли/Мохито_KnFokSf.jpeg	t	42	\N	5	\N	f
291	2024-12-10 17:39:54.150578+00	2024-12-10 17:39:58.228119+00	Болоньезе	\N	50000	Craft Burger/category/Паста/Болоньезе_HTq0bio.jpeg	t	48	\N	5	\N	f
295	2024-12-10 20:36:56.69214+00	2024-12-10 20:37:06.018368+00	Куриный Стейк	\N	50000	Craft Burger/category/Стейки/Куриный_Стейк.jpeg	t	36	\N	5	\N	f
213	2024-06-09 06:07:39.545665+00	2024-06-09 06:08:20.420809+00	26	Aywy	132	Pasta House/category/test333/262.jpeg	t	31	\N	1	\N	f
130	2024-05-30 16:45:00.385176+00	2025-01-13 11:19:54.223831+00	Super Burger	Белая булочка,говяжья котлета,фирменный соус,салатный лист,болгарский перец, помидоры, огурцы (марин.), острый перец, лук порей.	42000	Craft Burger/category/Бургеры/Super_Burger_pE1pTiC.jpeg	t	33	\N	5	\N	f
342	2025-01-14 16:14:51.893668+00	2025-01-30 08:25:30.411785+00	Куриные котлеты с соусом тар-тар	Куриные котлеты, подаются в сливочном соусе тар-тар и гарниром из нежного пюре и рассыпчатого риса.	34900	Bon Bon/category/Блюдо из курицы/Куриные_котлеты_с_соусом_тар-тар.jpeg	t	60	\N	7	\N	f
330	2025-01-14 09:26:10.978472+00	2025-01-30 07:36:39.788813+00	Сырный	Питательный суп, основным компонентом которого является плавленый сыра. \r\nДополняется он нежными шампиньонами и кубиками сладкого картофеля.	29900	Bon Bon/category/Супы/Сырный_YhKpnyO.jpeg	t	56	\N	7	\N	f
334	2025-01-14 11:21:22.176145+00	2025-01-30 07:45:56.526569+00	Карбонара	Спагетти с мелкими кусочками копченого мяса, смешанные с соусом из яиц, сыра пармезан и свежемолотого чёрного перца.	39900	Bon Bon/category/Паста/Карбонара_us54Zru.jpeg	t	58	\N	7	\N	f
338	2025-01-14 11:44:48.970375+00	2025-01-30 07:58:57.708622+00	Нуто-Мясо с Пюре	Филе Говядины, Горох Узбекский, Красный Перец, Огурцы Свежие, Масло Чесночное, Масло Растительное, Соус, Специи.\r\nНа Гарнир домашнее пюре.	49900	Bon Bon/category/Блюдо из говядины/Нуто-Мясо_с_Пюре_Gewv1FM.jpeg	t	59	\N	7	\N	f
346	2025-01-14 16:31:08.004107+00	2025-01-30 08:31:29.42012+00	Стейк Бон Филе с Грибами	Нежный, классический стейк с добавлением сливочного соуса и нежных шампиньонов подается на блюде, украшенном домашним картофельным пюре.	119900	Bon Bon/category/Стейки/Стейк_Бон_Филе_с_Грибами_xY6yxJz.jpeg	t	61	\N	7	\N	f
350	2025-01-19 13:23:00.783117+00	2025-01-30 08:37:40.866551+00	Стейк куриный	Низкокалорийный стейк из куриной грудки, маринованной в пряных специях подается с соусом на выбор.	34900	Bon Bon/category/Стейки/Стейк_куриный_5aaa4iL.jpeg	t	61	\N	7	\N	f
353	2025-01-19 14:35:20.555933+00	2025-01-30 08:43:03.8679+00	Стейк Рыбой	Стейк, отличающийся богатым вкусом готовится из вырезки Рыбой без кости, прожаренной по классической технологии, гарнируется данное блюдо картофельным пюре.	119900	Bon Bon/category/Стейки/Стейк_Рыбой_HpM7LPJ.jpeg	t	61	\N	7	\N	f
356	2025-01-19 14:46:59.843665+00	2025-01-30 08:46:41.342441+00	ЧизСтейк Чиккен	Тонкие ломтики куриного филе, покрытые плавленым сыром Моцарелла, Сырным соусом и соусом Тар Тар подаются в хрустящей булочке, Начиненной золотистыми шампиньонами и колечками репчатого лука.	35000	Bon Bon/category/Стейки/ЧизСтейк_Чиккен_g28lGWC.jpeg	t	61	\N	7	\N	f
359	2025-01-19 14:57:27.420588+00	2025-01-30 14:37:39.665828+00	Классический Хот Дог	Сырная жареная сосиска, подается в разрезе булочки, начиненной салатом и чесночным соусом.	25000	Bon Bon/category/Хот дог/Классический_Хот_Дог_2pcOxtV.jpeg	t	62	\N	7	\N	f
362	2025-01-19 15:18:13.428114+00	2025-01-30 14:41:42.990854+00	Мисс Дейзи	Бесподобный бургер с добавлением соусом Аврора между булочками, посыпанными кунжутом аккуратно разложены говяжья котлета, карамелизованный шампиньоны, свежие листья шпината и салата.	39900	Bon Bon/category/Бургеры/Мисс_Дейзи_QpQtiFH.jpeg	t	63	\N	7	\N	f
365	2025-01-19 15:37:07.428488+00	2025-01-30 14:49:33.194141+00	Трюфель	Бургер с нотками французской кузни. Сочный бифштекс из говядины, низко-калорийное куриное филе, два нежных ломтика сыра и листовой салат под горчичным уступом на свежеиспеченной булочке.	44900	Bon Bon/category/Бургеры/Трюфель_KGWaGIl.jpeg	t	63	\N	7	\N	f
369	2025-01-20 15:59:56.542384+00	2025-01-30 17:00:40.182864+00	Барракуда	Пицца в Американском стиле готовится на толстом тесте. В основу начинки входит говяжье и куриное мясо, а также говяжий язык от соусом Италия с оливковым маслом.	129900	Bon Bon/category/Пицца Американская/Барракуда_n05IZ9i.jpeg	t	64	\N	7	\N	f
375	2025-01-25 07:31:36.299598+00	2025-01-31 07:24:48.799498+00	Сырный квартет	Мега сырная пицца из 4 видов сыра.	129900	Bon Bon/category/Пицца Американская/Сырный_квартет_pt3FpsG.jpeg	t	64	\N	7	\N	f
322	2025-01-13 15:07:37.738169+00	2025-01-30 07:18:00.200678+00	Сезонный	Сочетание свежий овощей и зелени с говяжьей вырезкой заправляется оливковым маслом и украшается белым кнжутом.	29900	Bon Bon/category/Салаты/Сезонный_o9kp8ij.jpeg	t	55	\N	7	\N	f
314	2025-01-13 08:43:55.055015+00	2025-01-26 09:19:10.394188+00	Bubble Сэндвич с Индейкой	Низкокалорийное филе индейки, подается под нежным сыром Хохланд, между двумя хрустящими вафлями с начинкой из свежих огурцов и томатов под особым соусом.	45000	Bon Bon/category/Сэндвич/Bubble_Сэндвич_с_Индейкой_hk964Cp.jpeg	t	54	\N	7	\N	f
312	2025-01-13 08:35:01.179113+00	2025-01-26 09:17:37.227241+00	Сэндвич с мясом	Мясной сэндвич готовится из жареного говяжьего филе, уложенного в ломтики мягкого хлеба из тостов и покрыто сливочной брынзой и копчёным сыром.	29900	Bon Bon/category/Сэндвич/Сэндвич_с_мясом_yKS0tz8.jpeg	t	54	\N	7	\N	f
313	2025-01-13 08:39:50.488705+00	2025-01-26 09:19:24.653895+00	Bubble Сэндвич с Курицей	Сэндвич из свежеиспеченных ломтиков вафли, начиненный листьями салата, обжаренным куриным филе, сочными томатами и огурцом, плавленым сыром моцарелла, заправляется фирменным соусом.	40000	Bon Bon/category/Сэндвич/Bubble_Сэндвич_с_Курицей_MgcRuiZ.jpeg	t	54	\N	7	\N	f
315	2025-01-13 08:47:48.439753+00	2025-01-26 10:16:05.218035+00	Бон Бон	Салат, приготовленный по фирменному рецепту нашего кафе.\r\nВсе ингредиенты выложены слоями и украшены хрустящим картофельным паем.	24900	Bon Bon/category/Салаты/Бон_Бон.jpeg	t	55	\N	7	\N	f
318	2025-01-13 08:58:25.365101+00	2025-01-26 10:23:29.758761+00	Цезарь	Сытных салат из свежих листьев Айсберга большого куска нежной Куриной грудки, долек помидора, заправленный легким соусом Цезарь и посыпан сухариками из тостов и сыром Пармезан.	34900	Bon Bon/category/Салаты/Цезарь.jpeg	t	55	\N	7	\N	f
316	2025-01-13 08:50:42.071985+00	2025-01-26 10:16:47.473642+00	Мэри	Куриный салат представляет собой сочетание свежих помидоров и разбавлены хрустящими огурцами и отварным картофелем.	27900	Bon Bon/category/Салаты/Мэри_Bfa4wlV.jpeg	t	55	\N	7	\N	f
317	2025-01-13 08:53:32.688914+00	2025-01-26 10:17:23.176274+00	Оливье	Советский салат из кубиков вареной колбасы, картофеля, моркови, консервированного горошка, дополненный классическими специями и майонезом провансаль.	19900	Bon Bon/category/Салаты/Оливье_kSWJnIE.jpeg	t	55	\N	7	\N	f
310	2025-01-13 08:25:31.48562+00	2025-01-30 06:55:07.185717+00	Баварский	Говяжий фарш с сыром, картофель фри по-Американски и ломтики колбасы.	34900	Bon Bon/category/Завтраки/Баварский_c4w1XTM.jpeg	t	51	\N	7	\N	f
309	2025-01-13 08:23:36.69336+00	2025-01-30 07:14:51.842128+00	Драники	Национальное Белорусское блюдо из смеси натертого картофелья и муки сочетаются с домашней сметаной и сезонным салатом.	24900	Bon Bon/category/Завтраки/Драники_SsRVbZw.jpeg	t	51	\N	7	\N	f
319	2025-01-13 09:08:02.873905+00	2025-01-30 07:16:40.048623+00	Le Bonnet	Низкокалорийный салат из свежей рукколы и кусочков сыра, заправляется соусом от Шеф "а" и имеет легкую кистинку за счёт свежих долек апельсина.	34900	Bon Bon/category/Салаты/Le_Bonnet_zMj4JV0.jpeg	t	55	\N	7	\N	f
327	2025-01-14 09:13:21.764916+00	2025-01-30 07:30:38.413916+00	Суп Куриный	Суп из домашней курицы, сваренной на медленном огне в бульоне с дополнениями из кубиков картофеля и моркови приправленный восточными специями.	24900	Bon Bon/category/Супы/Суп_Куриный_Deh6x5G.jpeg	t	56	\N	7	\N	f
331	2025-01-14 09:30:28.596568+00	2025-01-30 07:40:49.21411+00	Ризотто с курицей	Блюдо из риса и курицы с добавлением овощей и приправ готовится на сковороде.	29900	Bon Bon/category/Ризотто/Ризотто_с_курицей_zVYfTlM.jpeg	t	57	\N	7	\N	f
335	2025-01-14 11:24:14.688955+00	2025-01-30 07:49:13.320391+00	Альфреда с курицей	Итальянское блюдо из пасты Феттучини, смешанной со сливочным соусом молодым сыром пармезан и грибами.	49900	Bon Bon/category/Паста/Альфреда_с_курицей_IGz0tiT.jpeg	t	58	\N	7	\N	f
339	2025-01-14 11:46:19.46372+00	2025-01-30 08:06:30.970715+00	Бризоль	Блюдо представляет собой тонкий яичный блинчик с начинкой из фарша внутри.	39900	Bon Bon/category/Блюдо из говядины/Бризоль_BMJQkT9.jpeg	t	59	\N	7	\N	f
343	2025-01-14 16:17:36.385061+00	2025-01-30 08:27:31.801603+00	Фрикасе	Филе Курицы, Сливки, Помидор, Брокколи, Цветная Капуста, Лук, Репчатый, Специи.\r\nНа Гарнир Пюре картофельный.	39900	Bon Bon/category/Блюдо из курицы/Фрикасе_e1l7V15.jpeg	t	60	\N	7	\N	f
366	2025-01-19 15:39:31.003276+00	2025-01-30 14:51:18.052495+00	Месть Мясника	Фирменная булочка, две сочные говяжьи котлеты, пресная брынза и сырный соус сочетаются в этом бургере.	49900	Bon Bon/category/Бургеры/Месть_Мясника_LC4CqUN.jpeg	t	63	\N	7	\N	f
163	2024-05-30 18:06:22.24644+00	2025-01-13 10:56:43.959636+00	Прага манго персик	null	35000	Craft Burger/category/Десерты/Прага_манго_персик_UnF1nZu.jpeg	t	40	\N	5	\N	f
171	2024-05-30 18:15:23.295381+00	2025-01-13 11:01:12.395515+00	Шоколадный вулкан	null	40000	Craft Burger/category/Десерты/Шоколадный_вулкан_BOuT01w.jpeg	t	40	\N	5	\N	f
328	2025-01-14 09:18:21.512508+00	2025-01-30 07:31:54.428035+00	Фрикадельки	Основу супу с фрикадельками составляет мясной бульон, который завершают овощи, но главные герои этого легко супа являются мясные фрикадельки.	24900	Bon Bon/category/Супы/Фрикадельки.jpeg	t	56	\N	7	\N	f
373	2025-01-24 10:17:24.585259+00	2025-01-24 10:17:39.914871+00	Клубничный Розалин	\N	46000	Craft Burger/category/Десерты/Клубничный_Розалин.jpeg	t	40	\N	5	\N	f
138	2024-05-30 16:51:33.674169+00	2025-01-24 10:18:52.748603+00	Масклс	Итальянское тесто,соус мутти, сыр моцарелла, фаршированное мясо, бон филе, сыр хохланд, оливки,маслены, черри, болгарский перец, грибы шампиньоны.	90000	Craft Burger/category/Пицца/Масклс.jpeg	t	35	\N	5	\N	f
332	2025-01-14 09:32:41.255109+00	2025-01-30 07:41:48.124096+00	Ризотто с говядиной	Необычайно вкусное блюдо с кусочками мяса, которое пропитано специями и ароматом риса с сыром пармезан.	29900	Bon Bon/category/Ризотто/Ризотто_с_говядиной_YhuuoRG.jpeg	t	57	\N	7	\N	f
336	2025-01-14 11:38:51.316769+00	2025-01-30 07:54:32.04511+00	Великий Чингисхан	Мясо говядины, Картофель запечённый, Лук репчатый, Имбирь свежий, Чеснок, Зелень, Соевый соус, Масло растительное, Специи.	49900	Bon Bon/category/Блюдо из говядины/Великий_Чингисхан_LyHV05e.jpeg	t	59	\N	7	\N	f
340	2025-01-14 11:51:18.700775+00	2025-01-30 08:21:08.185506+00	Ордзотто с куриной грудкой	Блюдо похожее на ризотто, но приготовленное из перловой крупы вместо риса. Томленая перловая крупа с легким послевкусием копченостей и волшебным ароматом специи.	49900	Bon Bon/category/Блюдо из курицы/Ордзотто_с_куриной_грудкой_fsVmnvh.jpeg	t	60	\N	7	\N	f
344	2025-01-14 16:23:53.137013+00	2025-01-30 08:29:03.246913+00	Стейк куриный с овощами	Низкокалорийный стейки из куриной грудки, маринованной в пряных специях подается с овощами на гриле.	49900	Bon Bon/category/Стейки/Стейк_куриный_с_овощами_R6kbKd6.jpeg	t	61	\N	7	\N	f
348	2025-01-19 13:15:57.114006+00	2025-01-30 08:34:55.362304+00	Колбаски на мангале	Мюнхенский колбаски с дымком, гарнированные поджаристой луковым паем в сочетании с красной капусты и деликатным картофельным пюре.	44900	Bon Bon/category/Стейки/Колбаски_на_мангале_N7IEYEC.jpeg	t	61	\N	7	\N	f
351	2025-01-19 14:28:33.992342+00	2025-01-30 08:39:01.269849+00	Стейк Бон филе	Крупный кусок мяса на Т-образной кости, с мягкой вырезкой на одной стороне и большой и насыщенный частью на другой дополняется пропечённым картофелем по-деревенски и миксом из сезонного салата.	124900	Bon Bon/category/Стейки/Стейк_Бон_филе_01en5B7.jpeg	t	61	\N	7	\N	f
354	2025-01-19 14:38:36.572041+00	2025-01-30 08:44:52.438957+00	ЧизСтейк Филадельфия	Кусочки сочного поджаренного стейк с овощами и луком в сыре Моцарелла на подложке из хрустящей булочки.	40000	Bon Bon/category/Стейки/ЧизСтейк_Филадельфия_YH489WB.jpeg	t	61	\N	7	\N	f
357	2025-01-19 14:50:29.30778+00	2025-01-30 08:48:11.018197+00	ЧизСтейк с Фаршем	Нежный говяжий фарш, обжаренный с луком, покрытый сливочной Моцареллой в хрустящих хлебных ломтиках, приправленных пикантным соусом Италия и Сырным соусом.	40000	Bon Bon/category/Стейки/ЧизСтейк_с_Фаршем_jwlLLTF.jpeg	t	61	\N	7	\N	f
394	2025-01-30 08:49:07.078518+00	2025-01-31 09:23:09.522111+00	Соус сырный	null	4900	Bon Bon/category/Соусы/Соус_сырный.jpeg	t	67	\N	7	\N	f
363	2025-01-19 15:30:59.050053+00	2025-01-30 14:44:27.593361+00	Папа Бургер	Большой и сытный бургер с сочной говяжьей котлетой, ломтиком сыра салатными листьями и маринованного огурчиками в узбекской лепешке.	39900	Bon Bon/category/Бургеры/Папа_Бургер_16yIRNd.jpeg	t	63	\N	7	\N	f
367	2025-01-19 15:46:01.287521+00	2025-01-30 14:53:39.69674+00	Классический	Бургер, приготовленный по классическому рецепту. Пшеничная булочка, котлета из 100% говядины, свежие овощи и заправка из микста кетчупа и майонеза.	29900	Bon Bon/category/Бургеры/Классический_OH7Z9Tm.jpeg	t	63	\N	7	\N	f
370	2025-01-20 16:02:08.890672+00	2025-01-30 17:03:00.188994+00	Большой гриб	Ароматная пицца, имеющая в своем составе большое количество Грибов, посыпана натертой моцареллой и запечена до золотистой корочки.	129900	Bon Bon/category/Пицца Американская/Большой_гриб_wkPBdWJ.jpeg	t	64	\N	7	\N	f
376	2025-01-25 07:34:35.672982+00	2025-01-31 07:26:29.815585+00	Охотничья	Острая пицца на соусе из свежих помидоров с охотничьими колбасками, колбасками пепперони, оливками и на толстом тесте.	129900	Bon Bon/category/Пицца Американская/Охотничья_WTz3Tnj.jpeg	t	64	\N	7	\N	f
399	2025-01-30 08:52:18.703761+00	2025-01-31 09:28:49.872583+00	Кетчуп	null	3000	Bon Bon/category/Соусы/Кетчуп_bkBWbzJ.jpeg	t	67	\N	7	\N	f
145	2024-05-30 17:05:07.899613+00	2025-01-13 11:14:15.301878+00	Хот-Дог	null	26000	Craft Burger/category/Хот-доги/Хот-Дог_iw7TKfn.jpeg	t	37	\N	5	\N	f
128	2024-05-30 16:37:36.352097+00	2025-01-13 11:19:05.025156+00	Craft	Белая булочка, Кусочки бон филе Пресс мясо,фирменный соус,салатный лист, помидор, огурцы (марини	52000	Craft Burger/category/Бургеры/Craft_GW67c6v.jpeg	t	33	\N	5	\N	f
137	2024-05-30 16:50:59.508529+00	2025-01-24 10:18:46.923006+00	4 cезона	Итальянское тесто, соус мутти, сыр моцарелла, куриный филе ,фаршированное мясо, колбаски пепперони, оливки, маслены, помидоры, болгарский перец, грибы шампиньоны.	77000	Craft Burger/category/Пицца/4_cезона_fccLrah.jpeg	t	35	\N	5	\N	f
296	2024-12-10 20:37:49.871884+00	2025-01-14 13:09:09.798776+00	Куриный филе	null	80000	Craft Burger/category/KFC/Куриный_филе_XFsbm7o.jpeg	f	49	\N	5	\N	f
374	2025-01-24 14:31:36.913695+00	2025-01-24 14:31:46.396897+00	Куриные наггетсы	\N	20000	Craft Burger/category/Side-dish/Куриные_наггетсы.jpeg	t	38	\N	5	\N	f
329	2025-01-14 09:23:01.291049+00	2025-01-30 07:34:40.92235+00	Солянка	В сборной мясной солянке используется несколько видов мяса, и готовится такой суп порционных керамических горшочках в духовом шкафу.	29900	Bon Bon/category/Супы/Солянка_8dlRFIy.jpeg	t	56	\N	7	\N	f
333	2025-01-14 11:18:33.71693+00	2025-01-30 07:43:18.505034+00	Болоньезе	Основой блюда является соус Болонье, Густой томатно-мясной соус с овощами, который подается с пастой  тольятелле.	34900	Bon Bon/category/Паста/Болоньезе_Ycee2M0.jpeg	t	58	\N	7	\N	f
337	2025-01-14 11:41:46.877608+00	2025-01-30 07:56:48.494005+00	Мясо в сметанном соусе	Филе говядины, Грибы Шампиньоны, Сливки, Сметана, Картофельное пюре, Масло растительное, Лук репчатый, Зелень, Специи.	44900	Bon Bon/category/Блюдо из говядины/Мясо_в_сметанном_соусе_677u62K.jpeg	t	59	\N	7	\N	f
341	2025-01-14 14:53:04.006323+00	2025-01-30 08:22:32.742026+00	Бедро с шампиньонами	Фламбированное  в белом сухом вине куриное бедрышко в дуете с шампиньонами, маринованными в солоновато кислом соевой соусе на блюде, гарнированном картофелем по-деревенски.	44900	Bon Bon/category/Блюдо из курицы/Бедро_с_шампиньонами_D3b27Fq.jpeg	t	60	\N	7	\N	f
345	2025-01-14 16:28:13.446673+00	2025-01-30 08:30:19.797109+00	Стейк ассорти	Ассорти из стейков Бон филе, Антрекота, сочных Баварских колбасок, диетической Куриной грудки и Куриных бедер подается на блюде, украшенном свежими овощами и соусом на выбор.	269900	Bon Bon/category/Стейки/Стейк_ассорти_gYKQyJC.jpeg	t	61	\N	7	\N	f
352	2025-01-19 14:31:49.571272+00	2025-01-30 08:40:52.300404+00	Стейк Нью-Йорк	Нежная текстура стейки из мраморного мяса с ярко-выраженным вкусом идеально сочетается с золотистым деревенским картофелем и салатом микс.	104900	Bon Bon/category/Стейки/Стейк_Нью-Йорк_en78gRW.jpeg	t	61	\N	7	\N	f
395	2025-01-30 08:49:31.970239+00	2025-01-31 09:22:02.804617+00	Соус чесночный	null	4900	Bon Bon/category/Соусы/Соус_чесночный.jpeg	t	67	\N	7	\N	f
358	2025-01-19 14:54:33.794401+00	2025-01-30 14:33:49.752868+00	Особый Хот Дог	Свежая булочка, наполненная кабачковый икрой, сладким томатом с горячей сырной сосиской, приправленная особым соусом и украшенная картофельным паем.	25000	Bon Bon/category/Хот дог/Особый_Хот_Дог_g8dGa85.jpeg	t	62	\N	7	\N	f
364	2025-01-19 15:33:10.166586+00	2025-01-30 14:45:56.388913+00	Классика с сыром	Знаменитый классический бургер, отличающийся лишь большим количеством сыры.	34900	Bon Bon/category/Бургеры/Классика_с_сыром_A0ZI4Nm.jpeg	t	63	\N	7	\N	f
361	2025-01-19 15:13:52.091448+00	2025-01-30 14:54:36.056856+00	Бон Бон	Бургер по-особому рецепту состоит из копченого мяса и сыра сочной говяжьей котлеты и свежих фермерских овощей заправлен сладким мясным соусом.	39900	Bon Bon/category/Бургеры/Бон_Бон_An2aAI5.jpeg	t	63	\N	7	\N	f
368	2025-01-20 15:54:37.518198+00	2025-01-30 16:59:26.577367+00	Дьябло	Колоритное название указывает на жгучий вкус блюда В состав начинки входит колбаса салями, мягкий сыр моцарелла, грибы и специи. Дополнением к горячей выпечке станет томатный соус из свежих помидоров.	129900	Bon Bon/category/Пицца Американская/Дьябло_lYm5gCi.jpeg	t	64	\N	7	\N	f
371	2025-01-20 16:04:32.518945+00	2025-01-30 17:05:51.367874+00	Комбо	Комбинированная пицца с начинкой из сладких помидоров, говяжьих слайсов и рваной курицы, приправленные оливковым маслом и соусом Италия, смешанного с орегано.	129900	Bon Bon/category/Пицца Американская/Комбо_1lX4ATF.jpeg	t	64	\N	7	\N	f
400	2025-01-30 08:52:37.174981+00	2025-01-31 09:29:51.181184+00	Майонез	null	3000	Bon Bon/category/Соусы/Майонез_YSLqoVg.jpeg	t	67	\N	7	\N	f
355	2025-01-19 14:42:43.204009+00	2025-01-31 09:34:41.619953+00	ЧизСтейк Бон Бон	Бургер, приготовленный по особому рецепту, приготовлен из тонко нерезаных кусочков бифштекса и плавленой Моцареллы. В длинной свежеиспеченной булочке, украшенной сливочным соусом Тар Тар и Сырным соусом.	45000	Bon Bon/category/Стейки/ЧизСтейк_Бон_Бон_1dm8olj.jpeg	t	61	\N	7	\N	f
377	2025-01-25 07:38:08.002651+00	2025-01-31 07:27:49.969363+00	Цезарь	Тончайшее тесто покрытое ингредиентами салата цезарь и политое чесночным соусом в дополнении со сливочным сыром моцарелла.	74900	Bon Bon/category/Пицца Итальянский/Цезарь_WBxaaOh.jpeg	t	65	\N	7	\N	f
378	2025-01-25 07:41:06.450337+00	2025-01-31 07:30:20.541183+00	Бон Бон	Пицца по-особому рецепту нашего кафе, состоящая из говяжьего мяса, зеленого болгарского перца, сочных помидоров и классического сыра моцарелла.	84900	Bon Bon/category/Пицца Итальянский/Бон_Бон_a7WE6YT.jpeg	t	65	\N	7	\N	f
379	2025-01-25 07:43:42.964938+00	2025-01-31 07:31:41.172715+00	Грибная	Отличное сочетание для пиццы: грибы, помидоры и сыр, а главным компонентом начинки выступают шампиньоны.	64900	Bon Bon/category/Пицца Итальянский/Грибная_MtcjL4y.jpeg	t	65	\N	7	\N	f
380	2025-01-25 07:47:12.640003+00	2025-01-31 07:32:48.574857+00	Болоньезе	Сытная пицца на основе соуса Болоньезе и начинки из мясного фарша, томатов, зелени с нежным сыром моцарелла.	64900	Bon Bon/category/Пицца Итальянский/Болоньезе_2mOffdF.jpeg	t	65	\N	7	\N	f
381	2025-01-25 07:50:25.688431+00	2025-01-31 07:33:47.414626+00	Маргарита	Мягкое внутри и хрустящее снаружи тесто, сочетание расплавленного сыра и помидоров, пикантный аромат базилика не оставят никого равнодушным.	54900	Bon Bon/category/Пицца Итальянский/Маргарита_V0R4ocs.jpeg	t	65	\N	7	\N	f
382	2025-01-25 07:57:45.749682+00	2025-01-31 07:35:14.433551+00	Четыре сыра	В состав этой пиццы входят 4 вида изысканных сыров: Пармезан, Моцарелла, Виола и Фетакса, а в качестве украшения выступает аккуратная россыпь орегано.	74900	Bon Bon/category/Пицца Итальянский/Четыре_сыра_5kZ7pOp.jpeg	t	65	\N	7	\N	f
383	2025-01-25 08:02:52.170333+00	2025-01-31 07:36:22.848361+00	Баварская	Основу рецептуры составляют мюнхенские колбаски один из главных национальных продуктов Германии. Второй компонент-салями пепперони, а сочные кусочки свежеобжаренных Грибов и плавленый сыр моцарелла завершают данную композицию.	69900	Bon Bon/category/Пицца Итальянский/Баварская_ojczkNy.jpeg	t	65	\N	7	\N	f
384	2025-01-25 08:07:46.991476+00	2025-01-31 07:37:45.016535+00	Мексикано	Пицца имеет пикантный вкус за счет основы из соуса Италия и сладкого перца, а начинка из говяжьего фарша добавляет вкусу сочности.	74900	Bon Bon/category/Пицца Итальянский/Мексикано_gFYPDOV.jpeg	t	65	\N	7	\N	f
385	2025-01-25 08:11:18.78996+00	2025-01-31 07:39:45.166479+00	Комбинированная	Пицца ассорти из двух видов мяса, маринованных вишенок, кусочков, сливочной моцареллы под соусом Италия.	84900	Bon Bon/category/Пицца Итальянский/Комбинированная_tqYy78o.jpeg	t	65	\N	7	\N	f
387	2025-01-25 09:02:02.820175+00	2025-01-31 07:42:20.515983+00	Пепперони	Классический состав в котором нет ничего лишнего! Колбаски Пепперони с легкой перчинкой, сыр моцарелла со сливочным вкусом и традиционные Итальянские травы на тонком тесте с пряным томатным соусом.	64900	Bon Bon/category/Пицца Итальянский/Пепперони_sgsmCuF.jpeg	t	65	\N	7	\N	f
388	2025-01-25 09:12:24.661487+00	2025-01-31 09:11:46.134307+00	Картофель по-Деревенски	Среди многочисленных блюд, которые предлагает пиццерия District, особое место занимает простое и вкусное блюдо – картофель по-деревенски. Эти сочные кусочки картофеля, обжаренные до хрустящей золотистой корочки и приправленные ароматными специями, завоевали сердца многих гурманов.	14900	Bon Bon/category/Гарниры/Картофель_по-Деревенски_56KGIhx.jpeg	t	66	\N	7	\N	f
389	2025-01-25 09:17:28.377366+00	2025-01-31 09:13:48.905472+00	Картофельное Пюре	Картофельного пюре начинается в Южной Америке, где картофель выращивали ещё древние инки. Для них картофель был не просто едой, а священным растением.	11900	Bon Bon/category/Гарниры/Картофельное_Пюре_H362Clf.jpeg	t	66	\N	7	\N	f
390	2025-01-25 11:13:45.341617+00	2025-01-31 09:15:53.004803+00	Картофель Фри по-Американски	Считается, что картофель фри впервые приготовили в Бельгии.\r\nбельгийцев появилась идея вместо рыбы использовать картошку.	14900	Bon Bon/category/Гарниры/Картофель_Фри_по-Американски_Wg68jmp.jpeg	t	66	\N	7	\N	f
391	2025-01-25 11:17:04.181795+00	2025-01-31 09:18:24.701429+00	Рис с Овощами	Родиной риса считают территорию современного Вьетнама и Таиланда, где 9 тысяч лет назад начали выращивать эту культуру. В Древней Греции продукт использовали исключительно как общеукрепляющее средство, а в Европе крупу долгое время считали роскошью.	15900	Bon Bon/category/Гарниры/Рис_с_Овощами_qdwJkwh.jpeg	t	66	\N	7	\N	f
392	2025-01-25 11:18:32.224544+00	2025-01-31 09:19:26.382119+00	Рис Отварной	Считается, что метод варки риса возник в Китае, где рис выращивают более 5000 лет. Из Китая этот метод распространился в другие части Азии и, в конечном итоге, по всему миру.	9900	Bon Bon/category/Гарниры/Рис_Отварной_3zFZJi1.jpeg	t	66	\N	7	\N	f
393	2025-01-25 11:24:20.765692+00	2025-01-31 09:20:44.340366+00	Картофель по-Домашнему	Появления рецепта картофеля по-деревенски связана с историей самого картофеля.	19900	Bon Bon/category/Гарниры/Картофель_по-Домашнему_3bzPv1R.jpeg	t	66	\N	7	\N	f
311	2025-01-13 08:31:58.394883+00	2025-01-26 09:17:00.859484+00	Сэндвич с курицей	Сытный из тостерного хлеба дополнены аппетитной начинкой из нежного куриного филе, сладких помидоров, хрустящих листьев салата и маринованных огурчиков. Особую сочность придает бархатный соус Аврора, приготовленный по-особому рецепту.	26900	Bon Bon/category/Сэндвич/Сэндвич_с_курицей_raMfrbo.jpeg	t	54	\N	7	\N	f
324	2025-01-13 15:18:16.110793+00	2025-01-26 11:29:47.305835+00	Греческий	Деревенский салат из крупно нарезанных помидоров, сладкого перца, огурцов, Сыра, лука шалот и маслин, заправленный оливковым маслом с солю,	34900	Bon Bon/category/Салаты/Греческий_SWPiiDA.jpeg	t	55	\N	7	\N	f
323	2025-01-13 15:14:04.412696+00	2025-01-26 11:30:13.86056+00	Незнайка	Необычный салат из куриного филе, дополненного сладким ананасом в сочетании со сливочным вкусом моцареллы и натертого куриного яйца заправляется майонезом по-домашнему рецепту.	34900	Bon Bon/category/Салаты/Незнайка_JKS5utu.jpeg	t	55	\N	7	\N	f
304	2025-01-13 08:11:20.758681+00	2025-01-30 06:54:02.715643+00	Гренки с сыром	Домашний завтрак ломтиков хлеба в смеси из взбитых яиц и специи обжарены в большом количестве масла и украшены сыром моцарелла.	19900	Bon Bon/category/Завтраки/Гренки_с_сыром_bjvx6Bl.jpeg	t	51	\N	7	\N	f
326	2025-01-14 09:09:50.85899+00	2025-01-30 07:28:36.829604+00	Крем суп Грибной	Масса из приготовленных шампиньонов, вишенок, картофельных кубиков, небольшого количества домашнего молока, сливок высокой жирности и растительного масла пробивается блендером до жидкой консистенции и посыпается хрустящими сухариками.	29900	Bon Bon/category/Супы/Крем_суп_Грибной_wj3RnMI.jpeg	t	56	\N	7	\N	f
347	2025-01-19 13:12:08.132257+00	2025-01-30 08:32:43.293603+00	Медальоны на гриле	Нежное мясо с легким сливочным послевкусием, прожаренное до готовности на гриле гарнировано дольками картофеля по-деревенски и миксом сезонного салата дополняются пряным соусом Италия.	119900	Bon Bon/category/Стейки/Медальоны_на_гриле_rHVH6p7.jpeg	t	61	\N	7	\N	f
349	2025-01-19 13:20:20.681204+00	2025-01-30 08:36:25.060827+00	Куриное бедро на мангале	Мясо куриных бедер, прожаренных на мы мангале получается сочным благодаря наличию небольшого количеств жира. На гарнир к такому блюду идеально походит сладкая кукуруза и кольца нежно-пряного красного лука.	44900	Bon Bon/category/Стейки/Куриное_бедро_на_мангале_WAltVhK.jpeg	t	61	\N	7	\N	f
360	2025-01-19 15:00:01.90942+00	2025-01-30 14:39:38.113016+00	Баварский Хот Дог	Баварская колбаска, картофельный пай и свежий салат, подаваемые в разрезанной булочки политой кетчупом и горчичным соусом.	25000	Bon Bon/category/Хот дог/Баварский_Хот_Дог_mUtNbMO.jpeg	t	62	\N	7	\N	f
386	2025-01-25 08:15:50.560842+00	2025-01-31 07:40:56.618972+00	Мясное ассорти	Любителям мяса посвящается! Настоящий взрыв разнообразных видов Итальянских мясных деликатесов. Здесь и пряные колбаски пепперони куриное филе и классическая ветчина. Рецепт дополнен соусами орегано и Италия.	84900	Bon Bon/category/Пицца Итальянский/Мясное_ассорти_Y4HnQ8l.jpeg	t	65	\N	7	\N	f
303	2025-01-13 08:08:06.544259+00	2025-01-31 09:32:45.43022+00	Бон Бон	Mix из вареных яиц домашнего меда, молоко, долек лимона и натурального сыра подаются со сливочным маслом.	34900	Bon Bon/category/Завтраки/Бон_Бон_tXTOVzj.jpeg	t	51	\N	7	\N	f
25	2024-03-06 06:55:31.339309+00	2025-02-16 06:27:47.476447+00	Луковый Суп	Луковый суп - это ароматное и утонченное блюдо, которое обладает неповторимым вкусом и приятным ароматом. Этот суп является идеальным выбором как для холодного зимнего вечера, так и для легкого летнего обеда. Главным ингредиентом этого блюда является свежий лук, который приобретает нежный и слегка сладковатый вкус благодаря долгому томлению в бульоне.\r\n\r\nЛуковый суп приготавливается на основе медленно вареного бульона, в который добавляются обжаренные луковые кольца до состояния золотистой карамелизации. Этот процесс обогащает суп насыщенным вкусом и создает приятную текстуру. Для добавления глубины вкуса и аромата могут использоваться различные специи и травы, такие как тимьян, лавровый лист и черный перец.\r\n\r\nЛуковый суп часто подается с добавлением запеченного сыра или хрустящих гренок, что придает блюду дополнительную текстуру и насыщенный вкус. Приятная гармония между сладковатым вкусом лука и насыщенным ароматом бульона делает этот суп привлекательным выбором для любителей классической кухни.\r\n\r\nСочетание богатого аромата и нежного вкуса делает луковый суп не только вкусным, но и питательным блюдом, которое приносит удовольствие каждому, кто его пробует.	40000	Olivia/category/Первое Блюдо/Луковый_Суп.jpg	t	4	\N	3	\N	t
\.


--
-- Data for Name: menu_app_promo; Type: TABLE DATA; Schema: public; Owner: aurora
--

COPY public.menu_app_promo (id, created_time, update_time, name, description, photo, price, is_active, created_by_id, restaurant_id, update_by_id) FROM stdin;
2	2024-03-06 07:53:19.745204+00	2025-03-11 20:33:41.236474+00	Счастливые часы	В промежуток с 10:00 до 14:00 действует скидка на -50% для категории напитки.	Olivia/promo/Счастливые часы/happy_hour.jpg	50	t	2	3	2
1	2024-03-06 07:51:06.856754+00	2025-03-11 20:49:15.694638+00	1+1	Купи две Пиццы и получи один в подарок.	Olivia/promo/1+1=3/пицца.jpg	99000	t	2	3	2
1076	2024-06-08 05:27:02.705848+00	2024-06-08 07:04:36.250206+00	Комбо набор	бургер,\r\nфри\r\nкола разливная,\r\nсоус барбекю,\r\nсоус чесночный	Craft Burger/promo/Комбо набор/Комбо_набор.jpeg	40000	t	5	5	5
1094	2025-01-31 09:57:06.593552+00	2025-01-31 09:57:11.86504+00	Сеть Халява-1	Кафе Бон Бон предлагает  вам сеть ХАЛЯВА Бургер с куриным котлетам, картофель по-деревенски, соус чесночный, кола 0,33,	Bon Bon/promo/Сеть Халява-1/Сеть_Халява-1.jpeg	37900	t	7	7	7
1095	2025-01-31 09:58:59.916887+00	2025-01-31 09:59:07.812657+00	Сеть Халява-2	Кафе Бон Бон предлагает  вам сеть ХАЛЯВА. Бургер с говяжьей котлетам, картофель по-деревенски и соус	Bon Bon/promo/Сеть Халява-2/Сеть_Халява-2.jpeg	37900	t	7	7	7
1096	2025-01-31 10:00:48.323484+00	2025-01-31 10:02:09.470108+00	Сеть Халява-3	Кафе Бон Бон предлагает  вам сеть ХАЛЯВА. Лаваш куриный, картофель по-деревенски и соус	Bon Bon/promo/Сеть Халява-3/Сеть_Халява-3.jpeg	37900	t	7	7	7
1097	2025-01-31 10:02:04.966055+00	2025-01-31 10:02:10.991737+00	Сеть Халява-4	Кафе Бон Бон предлагает  вам сеть ХАЛЯВА. Лаваш говяжьей, картофель по-деревенски и соус	Bon Bon/promo/Сеть Халява-4/Сеть_Халява-4.jpeg	37900	t	7	7	7
1072	2024-06-08 04:58:41.245772+00	2024-06-11 10:50:16.707218+00	test	null	Pasta House/promo/test/test_XUztAQ1.jpeg	1234	t	1	1	1
\.


--
-- Data for Name: menu_app_restaurant; Type: TABLE DATA; Schema: public; Owner: aurora
--

COPY public.menu_app_restaurant (id, created_time, update_time, name, address, background_photo, logo, created_by_id, update_by_id, user_id, instagram_link, is_active, telegram_link, availability_orders, orders_chat_id, waiter_chat_id) FROM stdin;
3	2024-03-04 19:40:17.532091+00	2025-03-16 06:59:01.005121+00	Olivia	USA California	Olivia/backgroud/Restoran_na_kryshe.jpg	Olivia/logo/0889x24izl.webp	2	2	2	https://www.google.com/	t	12	t	-974972939	-974972939
4	2024-04-08 05:54:36.388636+00	2024-04-28 16:15:28.268193+00	Joy Chaikhana	Old City	Joy Chaikhana/backgroud/test3_weIvq5m.jpeg	Joy Chaikhana/logo/bordered_logo.jpg	1	1	4	\N	t	\N	f	\N	\N
6	2024-06-25 13:56:47.481413+00	2024-07-09 10:12:46.929767+00	The Plov	Ibn Sino	The Plov/backgroud/Restoran_na_kryshe.jpg	The Plov/logo/images.jfif	1	1	6	https://www.instagram.com/the_plov_bukhara/	f	#	t	-1	-1
5	2024-05-30 16:30:16.080494+00	2025-03-07 19:39:56.833659+00	Craft Burger	Islam Karimov street	Craft Burger/backgroud/f177da90b67a130e579dda84c7adec4a.jpg	Craft Burger/logo/IMG_3706.JPG	1	1	\N	https://www.instagram.com/craftburger.uz?igsh=bmM3ZHpob3EwYXY4	t	https://t.me/craftcafebukhara	f	\N	\N
7	2024-12-29 13:48:10.029839+00	2025-03-07 19:40:20.093551+00	Bon Bon	-	Bon Bon/backgroud/IMAGE_2025-01-13_14_43_19-5qfnD4WiG-transformed.jpeg	Bon Bon/logo/Pica-enhance-20250202115843.jpg	1	1	\N	-	t	-	f	1	1
1	2024-03-04 12:59:26.233258+00	2025-03-09 14:08:46.725987+00	Pasta House	The Tukimachi street	Pasta House/backgroud/e45b4cc7b37cedb4a7df031f7ac8b5d1-1100x825_1.jpeg	Pasta House/logo/2024-03-04_12.28.47.jpg	1	1	\N	\N	t	\N	t	-714713997	-714713997
\.


--
-- Data for Name: users_user; Type: TABLE DATA; Schema: public; Owner: aurora
--

COPY public.users_user (id, password, last_login, is_superuser, first_name, last_name, email, phone, telegram_id, user_registered_at, is_active, is_staff, is_user, is_vendor) FROM stdin;
3	pbkdf2_sha256$600000$VgmoiGAzsDdMF6epPuo3tZ$KJImrKU5xMkz9GhKD4YJCSGBc5Be6JIbbSxJQktiOQE=	\N	f	Gulyamov	Mirzogulyam	gulyamo222v640@gmail.com	+998934733220	\N	2025-03-07 20:50:00.194426+00	t	f	t	f
2	pbkdf2_sha256$600000$kU61YZNliwip1ETfhzabX3$UwVmWL/l60TwNUIVXfQcH8hoKoy/nYwxg6hshAc6H90=	\N	t	Gulyamov	Mirzogulyam	gulyamov640@gmail.com	+998934733223	\N	2025-03-07 20:48:07.361246+00	t	t	t	t
1	pbkdf2_sha256$600000$dEbJNc1efKOiP8o7tuYi2c$MsVD9H7e4UJJ7opNo++5fWz6xZBc0hcVOqv4hIam/yk=	2025-03-16 06:58:25.546369+00	t	Super	Admin	admin@gmail.com	+998881836222	123456789	2025-03-07 19:34:18.027131+00	t	t	t	t
\.


--
-- Data for Name: users_user_groups; Type: TABLE DATA; Schema: public; Owner: aurora
--

COPY public.users_user_groups (id, user_id, group_id) FROM stdin;
\.


--
-- Data for Name: users_user_user_permissions; Type: TABLE DATA; Schema: public; Owner: aurora
--

COPY public.users_user_user_permissions (id, user_id, permission_id) FROM stdin;
1	1	1
2	1	2
3	1	3
4	1	4
5	1	5
6	1	6
7	1	7
8	1	8
9	1	9
10	1	10
11	1	11
12	1	12
13	1	13
14	1	14
15	1	15
16	1	16
17	1	17
18	1	18
19	1	19
20	1	20
21	1	21
22	1	22
23	1	23
24	1	24
25	1	25
26	1	26
27	1	27
28	1	28
29	1	29
30	1	30
31	1	31
32	1	32
33	1	33
34	1	34
35	1	35
36	1	36
37	1	37
38	1	38
39	1	39
40	1	40
41	1	41
42	1	42
43	1	43
44	1	44
45	2	1
46	2	2
47	2	3
48	2	4
49	2	5
50	2	6
51	2	7
52	2	8
53	2	9
54	2	10
55	2	11
56	2	12
57	2	13
58	2	14
59	2	15
60	2	16
61	2	17
62	2	18
63	2	19
64	2	20
65	2	21
66	2	22
67	2	23
68	2	24
69	2	25
70	2	26
71	2	27
72	2	28
73	2	29
74	2	30
75	2	31
76	2	32
77	2	33
78	2	34
79	2	35
80	2	36
81	2	37
82	2	38
83	2	39
84	2	40
85	2	41
86	2	42
87	2	43
88	2	44
\.


--
-- Name: auth_group_id_seq; Type: SEQUENCE SET; Schema: public; Owner: aurora
--

SELECT pg_catalog.setval('public.auth_group_id_seq', 1, false);


--
-- Name: auth_group_permissions_id_seq; Type: SEQUENCE SET; Schema: public; Owner: aurora
--

SELECT pg_catalog.setval('public.auth_group_permissions_id_seq', 1, false);


--
-- Name: auth_permission_id_seq; Type: SEQUENCE SET; Schema: public; Owner: aurora
--

SELECT pg_catalog.setval('public.auth_permission_id_seq', 44, true);


--
-- Name: auth_user_groups_id_seq; Type: SEQUENCE SET; Schema: public; Owner: aurora
--

SELECT pg_catalog.setval('public.auth_user_groups_id_seq', 1, false);


--
-- Name: auth_user_id_seq; Type: SEQUENCE SET; Schema: public; Owner: aurora
--

SELECT pg_catalog.setval('public.auth_user_id_seq', 7, true);


--
-- Name: auth_user_user_permissions_id_seq; Type: SEQUENCE SET; Schema: public; Owner: aurora
--

SELECT pg_catalog.setval('public.auth_user_user_permissions_id_seq', 16, true);


--
-- Name: django_admin_log_id_seq; Type: SEQUENCE SET; Schema: public; Owner: aurora
--

SELECT pg_catalog.setval('public.django_admin_log_id_seq', 12, true);


--
-- Name: django_content_type_id_seq; Type: SEQUENCE SET; Schema: public; Owner: aurora
--

SELECT pg_catalog.setval('public.django_content_type_id_seq', 11, true);


--
-- Name: django_migrations_id_seq; Type: SEQUENCE SET; Schema: public; Owner: aurora
--

SELECT pg_catalog.setval('public.django_migrations_id_seq', 36, true);


--
-- Name: menu_app_category_id_seq; Type: SEQUENCE SET; Schema: public; Owner: aurora
--

SELECT pg_catalog.setval('public.menu_app_category_id_seq', 69, true);


--
-- Name: menu_app_menu_id_seq; Type: SEQUENCE SET; Schema: public; Owner: aurora
--

SELECT pg_catalog.setval('public.menu_app_menu_id_seq', 407, true);


--
-- Name: menu_app_promo_id_seq; Type: SEQUENCE SET; Schema: public; Owner: aurora
--

SELECT pg_catalog.setval('public.menu_app_promo_id_seq', 1113, true);


--
-- Name: menu_app_restaurant_id_seq; Type: SEQUENCE SET; Schema: public; Owner: aurora
--

SELECT pg_catalog.setval('public.menu_app_restaurant_id_seq', 7, true);


--
-- Name: users_user_groups_id_seq; Type: SEQUENCE SET; Schema: public; Owner: aurora
--

SELECT pg_catalog.setval('public.users_user_groups_id_seq', 1, false);


--
-- Name: users_user_id_seq; Type: SEQUENCE SET; Schema: public; Owner: aurora
--

SELECT pg_catalog.setval('public.users_user_id_seq', 3, true);


--
-- Name: users_user_user_permissions_id_seq; Type: SEQUENCE SET; Schema: public; Owner: aurora
--

SELECT pg_catalog.setval('public.users_user_user_permissions_id_seq', 88, true);


--
-- Name: auth_group auth_group_name_key; Type: CONSTRAINT; Schema: public; Owner: aurora
--

ALTER TABLE ONLY public.auth_group
    ADD CONSTRAINT auth_group_name_key UNIQUE (name);


--
-- Name: auth_group_permissions auth_group_permissions_group_id_permission_id_0cd325b0_uniq; Type: CONSTRAINT; Schema: public; Owner: aurora
--

ALTER TABLE ONLY public.auth_group_permissions
    ADD CONSTRAINT auth_group_permissions_group_id_permission_id_0cd325b0_uniq UNIQUE (group_id, permission_id);


--
-- Name: auth_group_permissions auth_group_permissions_pkey; Type: CONSTRAINT; Schema: public; Owner: aurora
--

ALTER TABLE ONLY public.auth_group_permissions
    ADD CONSTRAINT auth_group_permissions_pkey PRIMARY KEY (id);


--
-- Name: auth_group auth_group_pkey; Type: CONSTRAINT; Schema: public; Owner: aurora
--

ALTER TABLE ONLY public.auth_group
    ADD CONSTRAINT auth_group_pkey PRIMARY KEY (id);


--
-- Name: auth_permission auth_permission_content_type_id_codename_01ab375a_uniq; Type: CONSTRAINT; Schema: public; Owner: aurora
--

ALTER TABLE ONLY public.auth_permission
    ADD CONSTRAINT auth_permission_content_type_id_codename_01ab375a_uniq UNIQUE (content_type_id, codename);


--
-- Name: auth_permission auth_permission_pkey; Type: CONSTRAINT; Schema: public; Owner: aurora
--

ALTER TABLE ONLY public.auth_permission
    ADD CONSTRAINT auth_permission_pkey PRIMARY KEY (id);


--
-- Name: auth_user_groups auth_user_groups_pkey; Type: CONSTRAINT; Schema: public; Owner: aurora
--

ALTER TABLE ONLY public.auth_user_groups
    ADD CONSTRAINT auth_user_groups_pkey PRIMARY KEY (id);


--
-- Name: auth_user_groups auth_user_groups_user_id_group_id_94350c0c_uniq; Type: CONSTRAINT; Schema: public; Owner: aurora
--

ALTER TABLE ONLY public.auth_user_groups
    ADD CONSTRAINT auth_user_groups_user_id_group_id_94350c0c_uniq UNIQUE (user_id, group_id);


--
-- Name: auth_user auth_user_pkey; Type: CONSTRAINT; Schema: public; Owner: aurora
--

ALTER TABLE ONLY public.auth_user
    ADD CONSTRAINT auth_user_pkey PRIMARY KEY (id);


--
-- Name: auth_user_user_permissions auth_user_user_permissions_pkey; Type: CONSTRAINT; Schema: public; Owner: aurora
--

ALTER TABLE ONLY public.auth_user_user_permissions
    ADD CONSTRAINT auth_user_user_permissions_pkey PRIMARY KEY (id);


--
-- Name: auth_user_user_permissions auth_user_user_permissions_user_id_permission_id_14a6b632_uniq; Type: CONSTRAINT; Schema: public; Owner: aurora
--

ALTER TABLE ONLY public.auth_user_user_permissions
    ADD CONSTRAINT auth_user_user_permissions_user_id_permission_id_14a6b632_uniq UNIQUE (user_id, permission_id);


--
-- Name: auth_user auth_user_username_key; Type: CONSTRAINT; Schema: public; Owner: aurora
--

ALTER TABLE ONLY public.auth_user
    ADD CONSTRAINT auth_user_username_key UNIQUE (username);


--
-- Name: django_admin_log django_admin_log_pkey; Type: CONSTRAINT; Schema: public; Owner: aurora
--

ALTER TABLE ONLY public.django_admin_log
    ADD CONSTRAINT django_admin_log_pkey PRIMARY KEY (id);


--
-- Name: django_content_type django_content_type_app_label_model_76bd3d3b_uniq; Type: CONSTRAINT; Schema: public; Owner: aurora
--

ALTER TABLE ONLY public.django_content_type
    ADD CONSTRAINT django_content_type_app_label_model_76bd3d3b_uniq UNIQUE (app_label, model);


--
-- Name: django_content_type django_content_type_pkey; Type: CONSTRAINT; Schema: public; Owner: aurora
--

ALTER TABLE ONLY public.django_content_type
    ADD CONSTRAINT django_content_type_pkey PRIMARY KEY (id);


--
-- Name: django_migrations django_migrations_pkey; Type: CONSTRAINT; Schema: public; Owner: aurora
--

ALTER TABLE ONLY public.django_migrations
    ADD CONSTRAINT django_migrations_pkey PRIMARY KEY (id);


--
-- Name: django_session django_session_pkey; Type: CONSTRAINT; Schema: public; Owner: aurora
--

ALTER TABLE ONLY public.django_session
    ADD CONSTRAINT django_session_pkey PRIMARY KEY (session_key);


--
-- Name: menu_app_category menu_app_category_pkey; Type: CONSTRAINT; Schema: public; Owner: aurora
--

ALTER TABLE ONLY public.menu_app_category
    ADD CONSTRAINT menu_app_category_pkey PRIMARY KEY (id);


--
-- Name: menu_app_menu menu_app_menu_pkey; Type: CONSTRAINT; Schema: public; Owner: aurora
--

ALTER TABLE ONLY public.menu_app_menu
    ADD CONSTRAINT menu_app_menu_pkey PRIMARY KEY (id);


--
-- Name: menu_app_promo menu_app_promo_pkey; Type: CONSTRAINT; Schema: public; Owner: aurora
--

ALTER TABLE ONLY public.menu_app_promo
    ADD CONSTRAINT menu_app_promo_pkey PRIMARY KEY (id);


--
-- Name: menu_app_restaurant menu_app_restaurant_pkey; Type: CONSTRAINT; Schema: public; Owner: aurora
--

ALTER TABLE ONLY public.menu_app_restaurant
    ADD CONSTRAINT menu_app_restaurant_pkey PRIMARY KEY (id);


--
-- Name: users_user_groups users_user_groups_pkey; Type: CONSTRAINT; Schema: public; Owner: aurora
--

ALTER TABLE ONLY public.users_user_groups
    ADD CONSTRAINT users_user_groups_pkey PRIMARY KEY (id);


--
-- Name: users_user_groups users_user_groups_user_id_group_id_b88eab82_uniq; Type: CONSTRAINT; Schema: public; Owner: aurora
--

ALTER TABLE ONLY public.users_user_groups
    ADD CONSTRAINT users_user_groups_user_id_group_id_b88eab82_uniq UNIQUE (user_id, group_id);


--
-- Name: users_user users_user_phone_key; Type: CONSTRAINT; Schema: public; Owner: aurora
--

ALTER TABLE ONLY public.users_user
    ADD CONSTRAINT users_user_phone_key UNIQUE (phone);


--
-- Name: users_user users_user_pkey; Type: CONSTRAINT; Schema: public; Owner: aurora
--

ALTER TABLE ONLY public.users_user
    ADD CONSTRAINT users_user_pkey PRIMARY KEY (id);


--
-- Name: users_user_user_permissions users_user_user_permissions_pkey; Type: CONSTRAINT; Schema: public; Owner: aurora
--

ALTER TABLE ONLY public.users_user_user_permissions
    ADD CONSTRAINT users_user_user_permissions_pkey PRIMARY KEY (id);


--
-- Name: users_user_user_permissions users_user_user_permissions_user_id_permission_id_43338c45_uniq; Type: CONSTRAINT; Schema: public; Owner: aurora
--

ALTER TABLE ONLY public.users_user_user_permissions
    ADD CONSTRAINT users_user_user_permissions_user_id_permission_id_43338c45_uniq UNIQUE (user_id, permission_id);


--
-- Name: auth_group_name_a6ea08ec_like; Type: INDEX; Schema: public; Owner: aurora
--

CREATE INDEX auth_group_name_a6ea08ec_like ON public.auth_group USING btree (name varchar_pattern_ops);


--
-- Name: auth_group_permissions_group_id_b120cbf9; Type: INDEX; Schema: public; Owner: aurora
--

CREATE INDEX auth_group_permissions_group_id_b120cbf9 ON public.auth_group_permissions USING btree (group_id);


--
-- Name: auth_group_permissions_permission_id_84c5c92e; Type: INDEX; Schema: public; Owner: aurora
--

CREATE INDEX auth_group_permissions_permission_id_84c5c92e ON public.auth_group_permissions USING btree (permission_id);


--
-- Name: auth_permission_content_type_id_2f476e4b; Type: INDEX; Schema: public; Owner: aurora
--

CREATE INDEX auth_permission_content_type_id_2f476e4b ON public.auth_permission USING btree (content_type_id);


--
-- Name: auth_user_groups_group_id_97559544; Type: INDEX; Schema: public; Owner: aurora
--

CREATE INDEX auth_user_groups_group_id_97559544 ON public.auth_user_groups USING btree (group_id);


--
-- Name: auth_user_groups_user_id_6a12ed8b; Type: INDEX; Schema: public; Owner: aurora
--

CREATE INDEX auth_user_groups_user_id_6a12ed8b ON public.auth_user_groups USING btree (user_id);


--
-- Name: auth_user_user_permissions_permission_id_1fbb5f2c; Type: INDEX; Schema: public; Owner: aurora
--

CREATE INDEX auth_user_user_permissions_permission_id_1fbb5f2c ON public.auth_user_user_permissions USING btree (permission_id);


--
-- Name: auth_user_user_permissions_user_id_a95ead1b; Type: INDEX; Schema: public; Owner: aurora
--

CREATE INDEX auth_user_user_permissions_user_id_a95ead1b ON public.auth_user_user_permissions USING btree (user_id);


--
-- Name: auth_user_username_6821ab7c_like; Type: INDEX; Schema: public; Owner: aurora
--

CREATE INDEX auth_user_username_6821ab7c_like ON public.auth_user USING btree (username varchar_pattern_ops);


--
-- Name: django_admin_log_content_type_id_c4bce8eb; Type: INDEX; Schema: public; Owner: aurora
--

CREATE INDEX django_admin_log_content_type_id_c4bce8eb ON public.django_admin_log USING btree (content_type_id);


--
-- Name: django_admin_log_user_id_c564eba6; Type: INDEX; Schema: public; Owner: aurora
--

CREATE INDEX django_admin_log_user_id_c564eba6 ON public.django_admin_log USING btree (user_id);


--
-- Name: django_session_expire_date_a5c62663; Type: INDEX; Schema: public; Owner: aurora
--

CREATE INDEX django_session_expire_date_a5c62663 ON public.django_session USING btree (expire_date);


--
-- Name: django_session_session_key_c0390e0f_like; Type: INDEX; Schema: public; Owner: aurora
--

CREATE INDEX django_session_session_key_c0390e0f_like ON public.django_session USING btree (session_key varchar_pattern_ops);


--
-- Name: menu_app_category_created_by_id_28a4f4e9; Type: INDEX; Schema: public; Owner: aurora
--

CREATE INDEX menu_app_category_created_by_id_28a4f4e9 ON public.menu_app_category USING btree (created_by_id);


--
-- Name: menu_app_category_restaurant_id_b2903c73; Type: INDEX; Schema: public; Owner: aurora
--

CREATE INDEX menu_app_category_restaurant_id_b2903c73 ON public.menu_app_category USING btree (restaurant_id);


--
-- Name: menu_app_category_slug_1c4fe9e9; Type: INDEX; Schema: public; Owner: aurora
--

CREATE INDEX menu_app_category_slug_1c4fe9e9 ON public.menu_app_category USING btree (slug);


--
-- Name: menu_app_category_slug_1c4fe9e9_like; Type: INDEX; Schema: public; Owner: aurora
--

CREATE INDEX menu_app_category_slug_1c4fe9e9_like ON public.menu_app_category USING btree (slug varchar_pattern_ops);


--
-- Name: menu_app_category_update_by_id_1fe373fa; Type: INDEX; Schema: public; Owner: aurora
--

CREATE INDEX menu_app_category_update_by_id_1fe373fa ON public.menu_app_category USING btree (update_by_id);


--
-- Name: menu_app_menu_category_id_7665addb; Type: INDEX; Schema: public; Owner: aurora
--

CREATE INDEX menu_app_menu_category_id_7665addb ON public.menu_app_menu USING btree (category_id);


--
-- Name: menu_app_menu_created_by_id_b6cd0d2f; Type: INDEX; Schema: public; Owner: aurora
--

CREATE INDEX menu_app_menu_created_by_id_b6cd0d2f ON public.menu_app_menu USING btree (created_by_id);


--
-- Name: menu_app_menu_restaurant_id_af97f391; Type: INDEX; Schema: public; Owner: aurora
--

CREATE INDEX menu_app_menu_restaurant_id_af97f391 ON public.menu_app_menu USING btree (restaurant_id);


--
-- Name: menu_app_menu_update_by_id_0e6fa52e; Type: INDEX; Schema: public; Owner: aurora
--

CREATE INDEX menu_app_menu_update_by_id_0e6fa52e ON public.menu_app_menu USING btree (update_by_id);


--
-- Name: menu_app_promo_created_by_id_71b63064; Type: INDEX; Schema: public; Owner: aurora
--

CREATE INDEX menu_app_promo_created_by_id_71b63064 ON public.menu_app_promo USING btree (created_by_id);


--
-- Name: menu_app_promo_restaurant_id_a352a2bd; Type: INDEX; Schema: public; Owner: aurora
--

CREATE INDEX menu_app_promo_restaurant_id_a352a2bd ON public.menu_app_promo USING btree (restaurant_id);


--
-- Name: menu_app_promo_update_by_id_0c264086; Type: INDEX; Schema: public; Owner: aurora
--

CREATE INDEX menu_app_promo_update_by_id_0c264086 ON public.menu_app_promo USING btree (update_by_id);


--
-- Name: menu_app_restaurant_created_by_id_d8bae081; Type: INDEX; Schema: public; Owner: aurora
--

CREATE INDEX menu_app_restaurant_created_by_id_d8bae081 ON public.menu_app_restaurant USING btree (created_by_id);


--
-- Name: menu_app_restaurant_update_by_id_f1812710; Type: INDEX; Schema: public; Owner: aurora
--

CREATE INDEX menu_app_restaurant_update_by_id_f1812710 ON public.menu_app_restaurant USING btree (update_by_id);


--
-- Name: menu_app_restaurant_user_id_dc7dea73; Type: INDEX; Schema: public; Owner: aurora
--

CREATE INDEX menu_app_restaurant_user_id_dc7dea73 ON public.menu_app_restaurant USING btree (user_id);


--
-- Name: users_user_groups_group_id_9afc8d0e; Type: INDEX; Schema: public; Owner: aurora
--

CREATE INDEX users_user_groups_group_id_9afc8d0e ON public.users_user_groups USING btree (group_id);


--
-- Name: users_user_groups_user_id_5f6f5a90; Type: INDEX; Schema: public; Owner: aurora
--

CREATE INDEX users_user_groups_user_id_5f6f5a90 ON public.users_user_groups USING btree (user_id);


--
-- Name: users_user_phone_fe37f55c_like; Type: INDEX; Schema: public; Owner: aurora
--

CREATE INDEX users_user_phone_fe37f55c_like ON public.users_user USING btree (phone varchar_pattern_ops);


--
-- Name: users_user_user_permissions_permission_id_0b93982e; Type: INDEX; Schema: public; Owner: aurora
--

CREATE INDEX users_user_user_permissions_permission_id_0b93982e ON public.users_user_user_permissions USING btree (permission_id);


--
-- Name: users_user_user_permissions_user_id_20aca447; Type: INDEX; Schema: public; Owner: aurora
--

CREATE INDEX users_user_user_permissions_user_id_20aca447 ON public.users_user_user_permissions USING btree (user_id);


--
-- Name: auth_group_permissions auth_group_permissio_permission_id_84c5c92e_fk_auth_perm; Type: FK CONSTRAINT; Schema: public; Owner: aurora
--

ALTER TABLE ONLY public.auth_group_permissions
    ADD CONSTRAINT auth_group_permissio_permission_id_84c5c92e_fk_auth_perm FOREIGN KEY (permission_id) REFERENCES public.auth_permission(id) DEFERRABLE INITIALLY DEFERRED;


--
-- Name: auth_group_permissions auth_group_permissions_group_id_b120cbf9_fk_auth_group_id; Type: FK CONSTRAINT; Schema: public; Owner: aurora
--

ALTER TABLE ONLY public.auth_group_permissions
    ADD CONSTRAINT auth_group_permissions_group_id_b120cbf9_fk_auth_group_id FOREIGN KEY (group_id) REFERENCES public.auth_group(id) DEFERRABLE INITIALLY DEFERRED;


--
-- Name: auth_permission auth_permission_content_type_id_2f476e4b_fk_django_co; Type: FK CONSTRAINT; Schema: public; Owner: aurora
--

ALTER TABLE ONLY public.auth_permission
    ADD CONSTRAINT auth_permission_content_type_id_2f476e4b_fk_django_co FOREIGN KEY (content_type_id) REFERENCES public.django_content_type(id) DEFERRABLE INITIALLY DEFERRED;


--
-- Name: auth_user_groups auth_user_groups_group_id_97559544_fk_auth_group_id; Type: FK CONSTRAINT; Schema: public; Owner: aurora
--

ALTER TABLE ONLY public.auth_user_groups
    ADD CONSTRAINT auth_user_groups_group_id_97559544_fk_auth_group_id FOREIGN KEY (group_id) REFERENCES public.auth_group(id) DEFERRABLE INITIALLY DEFERRED;


--
-- Name: auth_user_groups auth_user_groups_user_id_6a12ed8b_fk_auth_user_id; Type: FK CONSTRAINT; Schema: public; Owner: aurora
--

ALTER TABLE ONLY public.auth_user_groups
    ADD CONSTRAINT auth_user_groups_user_id_6a12ed8b_fk_auth_user_id FOREIGN KEY (user_id) REFERENCES public.auth_user(id) DEFERRABLE INITIALLY DEFERRED;


--
-- Name: auth_user_user_permissions auth_user_user_permi_permission_id_1fbb5f2c_fk_auth_perm; Type: FK CONSTRAINT; Schema: public; Owner: aurora
--

ALTER TABLE ONLY public.auth_user_user_permissions
    ADD CONSTRAINT auth_user_user_permi_permission_id_1fbb5f2c_fk_auth_perm FOREIGN KEY (permission_id) REFERENCES public.auth_permission(id) DEFERRABLE INITIALLY DEFERRED;


--
-- Name: auth_user_user_permissions auth_user_user_permissions_user_id_a95ead1b_fk_auth_user_id; Type: FK CONSTRAINT; Schema: public; Owner: aurora
--

ALTER TABLE ONLY public.auth_user_user_permissions
    ADD CONSTRAINT auth_user_user_permissions_user_id_a95ead1b_fk_auth_user_id FOREIGN KEY (user_id) REFERENCES public.auth_user(id) DEFERRABLE INITIALLY DEFERRED;


--
-- Name: django_admin_log django_admin_log_content_type_id_c4bce8eb_fk_django_co; Type: FK CONSTRAINT; Schema: public; Owner: aurora
--

ALTER TABLE ONLY public.django_admin_log
    ADD CONSTRAINT django_admin_log_content_type_id_c4bce8eb_fk_django_co FOREIGN KEY (content_type_id) REFERENCES public.django_content_type(id) DEFERRABLE INITIALLY DEFERRED;


--
-- Name: django_admin_log django_admin_log_user_id_c564eba6_fk_users_user_id; Type: FK CONSTRAINT; Schema: public; Owner: aurora
--

ALTER TABLE ONLY public.django_admin_log
    ADD CONSTRAINT django_admin_log_user_id_c564eba6_fk_users_user_id FOREIGN KEY (user_id) REFERENCES public.users_user(id) DEFERRABLE INITIALLY DEFERRED;


--
-- Name: menu_app_category menu_app_category_created_by_id_28a4f4e9_fk_auth_user_id; Type: FK CONSTRAINT; Schema: public; Owner: aurora
--

ALTER TABLE ONLY public.menu_app_category
    ADD CONSTRAINT menu_app_category_created_by_id_28a4f4e9_fk_auth_user_id FOREIGN KEY (created_by_id) REFERENCES public.auth_user(id) DEFERRABLE INITIALLY DEFERRED;


--
-- Name: menu_app_category menu_app_category_restaurant_id_b2903c73_fk_menu_app_; Type: FK CONSTRAINT; Schema: public; Owner: aurora
--

ALTER TABLE ONLY public.menu_app_category
    ADD CONSTRAINT menu_app_category_restaurant_id_b2903c73_fk_menu_app_ FOREIGN KEY (restaurant_id) REFERENCES public.menu_app_restaurant(id) DEFERRABLE INITIALLY DEFERRED;


--
-- Name: menu_app_category menu_app_category_update_by_id_1fe373fa_fk_auth_user_id; Type: FK CONSTRAINT; Schema: public; Owner: aurora
--

ALTER TABLE ONLY public.menu_app_category
    ADD CONSTRAINT menu_app_category_update_by_id_1fe373fa_fk_auth_user_id FOREIGN KEY (update_by_id) REFERENCES public.auth_user(id) DEFERRABLE INITIALLY DEFERRED;


--
-- Name: menu_app_menu menu_app_menu_category_id_7665addb_fk_menu_app_category_id; Type: FK CONSTRAINT; Schema: public; Owner: aurora
--

ALTER TABLE ONLY public.menu_app_menu
    ADD CONSTRAINT menu_app_menu_category_id_7665addb_fk_menu_app_category_id FOREIGN KEY (category_id) REFERENCES public.menu_app_category(id) DEFERRABLE INITIALLY DEFERRED;


--
-- Name: menu_app_menu menu_app_menu_created_by_id_b6cd0d2f_fk_auth_user_id; Type: FK CONSTRAINT; Schema: public; Owner: aurora
--

ALTER TABLE ONLY public.menu_app_menu
    ADD CONSTRAINT menu_app_menu_created_by_id_b6cd0d2f_fk_auth_user_id FOREIGN KEY (created_by_id) REFERENCES public.auth_user(id) DEFERRABLE INITIALLY DEFERRED;


--
-- Name: menu_app_menu menu_app_menu_restaurant_id_af97f391_fk_menu_app_restaurant_id; Type: FK CONSTRAINT; Schema: public; Owner: aurora
--

ALTER TABLE ONLY public.menu_app_menu
    ADD CONSTRAINT menu_app_menu_restaurant_id_af97f391_fk_menu_app_restaurant_id FOREIGN KEY (restaurant_id) REFERENCES public.menu_app_restaurant(id) DEFERRABLE INITIALLY DEFERRED;


--
-- Name: menu_app_menu menu_app_menu_update_by_id_0e6fa52e_fk_auth_user_id; Type: FK CONSTRAINT; Schema: public; Owner: aurora
--

ALTER TABLE ONLY public.menu_app_menu
    ADD CONSTRAINT menu_app_menu_update_by_id_0e6fa52e_fk_auth_user_id FOREIGN KEY (update_by_id) REFERENCES public.auth_user(id) DEFERRABLE INITIALLY DEFERRED;


--
-- Name: menu_app_promo menu_app_promo_created_by_id_71b63064_fk_auth_user_id; Type: FK CONSTRAINT; Schema: public; Owner: aurora
--

ALTER TABLE ONLY public.menu_app_promo
    ADD CONSTRAINT menu_app_promo_created_by_id_71b63064_fk_auth_user_id FOREIGN KEY (created_by_id) REFERENCES public.auth_user(id) DEFERRABLE INITIALLY DEFERRED;


--
-- Name: menu_app_promo menu_app_promo_restaurant_id_a352a2bd_fk_menu_app_restaurant_id; Type: FK CONSTRAINT; Schema: public; Owner: aurora
--

ALTER TABLE ONLY public.menu_app_promo
    ADD CONSTRAINT menu_app_promo_restaurant_id_a352a2bd_fk_menu_app_restaurant_id FOREIGN KEY (restaurant_id) REFERENCES public.menu_app_restaurant(id) DEFERRABLE INITIALLY DEFERRED;


--
-- Name: menu_app_promo menu_app_promo_update_by_id_0c264086_fk_auth_user_id; Type: FK CONSTRAINT; Schema: public; Owner: aurora
--

ALTER TABLE ONLY public.menu_app_promo
    ADD CONSTRAINT menu_app_promo_update_by_id_0c264086_fk_auth_user_id FOREIGN KEY (update_by_id) REFERENCES public.auth_user(id) DEFERRABLE INITIALLY DEFERRED;


--
-- Name: menu_app_restaurant menu_app_restaurant_created_by_id_d8bae081_fk_auth_user_id; Type: FK CONSTRAINT; Schema: public; Owner: aurora
--

ALTER TABLE ONLY public.menu_app_restaurant
    ADD CONSTRAINT menu_app_restaurant_created_by_id_d8bae081_fk_auth_user_id FOREIGN KEY (created_by_id) REFERENCES public.auth_user(id) DEFERRABLE INITIALLY DEFERRED;


--
-- Name: menu_app_restaurant menu_app_restaurant_update_by_id_f1812710_fk_auth_user_id; Type: FK CONSTRAINT; Schema: public; Owner: aurora
--

ALTER TABLE ONLY public.menu_app_restaurant
    ADD CONSTRAINT menu_app_restaurant_update_by_id_f1812710_fk_auth_user_id FOREIGN KEY (update_by_id) REFERENCES public.auth_user(id) DEFERRABLE INITIALLY DEFERRED;


--
-- Name: menu_app_restaurant menu_app_restaurant_user_id_dc7dea73_fk_auth_user_id; Type: FK CONSTRAINT; Schema: public; Owner: aurora
--

ALTER TABLE ONLY public.menu_app_restaurant
    ADD CONSTRAINT menu_app_restaurant_user_id_dc7dea73_fk_auth_user_id FOREIGN KEY (user_id) REFERENCES public.auth_user(id) DEFERRABLE INITIALLY DEFERRED;


--
-- Name: users_user_groups users_user_groups_group_id_9afc8d0e_fk_auth_group_id; Type: FK CONSTRAINT; Schema: public; Owner: aurora
--

ALTER TABLE ONLY public.users_user_groups
    ADD CONSTRAINT users_user_groups_group_id_9afc8d0e_fk_auth_group_id FOREIGN KEY (group_id) REFERENCES public.auth_group(id) DEFERRABLE INITIALLY DEFERRED;


--
-- Name: users_user_groups users_user_groups_user_id_5f6f5a90_fk_users_user_id; Type: FK CONSTRAINT; Schema: public; Owner: aurora
--

ALTER TABLE ONLY public.users_user_groups
    ADD CONSTRAINT users_user_groups_user_id_5f6f5a90_fk_users_user_id FOREIGN KEY (user_id) REFERENCES public.users_user(id) DEFERRABLE INITIALLY DEFERRED;


--
-- Name: users_user_user_permissions users_user_user_perm_permission_id_0b93982e_fk_auth_perm; Type: FK CONSTRAINT; Schema: public; Owner: aurora
--

ALTER TABLE ONLY public.users_user_user_permissions
    ADD CONSTRAINT users_user_user_perm_permission_id_0b93982e_fk_auth_perm FOREIGN KEY (permission_id) REFERENCES public.auth_permission(id) DEFERRABLE INITIALLY DEFERRED;


--
-- Name: users_user_user_permissions users_user_user_permissions_user_id_20aca447_fk_users_user_id; Type: FK CONSTRAINT; Schema: public; Owner: aurora
--

ALTER TABLE ONLY public.users_user_user_permissions
    ADD CONSTRAINT users_user_user_permissions_user_id_20aca447_fk_users_user_id FOREIGN KEY (user_id) REFERENCES public.users_user(id) DEFERRABLE INITIALLY DEFERRED;


--
-- PostgreSQL database dump complete
--

