--
-- PostgreSQL database dump
--

-- Dumped from database version 15.13 (Debian 15.13-0+deb12u1)
-- Dumped by pg_dump version 15.13 (Debian 15.13-0+deb12u1)

SET statement_timeout = 0;
SET lock_timeout = 0;
SET idle_in_transaction_session_timeout = 0;
SET client_encoding = 'UTF8';
SET standard_conforming_strings = on;
SELECT pg_catalog.set_config('search_path', '', false);
SET check_function_bodies = false;
SET xmloption = content;
SET client_min_messages = warning;
SET row_security = off;

SET default_tablespace = '';

SET default_table_access_method = heap;

--
-- Name: auth_group; Type: TABLE; Schema: public; Owner: aurora
--

CREATE TABLE public.auth_group (
    id integer NOT NULL,
    name character varying(150) NOT NULL
);


ALTER TABLE public.auth_group OWNER TO aurora;

--
-- Name: auth_group_id_seq; Type: SEQUENCE; Schema: public; Owner: aurora
--

ALTER TABLE public.auth_group ALTER COLUMN id ADD GENERATED BY DEFAULT AS IDENTITY (
    SEQUENCE NAME public.auth_group_id_seq
    START WITH 1
    INCREMENT BY 1
    NO MINVALUE
    NO MAXVALUE
    CACHE 1
);


--
-- Name: auth_group_permissions; Type: TABLE; Schema: public; Owner: aurora
--

CREATE TABLE public.auth_group_permissions (
    id bigint NOT NULL,
    group_id integer NOT NULL,
    permission_id integer NOT NULL
);


ALTER TABLE public.auth_group_permissions OWNER TO aurora;

--
-- Name: auth_group_permissions_id_seq; Type: SEQUENCE; Schema: public; Owner: aurora
--

ALTER TABLE public.auth_group_permissions ALTER COLUMN id ADD GENERATED BY DEFAULT AS IDENTITY (
    SEQUENCE NAME public.auth_group_permissions_id_seq
    START WITH 1
    INCREMENT BY 1
    NO MINVALUE
    NO MAXVALUE
    CACHE 1
);


--
-- Name: auth_permission; Type: TABLE; Schema: public; Owner: aurora
--

CREATE TABLE public.auth_permission (
    id integer NOT NULL,
    name character varying(255) NOT NULL,
    content_type_id integer NOT NULL,
    codename character varying(100) NOT NULL
);


ALTER TABLE public.auth_permission OWNER TO aurora;

--
-- Name: auth_permission_id_seq; Type: SEQUENCE; Schema: public; Owner: aurora
--

ALTER TABLE public.auth_permission ALTER COLUMN id ADD GENERATED BY DEFAULT AS IDENTITY (
    SEQUENCE NAME public.auth_permission_id_seq
    START WITH 1
    INCREMENT BY 1
    NO MINVALUE
    NO MAXVALUE
    CACHE 1
);


--
-- Name: auth_user; Type: TABLE; Schema: public; Owner: aurora
--

CREATE TABLE public.auth_user (
    id integer NOT NULL,
    password character varying(128) NOT NULL,
    last_login timestamp with time zone,
    is_superuser boolean NOT NULL,
    username character varying(150) NOT NULL,
    first_name character varying(150) NOT NULL,
    last_name character varying(150) NOT NULL,
    email character varying(254) NOT NULL,
    is_staff boolean NOT NULL,
    is_active boolean NOT NULL,
    date_joined timestamp with time zone NOT NULL
);


ALTER TABLE public.auth_user OWNER TO aurora;

--
-- Name: auth_user_groups; Type: TABLE; Schema: public; Owner: aurora
--

CREATE TABLE public.auth_user_groups (
    id bigint NOT NULL,
    user_id integer NOT NULL,
    group_id integer NOT NULL
);


ALTER TABLE public.auth_user_groups OWNER TO aurora;

--
-- Name: auth_user_groups_id_seq; Type: SEQUENCE; Schema: public; Owner: aurora
--

ALTER TABLE public.auth_user_groups ALTER COLUMN id ADD GENERATED BY DEFAULT AS IDENTITY (
    SEQUENCE NAME public.auth_user_groups_id_seq
    START WITH 1
    INCREMENT BY 1
    NO MINVALUE
    NO MAXVALUE
    CACHE 1
);


--
-- Name: auth_user_id_seq; Type: SEQUENCE; Schema: public; Owner: aurora
--

ALTER TABLE public.auth_user ALTER COLUMN id ADD GENERATED BY DEFAULT AS IDENTITY (
    SEQUENCE NAME public.auth_user_id_seq
    START WITH 1
    INCREMENT BY 1
    NO MINVALUE
    NO MAXVALUE
    CACHE 1
);


--
-- Name: auth_user_user_permissions; Type: TABLE; Schema: public; Owner: aurora
--

CREATE TABLE public.auth_user_user_permissions (
    id bigint NOT NULL,
    user_id integer NOT NULL,
    permission_id integer NOT NULL
);


ALTER TABLE public.auth_user_user_permissions OWNER TO aurora;

--
-- Name: auth_user_user_permissions_id_seq; Type: SEQUENCE; Schema: public; Owner: aurora
--

ALTER TABLE public.auth_user_user_permissions ALTER COLUMN id ADD GENERATED BY DEFAULT AS IDENTITY (
    SEQUENCE NAME public.auth_user_user_permissions_id_seq
    START WITH 1
    INCREMENT BY 1
    NO MINVALUE
    NO MAXVALUE
    CACHE 1
);


--
-- Name: django_admin_log; Type: TABLE; Schema: public; Owner: aurora
--

CREATE TABLE public.django_admin_log (
    id integer NOT NULL,
    action_time timestamp with time zone NOT NULL,
    object_id text,
    object_repr character varying(200) NOT NULL,
    action_flag smallint NOT NULL,
    change_message text NOT NULL,
    content_type_id integer,
    user_id bigint NOT NULL,
    CONSTRAINT django_admin_log_action_flag_check CHECK ((action_flag >= 0))
);


ALTER TABLE public.django_admin_log OWNER TO aurora;

--
-- Name: django_admin_log_id_seq; Type: SEQUENCE; Schema: public; Owner: aurora
--

ALTER TABLE public.django_admin_log ALTER COLUMN id ADD GENERATED BY DEFAULT AS IDENTITY (
    SEQUENCE NAME public.django_admin_log_id_seq
    START WITH 1
    INCREMENT BY 1
    NO MINVALUE
    NO MAXVALUE
    CACHE 1
);


--
-- Name: django_content_type; Type: TABLE; Schema: public; Owner: aurora
--

CREATE TABLE public.django_content_type (
    id integer NOT NULL,
    app_label character varying(100) NOT NULL,
    model character varying(100) NOT NULL
);


ALTER TABLE public.django_content_type OWNER TO aurora;

--
-- Name: django_content_type_id_seq; Type: SEQUENCE; Schema: public; Owner: aurora
--

ALTER TABLE public.django_content_type ALTER COLUMN id ADD GENERATED BY DEFAULT AS IDENTITY (
    SEQUENCE NAME public.django_content_type_id_seq
    START WITH 1
    INCREMENT BY 1
    NO MINVALUE
    NO MAXVALUE
    CACHE 1
);


--
-- Name: django_migrations; Type: TABLE; Schema: public; Owner: aurora
--

CREATE TABLE public.django_migrations (
    id bigint NOT NULL,
    app character varying(255) NOT NULL,
    name character varying(255) NOT NULL,
    applied timestamp with time zone NOT NULL
);


ALTER TABLE public.django_migrations OWNER TO aurora;

--
-- Name: django_migrations_id_seq; Type: SEQUENCE; Schema: public; Owner: aurora
--

ALTER TABLE public.django_migrations ALTER COLUMN id ADD GENERATED BY DEFAULT AS IDENTITY (
    SEQUENCE NAME public.django_migrations_id_seq
    START WITH 1
    INCREMENT BY 1
    NO MINVALUE
    NO MAXVALUE
    CACHE 1
);


--
-- Name: django_session; Type: TABLE; Schema: public; Owner: aurora
--

CREATE TABLE public.django_session (
    session_key character varying(40) NOT NULL,
    session_data text NOT NULL,
    expire_date timestamp with time zone NOT NULL
);


ALTER TABLE public.django_session OWNER TO aurora;

--
-- Name: menu_app_category; Type: TABLE; Schema: public; Owner: aurora
--

CREATE TABLE public.menu_app_category (
    id bigint NOT NULL,
    created_time timestamp with time zone,
    update_time timestamp with time zone,
    name character varying(225) NOT NULL,
    slug character varying(50),
    created_by_id integer,
    restaurant_id bigint,
    update_by_id integer,
    "order" integer NOT NULL,
    is_active boolean NOT NULL
);


ALTER TABLE public.menu_app_category OWNER TO aurora;

--
-- Name: menu_app_category_id_seq; Type: SEQUENCE; Schema: public; Owner: aurora
--

ALTER TABLE public.menu_app_category ALTER COLUMN id ADD GENERATED BY DEFAULT AS IDENTITY (
    SEQUENCE NAME public.menu_app_category_id_seq
    START WITH 1
    INCREMENT BY 1
    NO MINVALUE
    NO MAXVALUE
    CACHE 1
);


--
-- Name: menu_app_menu; Type: TABLE; Schema: public; Owner: aurora
--

CREATE TABLE public.menu_app_menu (
    id bigint NOT NULL,
    created_time timestamp with time zone,
    update_time timestamp with time zone,
    name character varying(225),
    description text,
    price integer,
    photo character varying(100),
    is_active boolean NOT NULL,
    category_id bigint,
    created_by_id integer,
    restaurant_id bigint,
    update_by_id integer,
    availability boolean NOT NULL,
    thumb character varying(100)
);


ALTER TABLE public.menu_app_menu OWNER TO aurora;

--
-- Name: menu_app_menu_id_seq; Type: SEQUENCE; Schema: public; Owner: aurora
--

ALTER TABLE public.menu_app_menu ALTER COLUMN id ADD GENERATED BY DEFAULT AS IDENTITY (
    SEQUENCE NAME public.menu_app_menu_id_seq
    START WITH 1
    INCREMENT BY 1
    NO MINVALUE
    NO MAXVALUE
    CACHE 1
);


--
-- Name: menu_app_promo; Type: TABLE; Schema: public; Owner: aurora
--

CREATE TABLE public.menu_app_promo (
    id bigint NOT NULL,
    created_time timestamp with time zone,
    update_time timestamp with time zone,
    name character varying(225),
    description text,
    photo character varying(100),
    price integer,
    is_active boolean NOT NULL,
    created_by_id integer,
    restaurant_id bigint,
    update_by_id integer,
    CONSTRAINT menu_app_promo_price_check CHECK ((price >= 0))
);


ALTER TABLE public.menu_app_promo OWNER TO aurora;

--
-- Name: menu_app_promo_id_seq; Type: SEQUENCE; Schema: public; Owner: aurora
--

ALTER TABLE public.menu_app_promo ALTER COLUMN id ADD GENERATED BY DEFAULT AS IDENTITY (
    SEQUENCE NAME public.menu_app_promo_id_seq
    START WITH 1
    INCREMENT BY 1
    NO MINVALUE
    NO MAXVALUE
    CACHE 1
);


--
-- Name: menu_app_restaurant; Type: TABLE; Schema: public; Owner: aurora
--

CREATE TABLE public.menu_app_restaurant (
    id bigint NOT NULL,
    created_time timestamp with time zone,
    update_time timestamp with time zone,
    name character varying(225),
    address character varying(225) NOT NULL,
    background_photo character varying(100),
    logo character varying(100),
    created_by_id integer,
    update_by_id integer,
    user_id integer,
    instagram_link character varying(255),
    is_active boolean NOT NULL,
    telegram_link character varying(255),
    availability_orders boolean NOT NULL,
    orders_chat_id bigint,
    waiter_chat_id bigint
);


ALTER TABLE public.menu_app_restaurant OWNER TO aurora;

--
-- Name: menu_app_restaurant_id_seq; Type: SEQUENCE; Schema: public; Owner: aurora
--

ALTER TABLE public.menu_app_restaurant ALTER COLUMN id ADD GENERATED BY DEFAULT AS IDENTITY (
    SEQUENCE NAME public.menu_app_restaurant_id_seq
    START WITH 1
    INCREMENT BY 1
    NO MINVALUE
    NO MAXVALUE
    CACHE 1
);


--
-- Name: users_user; Type: TABLE; Schema: public; Owner: aurora
--

CREATE TABLE public.users_user (
    id bigint NOT NULL,
    password character varying(128) NOT NULL,
    last_login timestamp with time zone,
    is_superuser boolean NOT NULL,
    first_name character varying(255),
    last_name character varying(255),
    email character varying(254),
    phone character varying(14),
    telegram_id bigint,
    user_registered_at timestamp with time zone,
    is_active boolean NOT NULL,
    is_staff boolean NOT NULL,
    is_user boolean NOT NULL,
    is_vendor boolean NOT NULL,
    avatar character varying(100),
    CONSTRAINT users_user_telegram_id_check CHECK ((telegram_id >= 0))
);


ALTER TABLE public.users_user OWNER TO aurora;

--
-- Name: users_user_groups; Type: TABLE; Schema: public; Owner: aurora
--

CREATE TABLE public.users_user_groups (
    id bigint NOT NULL,
    user_id bigint NOT NULL,
    group_id integer NOT NULL
);


ALTER TABLE public.users_user_groups OWNER TO aurora;

--
-- Name: users_user_groups_id_seq; Type: SEQUENCE; Schema: public; Owner: aurora
--

ALTER TABLE public.users_user_groups ALTER COLUMN id ADD GENERATED BY DEFAULT AS IDENTITY (
    SEQUENCE NAME public.users_user_groups_id_seq
    START WITH 1
    INCREMENT BY 1
    NO MINVALUE
    NO MAXVALUE
    CACHE 1
);


--
-- Name: users_user_id_seq; Type: SEQUENCE; Schema: public; Owner: aurora
--

ALTER TABLE public.users_user ALTER COLUMN id ADD GENERATED BY DEFAULT AS IDENTITY (
    SEQUENCE NAME public.users_user_id_seq
    START WITH 1
    INCREMENT BY 1
    NO MINVALUE
    NO MAXVALUE
    CACHE 1
);


--
-- Name: users_user_user_permissions; Type: TABLE; Schema: public; Owner: aurora
--

CREATE TABLE public.users_user_user_permissions (
    id bigint NOT NULL,
    user_id bigint NOT NULL,
    permission_id integer NOT NULL
);


ALTER TABLE public.users_user_user_permissions OWNER TO aurora;

--
-- Name: users_user_user_permissions_id_seq; Type: SEQUENCE; Schema: public; Owner: aurora
--

ALTER TABLE public.users_user_user_permissions ALTER COLUMN id ADD GENERATED BY DEFAULT AS IDENTITY (
    SEQUENCE NAME public.users_user_user_permissions_id_seq
    START WITH 1
    INCREMENT BY 1
    NO MINVALUE
    NO MAXVALUE
    CACHE 1
);


--
-- Name: users_userlocation; Type: TABLE; Schema: public; Owner: aurora
--

CREATE TABLE public.users_userlocation (
    id bigint NOT NULL,
    lat character varying(255),
    long character varying(255),
    is_active boolean NOT NULL,
    user_id bigint,
    apartment character varying(225),
    entrance character varying(225),
    floor character varying(225),
    house character varying(225),
    street character varying(255),
    name character varying(255),
    address character varying(255),
    comment text
);


ALTER TABLE public.users_userlocation OWNER TO aurora;

--
-- Name: users_userlocation_id_seq; Type: SEQUENCE; Schema: public; Owner: aurora
--

ALTER TABLE public.users_userlocation ALTER COLUMN id ADD GENERATED BY DEFAULT AS IDENTITY (
    SEQUENCE NAME public.users_userlocation_id_seq
    START WITH 1
    INCREMENT BY 1
    NO MINVALUE
    NO MAXVALUE
    CACHE 1
);


--
-- Data for Name: auth_group; Type: TABLE DATA; Schema: public; Owner: aurora
--

COPY public.auth_group (id, name) FROM stdin;
\.


--
-- Data for Name: auth_group_permissions; Type: TABLE DATA; Schema: public; Owner: aurora
--

COPY public.auth_group_permissions (id, group_id, permission_id) FROM stdin;
\.


--
-- Data for Name: auth_permission; Type: TABLE DATA; Schema: public; Owner: aurora
--

COPY public.auth_permission (id, name, content_type_id, codename) FROM stdin;
1	Can add log entry	1	add_logentry
2	Can change log entry	1	change_logentry
3	Can delete log entry	1	delete_logentry
4	Can view log entry	1	view_logentry
5	Can add permission	2	add_permission
6	Can change permission	2	change_permission
7	Can delete permission	2	delete_permission
8	Can view permission	2	view_permission
9	Can add group	3	add_group
10	Can change group	3	change_group
11	Can delete group	3	delete_group
12	Can view group	3	view_group
13	Can add user	4	add_user
14	Can change user	4	change_user
15	Can delete user	4	delete_user
16	Can view user	4	view_user
17	Can add content type	5	add_contenttype
18	Can change content type	5	change_contenttype
19	Can delete content type	5	delete_contenttype
20	Can view content type	5	view_contenttype
21	Can add session	6	add_session
22	Can change session	6	change_session
23	Can delete session	6	delete_session
24	Can view session	6	view_session
25	Can add category	7	add_category
26	Can change category	7	change_category
27	Can delete category	7	delete_category
28	Can view category	7	view_category
29	Can add restaurant	8	add_restaurant
30	Can change restaurant	8	change_restaurant
31	Can delete restaurant	8	delete_restaurant
32	Can view restaurant	8	view_restaurant
33	Can add menu	9	add_menu
34	Can change menu	9	change_menu
35	Can delete menu	9	delete_menu
36	Can view menu	9	view_menu
37	Can add promo	10	add_promo
38	Can change promo	10	change_promo
39	Can delete promo	10	delete_promo
40	Can view promo	10	view_promo
41	Can add user	11	add_user
42	Can change user	11	change_user
43	Can delete user	11	delete_user
44	Can view user	11	view_user
45	Can add user location	12	add_userlocation
46	Can change user location	12	change_userlocation
47	Can delete user location	12	delete_userlocation
48	Can view user location	12	view_userlocation
\.


--
-- Data for Name: auth_user; Type: TABLE DATA; Schema: public; Owner: aurora
--

COPY public.auth_user (id, password, last_login, is_superuser, username, first_name, last_name, email, is_staff, is_active, date_joined) FROM stdin;
6	pbkdf2_sha256$600000$wGcBIIlHt7jp6aG00PWkEl$pUGvIFnmubIqhJK6x1nam9ZWFlS7ecNLHRLuI4SRRgM=	\N	f	theplov	The	Plov		f	t	2024-06-25 13:42:01+00
2	pbkdf2_sha256$600000$4gxv41BR91wyDesdw2qDHo$kHOogXkdOqG6YrPvQxl+Ls4/6arL6krT9wYUuHGWcSs=	\N	t	staff	Yusuf	Umidjonovich		t	t	2024-03-04 19:35:32+00
5	pbkdf2_sha256$600000$girKaYXVIUmKrYWnJcUhPk$HfVautT8DLA6HsncLIq7RPn/EBgLwG9YPrsoyuUxSeo=	2024-05-30 16:06:43+00	f	craft	Craft	Burger		f	t	2024-05-30 16:04:20+00
7	pbkdf2_sha256$600000$ILi3Cvf6f8Bo86205x4us7$FYpaeU2cr68b6pWgOs7uBKP2WBRX8MUR0uxGzBWjGNE=	\N	f	bon-bon	Bon	Bon		f	t	2024-12-29 13:44:28+00
4	pbkdf2_sha256$600000$YCtZucV7o5Nx3zPW6M1d2J$R43vLZXgnQR+RmvE1wO8G6/pd9BtZVPpPsmJtuWmau0=	\N	f	joy				f	t	2024-04-08 05:48:16.31396+00
1	pbkdf2_sha256$600000$9LsAmaqGvfVFaZX8LoIWfj$7labrEDUpJ5g6D0aqc743VHeH/aBRS8JW6nPeCuaCM0=	2025-03-05 05:50:04.528544+00	t	admin	Supereme			t	t	2024-03-04 12:14:37+00
3	pbkdf2_sha256$600000$0jmdhnz6Pf4fFDAW0Ov58Y$6TEHrutf2nO8IbKPjyivbEB/iQC7+tJu9WmATbRSUSk=	\N	f	test	John	Doe		f	t	2024-03-04 19:35:49+00
\.


--
-- Data for Name: auth_user_groups; Type: TABLE DATA; Schema: public; Owner: aurora
--

COPY public.auth_user_groups (id, user_id, group_id) FROM stdin;
\.


--
-- Data for Name: auth_user_user_permissions; Type: TABLE DATA; Schema: public; Owner: aurora
--

COPY public.auth_user_user_permissions (id, user_id, permission_id) FROM stdin;
1	7	32
2	7	33
3	7	34
4	7	35
5	7	36
6	7	37
7	7	38
8	7	39
9	7	40
10	7	25
11	7	26
12	7	27
13	7	28
14	7	29
15	7	30
16	7	31
\.


--
-- Data for Name: django_admin_log; Type: TABLE DATA; Schema: public; Owner: aurora
--

COPY public.django_admin_log (id, action_time, object_id, object_repr, action_flag, change_message, content_type_id, user_id) FROM stdin;
1	2025-03-07 19:38:30.112603+00	1	Super Admin – +998881836222	2	[{"changed": {"fields": ["User permissions", "First name", "Last name", "Email", "Telegram id"]}}]	11	1
2	2025-03-07 19:39:29.391849+00	3	Olivia	2	[{"changed": {"fields": ["Created by", "Update by", "User"]}}]	8	1
3	2025-03-07 19:39:56.835562+00	5	Craft Burger	2	[{"changed": {"fields": ["Created by", "Update by", "User"]}}]	8	1
4	2025-03-07 19:40:20.094401+00	7	Bon Bon	2	[{"changed": {"fields": ["Created by", "Update by", "User"]}}]	8	1
5	2025-03-07 20:09:47.076254+00	3	Люла Кебаб in Olivia	2	[{"changed": {"fields": ["Photo"]}}]	9	1
6	2025-03-07 20:10:30.007136+00	4	Шашлык in Olivia	2	[{"changed": {"fields": ["Photo"]}}]	9	1
7	2025-03-09 14:08:46.727363+00	1	Pasta House	2	[{"changed": {"fields": ["User"]}}]	8	1
8	2025-03-09 14:31:40.745489+00	2	Gulyamov Mirzogulyam – +998934733223	2	[{"changed": {"fields": ["Superuser status", "User permissions", "Is staff", "Is vendor"]}}]	11	1
9	2025-03-09 14:33:13.330497+00	3	Olivia	2	[{"changed": {"fields": ["User"]}}]	8	1
10	2025-03-09 14:37:13.453836+00	3	Olivia	2	[{"changed": {"fields": ["Created by", "Update by"]}}]	8	1
11	2025-03-16 06:58:47.11008+00	3	Olivia	2	[{"changed": {"fields": ["Availability orders"]}}]	8	1
12	2025-03-16 06:59:01.005971+00	3	Olivia	2	[{"changed": {"fields": ["Availability orders"]}}]	8	1
13	2025-03-16 11:40:50.387763+00	408	BurgerBon in Olivia	2	[{"changed": {"fields": ["Photo"]}}]	9	1
14	2025-04-18 08:13:07.111267+00	1	location of Super Admin – +998881836222	2	[{"changed": {"fields": ["Is active"]}}]	12	1
15	2025-04-18 08:16:17.012843+00	2	location of Super Admin – +998881836222	2	[{"changed": {"fields": ["Is active"]}}]	12	1
16	2025-04-19 17:50:52.360935+00	3	Olivia	2	[]	8	1
17	2025-04-19 17:54:58.282134+00	1	Pasta House	2	[{"changed": {"fields": ["User"]}}]	8	1
18	2025-04-19 17:56:39.844273+00	4	Joy Chaikhana	2	[{"changed": {"fields": ["User"]}}]	8	1
19	2025-04-19 17:56:58.40424+00	4	Тестовый Тестович – +998934733222	3		11	1
20	2025-04-19 18:10:43.972552+00	1	Pasta House	2	[{"changed": {"fields": ["Orders chat id"]}}]	8	1
21	2025-04-19 18:10:50.518417+00	1	Pasta House	2	[{"changed": {"fields": ["Waiter chat id"]}}]	8	1
22	2025-04-19 18:22:47.337893+00	3	Gulyamov Mirzogulyam – +998934733220	3		11	1
23	2025-04-19 19:03:52.793563+00	9	location of test test – +998934443322	3		12	1
24	2025-04-19 19:08:49.694451+00	10	location of test test – +998934443322	3		12	1
25	2025-04-19 19:08:49.697899+00	8	location of Тестовый Тестовый – +998934732222	3		12	1
26	2025-04-19 19:08:49.700003+00	7	location of Тестовый Тестовый – +998934732222	3		12	1
27	2025-04-19 19:08:49.702408+00	6	location of Тестовый Тестовый – +998934732222	3		12	1
28	2025-04-19 19:40:07.695453+00	13	location of test test – +998934443322	3		12	1
29	2025-04-19 19:40:07.697987+00	12	location of test test – +998934443322	3		12	1
30	2025-04-19 19:40:07.700057+00	11	location of test test – +998934443322	3		12	1
31	2025-04-19 19:50:51.755122+00	14	location of test test – +998934443322	3		12	1
32	2025-04-19 19:54:13.457745+00	15	location of test test – +998934443322	3		12	1
33	2025-04-20 20:15:32.49475+00	35	location of Мирзо Гулямов	2	[{"changed": {"fields": ["Is active"]}}]	12	1
34	2025-04-20 20:15:32.496879+00	34	location of Мирзо Гулямов	2	[{"changed": {"fields": ["Is active"]}}]	12	1
35	2025-04-20 20:15:32.499709+00	33	location of Мирзо Гулямов	2	[{"changed": {"fields": ["Is active"]}}]	12	1
36	2025-04-20 20:15:32.501787+00	32	location of Мирзо Гулямов	2	[{"changed": {"fields": ["Is active"]}}]	12	1
37	2025-04-20 20:15:32.504859+00	31	location of Мирзо Гулямов	2	[{"changed": {"fields": ["Is active"]}}]	12	1
38	2025-04-20 20:15:32.507016+00	30	location of Мирзо Гулямов	2	[{"changed": {"fields": ["Is active"]}}]	12	1
39	2025-04-20 20:15:32.508731+00	29	location of Мирзо Гулямов	2	[{"changed": {"fields": ["Is active"]}}]	12	1
40	2025-04-20 20:15:44.260709+00	27	location of test test	2	[{"changed": {"fields": ["Is active"]}}]	12	1
41	2025-04-20 20:15:44.264306+00	26	location of test test	2	[{"changed": {"fields": ["Is active"]}}]	12	1
42	2025-04-20 20:15:44.266408+00	25	location of test test	2	[{"changed": {"fields": ["Is active"]}}]	12	1
43	2025-04-20 20:15:44.268696+00	24	location of test test	2	[{"changed": {"fields": ["Is active"]}}]	12	1
44	2025-04-20 20:15:44.270925+00	20	location of test test	2	[{"changed": {"fields": ["Is active"]}}]	12	1
45	2025-04-20 20:15:44.272618+00	19	location of test test	2	[{"changed": {"fields": ["Is active"]}}]	12	1
46	2025-04-20 20:15:44.275752+00	18	location of test test	2	[{"changed": {"fields": ["Is active"]}}]	12	1
47	2025-04-20 20:15:44.277468+00	17	location of test test	2	[{"changed": {"fields": ["Is active"]}}]	12	1
48	2025-04-20 20:51:50.698759+00	41	location of Gulyamov Mirzogulyam	3		12	1
49	2025-04-20 20:51:50.701412+00	40	location of Gulyamov Mirzogulyam	3		12	1
50	2025-04-20 20:51:50.703578+00	39	location of Gulyamov Mirzogulyam	3		12	1
51	2025-04-20 20:51:50.705567+00	38	location of Gulyamov Mirzogulyam	3		12	1
52	2025-04-20 20:51:50.707165+00	37	location of Gulyamov Mirzogulyam	3		12	1
53	2025-04-20 20:51:50.709202+00	36	location of Gulyamov Mirzogulyam	3		12	1
54	2025-04-20 20:51:50.71097+00	5	location of Gulyamov Mirzogulyam	3		12	1
55	2025-04-20 20:51:50.713281+00	4	location of Gulyamov Mirzogulyam	3		12	1
56	2025-04-20 20:51:50.715094+00	3	location of Gulyamov Mirzogulyam	3		12	1
57	2025-04-20 20:52:03.66467+00	23	location of Тестовый Тестовый	3		12	1
58	2025-04-20 20:52:03.667211+00	22	location of Тестовый Тестовый	3		12	1
59	2025-04-20 20:52:03.669494+00	21	location of Тестовый Тестовый	3		12	1
60	2025-04-20 20:52:11.975205+00	27	location of test test	3		12	1
61	2025-04-20 20:52:11.978447+00	26	location of test test	3		12	1
62	2025-04-20 20:52:11.980671+00	25	location of test test	3		12	1
63	2025-04-20 20:52:11.982331+00	24	location of test test	3		12	1
64	2025-04-20 20:52:11.984288+00	20	location of test test	3		12	1
65	2025-04-20 20:52:11.9869+00	19	location of test test	3		12	1
66	2025-04-20 20:52:11.989391+00	18	location of test test	3		12	1
67	2025-04-20 20:52:11.991592+00	17	location of test test	3		12	1
68	2025-04-20 20:52:11.993615+00	16	location of test test	3		12	1
69	2025-04-20 20:52:25.104408+00	35	location of Мирзо Гулямов	3		12	1
70	2025-04-20 20:52:25.107128+00	34	location of Мирзо Гулямов	3		12	1
71	2025-04-20 20:52:25.109426+00	33	location of Мирзо Гулямов	3		12	1
72	2025-04-20 20:52:25.111354+00	32	location of Мирзо Гулямов	3		12	1
73	2025-04-20 20:52:25.113135+00	31	location of Мирзо Гулямов	3		12	1
74	2025-04-20 20:52:25.114874+00	30	location of Мирзо Гулямов	3		12	1
75	2025-04-20 20:52:25.117537+00	29	location of Мирзо Гулямов	3		12	1
76	2025-04-20 20:52:25.119841+00	28	location of Мирзо Гулямов	3		12	1
77	2025-04-20 20:57:00.808614+00	42	location of Gulyamov Mirzogulyam	3		12	1
78	2025-04-20 20:58:52.626882+00	2	location of Super Admin	3		12	1
79	2025-04-20 20:58:52.629299+00	1	location of Super Admin	3		12	1
80	2025-04-20 21:19:41.761666+00	48	location of Gulyamov Mirzogulyam	3		12	1
81	2025-04-20 21:19:41.764327+00	47	location of Gulyamov Mirzogulyam	3		12	1
82	2025-04-20 21:19:41.766201+00	46	location of Gulyamov Mirzogulyam	3		12	1
83	2025-04-20 21:19:41.768081+00	45	location of Gulyamov Mirzogulyam	3		12	1
84	2025-04-20 21:19:41.769889+00	44	location of Gulyamov Mirzogulyam	3		12	1
85	2025-04-20 21:19:41.772551+00	43	location of Gulyamov Mirzogulyam	3		12	1
86	2025-04-20 21:41:45.26619+00	1	Super Admin	2	[{"changed": {"fields": ["Avatar"]}}]	11	1
87	2025-04-20 21:43:02.546986+00	2	Gulyamov Mirzogulyam	2	[{"changed": {"fields": ["Avatar"]}}]	11	1
88	2025-04-21 18:17:50.995499+00	8	Gulyamov Mirzosobir	2	[{"changed": {"fields": ["Avatar"]}}]	11	1
90	2025-04-24 06:55:56.535397+00	8	Gulyamov Mirzosobir	2	[{"changed": {"fields": ["Is staff", "Is vendor"]}}]	11	1
92	2025-04-24 06:57:21.22147+00	1	Pasta House	2	[{"changed": {"fields": ["User"]}}]	8	1
93	2025-04-24 06:57:29.271743+00	3	Olivia	2	[{"changed": {"fields": ["User"]}}]	8	1
97	2025-04-24 09:09:19.39825+00	1	Pasta House	2	[{"changed": {"fields": ["User"]}}]	8	1
98	2025-04-24 09:09:57.92418+00	1	Pasta House	2	[{"changed": {"fields": ["User"]}}]	8	1
99	2025-04-24 09:10:05.344976+00	3	Olivia	2	[{"changed": {"fields": ["User"]}}]	8	1
101	2025-04-24 09:29:16.586683+00	3	Люла Кебаб in Olivia	2	[{"changed": {"fields": ["Created by", "Update by"]}}]	9	1
102	2025-04-24 09:29:25.662748+00	3	Люла Кебаб in Olivia	2	[{"changed": {"fields": ["Created by", "Update by"]}}]	9	1
103	2025-04-24 09:29:36.502818+00	1	Promo is Olivia, 1+1	2	[{"changed": {"fields": ["Created by", "Update by"]}}]	10	1
104	2025-04-24 09:29:51.187964+00	51	Завтраки	2	[{"changed": {"fields": ["Created by", "Update by"]}}]	7	1
105	2025-04-24 09:29:59.85855+00	51	Завтраки	2	[{"changed": {"fields": ["Created by", "Update by"]}}]	7	1
106	2025-04-24 09:43:49.301185+00	9	Nurillo Ziyodilloyev (Grey Cat)	2	[{"changed": {"fields": ["First name", "Last name", "Avatar", "Telegram id", "Is vendor"]}}]	11	1
107	2025-04-24 09:45:14.1863+00	9	Grey Cat	1	[{"added": {}}]	8	1
108	2025-04-24 10:08:27.914516+00	9	Grey Cat	2	[{"changed": {"fields": ["Background photo", "Logo"]}}]	8	1
109	2025-04-24 10:11:22.99049+00	9	Grey Cat	2	[{"changed": {"fields": ["Logo"]}}]	8	1
110	2025-04-25 11:32:13.361481+00	1	Pasta House 2	2	[{"changed": {"fields": ["Name"]}}]	8	1
111	2025-04-25 11:33:53.917612+00	1	Pasta House	2	[{"changed": {"fields": ["Name"]}}]	8	1
112	2025-04-27 12:46:43.920274+00	9	Grey Cat	2	[{"changed": {"fields": ["Orders chat id", "Waiter chat id"]}}]	8	1
113	2025-04-27 12:47:28.427473+00	9	Grey Cat	2	[]	8	1
114	2025-04-27 13:08:04.819133+00	1	Cucumber Admin	2	[{"changed": {"fields": ["First name"]}}]	11	1
115	2025-04-27 13:28:11.140481+00	9	Grey Cat	2	[{"changed": {"fields": ["Orders chat id", "Waiter chat id"]}}]	8	1
116	2025-04-27 17:40:59.375158+00	9	Grey Cat	2	[{"changed": {"fields": ["Orders chat id", "Waiter chat id"]}}]	8	1
117	2025-04-27 18:10:06.756386+00	9	Grey Cat	2	[{"changed": {"fields": ["Orders chat id", "Waiter chat id"]}}]	8	1
118	2025-04-27 18:11:35.815854+00	9	Grey Cat	2	[{"changed": {"fields": ["Orders chat id", "Waiter chat id"]}}]	8	1
119	2025-04-27 21:44:23.445236+00	1	Pasta House	2	[{"changed": {"fields": ["Availability orders"]}}]	8	1
120	2025-04-27 21:45:44.796515+00	1	Pasta House	2	[{"changed": {"fields": ["Availability orders"]}}]	8	1
121	2025-04-28 09:08:02.869076+00	1	Pasta House	2	[{"changed": {"fields": ["Availability orders"]}}]	8	1
122	2025-04-28 09:37:47.697923+00	1	Pasta House	2	[{"changed": {"fields": ["Availability orders"]}}]	8	1
123	2025-04-30 04:12:03.570691+00	9	GreyCat	2	[{"changed": {"fields": ["Name"]}}]	8	1
124	2025-05-02 06:47:14.083268+00	7	Bon Bon	2	[{"changed": {"fields": ["User"]}}]	8	1
125	2025-05-02 06:53:43.498321+00	16	Хайрулла Сафаров	2	[{"changed": {"fields": ["Avatar", "Is vendor"]}}]	11	1
126	2025-05-05 12:03:27.565021+00	1	Pasta House	2	[{"changed": {"fields": ["Is active"]}}]	8	1
127	2025-05-05 12:03:44.020328+00	3	Olivia	2	[{"changed": {"fields": ["Is active"]}}]	8	1
128	2025-05-06 08:49:39.839252+00	9	GreyCat	2	[{"changed": {"fields": ["Availability orders"]}}]	8	1
129	2025-05-06 08:49:57.672598+00	6	The Plov	2	[{"changed": {"fields": ["Availability orders"]}}]	8	1
130	2025-05-26 09:22:46.309308+00	7	Bon Bon	2	[{"changed": {"fields": ["Availability orders", "Orders chat id", "Waiter chat id"]}}]	8	1
131	2025-06-12 18:19:58.091747+00	1	Pasta House	2	[{"changed": {"fields": ["User"]}}]	8	1
132	2025-06-12 18:20:10.515377+00	3	Olivia	2	[{"changed": {"fields": ["User"]}}]	8	1
133	2025-06-12 18:21:00.91479+00	1	Pasta House	2	[{"changed": {"fields": ["User"]}}]	8	1
134	2025-06-12 18:21:09.36367+00	3	Olivia	2	[{"changed": {"fields": ["User"]}}]	8	1
\.


--
-- Data for Name: django_content_type; Type: TABLE DATA; Schema: public; Owner: aurora
--

COPY public.django_content_type (id, app_label, model) FROM stdin;
1	admin	logentry
2	auth	permission
3	auth	group
4	auth	user
5	contenttypes	contenttype
6	sessions	session
7	menu_app	category
8	menu_app	restaurant
9	menu_app	menu
10	menu_app	promo
11	users	user
12	users	userlocation
\.


--
-- Data for Name: django_migrations; Type: TABLE DATA; Schema: public; Owner: aurora
--

COPY public.django_migrations (id, app, name, applied) FROM stdin;
1	contenttypes	0001_initial	2024-03-04 12:09:25.711402+00
2	auth	0001_initial	2024-03-04 12:09:25.816029+00
6	contenttypes	0002_remove_content_type_name	2024-03-04 12:09:25.875928+00
7	auth	0002_alter_permission_name_max_length	2024-03-04 12:09:25.88439+00
8	auth	0003_alter_user_email_max_length	2024-03-04 12:09:25.892512+00
9	auth	0004_alter_user_username_opts	2024-03-04 12:09:25.900528+00
10	auth	0005_alter_user_last_login_null	2024-03-04 12:09:25.910153+00
11	auth	0006_require_contenttypes_0002	2024-03-04 12:09:25.91304+00
12	auth	0007_alter_validators_add_error_messages	2024-03-04 12:09:25.920124+00
13	auth	0008_alter_user_username_max_length	2024-03-04 12:09:25.932479+00
14	auth	0009_alter_user_last_name_max_length	2024-03-04 12:09:25.940682+00
15	auth	0010_alter_group_name_max_length	2024-03-04 12:09:25.949815+00
16	auth	0011_update_proxy_permissions	2024-03-04 12:09:25.957283+00
17	auth	0012_alter_user_first_name_max_length	2024-03-04 12:09:25.96526+00
18	menu_app	0001_initial	2024-03-04 12:09:26.094813+00
19	menu_app	0002_category_order	2024-03-04 12:09:26.106413+00
20	menu_app	0003_alter_category_options_promo	2024-03-04 12:09:26.149759+00
21	menu_app	0004_alter_menu_description	2024-03-04 12:09:26.191452+00
22	menu_app	0005_alter_promo_info_alter_promo_name_alter_promo_photo	2024-03-04 12:09:26.220317+00
23	sessions	0001_initial	2024-03-04 12:09:26.242185+00
24	menu_app	0006_category_is_active_menu_availability_and_more	2024-04-28 16:13:06.660165+00
25	menu_app	0007_alter_category_is_active	2024-04-28 19:23:01.515147+00
26	menu_app	0008_rename_info_promo_description	2024-06-07 20:24:38.978479+00
27	menu_app	0009_restaurant_availability_orders_and_more	2024-06-16 08:19:23.617839+00
28	menu_app	0010_alter_restaurant_orders_chat_id_and_more	2024-06-26 14:01:05.226092+00
29	menu_app	0011_alter_restaurant_orders_chat_id_and_more	2024-06-26 14:05:20.221325+00
30	menu_app	0012_alter_restaurant_orders_chat_id_and_more	2024-06-26 14:11:51.68796+00
31	menu_app	0013_remove_menu_slug_remove_restaurant_slug	2024-12-10 17:27:21.405714+00
32	users	0001_initial	2025-03-07 19:31:21.836472+00
33	admin	0001_initial	2025-03-07 19:31:43.007969+00
34	admin	0002_logentry_remove_auto_add	2025-03-07 19:31:43.018538+00
35	admin	0003_logentry_add_action_flag_choices	2025-03-07 19:31:43.030005+00
36	menu_app	0002_rename_adress_restaurant_address_and_more	2025-03-09 13:43:02.151739+00
37	menu_app	0003_menu_thumb	2025-03-16 11:23:49.572454+00
38	users	0002_user_avatar	2025-04-16 05:59:15.63901+00
39	users	0003_userlocation	2025-04-16 05:59:15.675764+00
40	users	0004_userlocation_apartment_userlocation_entrance_and_more	2025-04-16 05:59:15.737505+00
41	users	0005_alter_user_phone	2025-04-20 19:48:18.732905+00
42	users	0006_userlocation_street	2025-04-20 19:48:18.745313+00
43	users	0007_userlocation_name	2025-04-20 19:48:18.756294+00
44	users	0008_userlocation_address_userlocation_comment	2025-04-20 19:59:27.182593+00
45	users	0009_alter_userlocation_options	2025-04-21 09:02:55.928348+00
46	menu_app	0004_alter_category_is_active_alter_menu_is_active_and_more	2025-04-27 12:45:33.992147+00
\.


--
-- Data for Name: django_session; Type: TABLE DATA; Schema: public; Owner: aurora
--

COPY public.django_session (session_key, session_data, expire_date) FROM stdin;
qdaybb4n8enefuomp4x7449svd7ov636	.eJxVjMEOwiAQRP-FsyFABbYevfsNZJcFqRpISnsy_rtt0oPeJvPezFsEXJcS1p7mMLG4CC1Ovx1hfKa6A35gvTcZW13mieSuyIN2eWucXtfD_Tso2Mu2JkcqjyOB9QNgQpsMYDwDRKUZrMkDKJPJeSYTaYvoMbFG0No4NCw-X_D3OFQ:1rh7E8:eMehFIdCD7Aw_uh627sdP9tIVHnz16ZDq9q7vyb84kA	2024-03-18 12:15:28.971773+00
tqsq2vwc3fbkcxhqyxoe4g000wg6fc97	.eJxVjMEOwiAQRP-FsyFABbYevfsNZJcFqRpISnsy_rtt0oPeJvPezFsEXJcS1p7mMLG4CC1Ovx1hfKa6A35gvTcZW13mieSuyIN2eWucXtfD_Tso2Mu2JkcqjyOB9QNgQpsMYDwDRKUZrMkDKJPJeSYTaYvoMbFG0No4NCw-X_D3OFQ:1rh7Eh:s8oSJ__LU2nkByAZ9qWOJeYvrQfdk2NWKWZ2ZlDuw4Q	2024-03-18 12:16:03.275089+00
bpzt1vc9om4ecetnljfzj31gzl5lqyj4	.eJxVjMEOwiAQRP-FsyFABbYevfsNZJcFqRpISnsy_rtt0oPeJvPezFsEXJcS1p7mMLG4CC1Ovx1hfKa6A35gvTcZW13mieSuyIN2eWucXtfD_Tso2Mu2JkcqjyOB9QNgQpsMYDwDRKUZrMkDKJPJeSYTaYvoMbFG0No4NCw-X_D3OFQ:1rh81e:vOpA0y3ssgbJgSUKGdCWEfnOnyKhuKrgAdl6GsHX-IQ	2024-03-18 13:06:38.247058+00
smmd4ro72kirwbfcw84cxd4zvanzzxs7	.eJxVjMEOwiAQRP-FsyFABbYevfsNZJcFqRpISnsy_rtt0oPeJvPezFsEXJcS1p7mMLG4CC1Ovx1hfKa6A35gvTcZW13mieSuyIN2eWucXtfD_Tso2Mu2JkcqjyOB9QNgQpsMYDwDRKUZrMkDKJPJeSYTaYvoMbFG0No4NCw-X_D3OFQ:1rhof8:I6XFLeGU6b5BMEQ3aOlMoiRdeknlp9sL-zlLSc2UgKE	2024-03-20 10:38:14.09638+00
h31o82hblz3vmpqxi1zez90xyyi2e6q7	.eJxVjMEOwiAQRP-FsyFABbYevfsNZJcFqRpISnsy_rtt0oPeJvPezFsEXJcS1p7mMLG4CC1Ovx1hfKa6A35gvTcZW13mieSuyIN2eWucXtfD_Tso2Mu2JkcqjyOB9QNgQpsMYDwDRKUZrMkDKJPJeSYTaYvoMbFG0No4NCw-X_D3OFQ:1roJS1:AW33fIMPdkghVZPP2yq3kjlY--LkksMclzs_PcXDqRs	2024-04-07 08:43:33.676204+00
x0uavqx2k063tlxpwzzrlq1zkh3mcp6p	.eJxVjMEOwiAQRP-FsyFABbYevfsNZJcFqRpISnsy_rtt0oPeJvPezFsEXJcS1p7mMLG4CC1Ovx1hfKa6A35gvTcZW13mieSuyIN2eWucXtfD_Tso2Mu2JkcqjyOB9QNgQpsMYDwDRKUZrMkDKJPJeSYTaYvoMbFG0No4NCw-X_D3OFQ:1roO3H:KEflD732Zb0XFDVUruFZu20NtZu8UZ3pfOT0i-juX6I	2024-04-07 13:38:19.68184+00
03oknnr11dsndwhc26gg41k21tvywj2i	.eJxVjMEOwiAQRP-FsyFABbYevfsNZJcFqRpISnsy_rtt0oPeJvPezFsEXJcS1p7mMLG4CC1Ovx1hfKa6A35gvTcZW13mieSuyIN2eWucXtfD_Tso2Mu2JkcqjyOB9QNgQpsMYDwDRKUZrMkDKJPJeSYTaYvoMbFG0No4NCw-X_D3OFQ:1rtho1:BI8o0BucvCv-is-TvFnG4jh268r_OFlAzrl9_cVJz4I	2024-04-22 05:44:33.040688+00
cktuba8m7jna6kdm6blf17alj1b54npz	.eJxVjMEOwiAQRP-FsyFABbYevfsNZJcFqRpISnsy_rtt0oPeJvPezFsEXJcS1p7mMLG4CC1Ovx1hfKa6A35gvTcZW13mieSuyIN2eWucXtfD_Tso2Mu2JkcqjyOB9QNgQpsMYDwDRKUZrMkDKJPJeSYTaYvoMbFG0No4NCw-X_D3OFQ:1rxqNj:inE966c3AnTB150-DcNCoIiUblNqRxpKl0eR6ma-ahk	2024-05-03 15:42:31.589681+00
ifdevm7ds2u2p143sv2mepj20houqa4l	.eJxVjMEOwiAQRP-FsyFABbYevfsNZJcFqRpISnsy_rtt0oPeJvPezFsEXJcS1p7mMLG4CC1Ovx1hfKa6A35gvTcZW13mieSuyIN2eWucXtfD_Tso2Mu2JkcqjyOB9QNgQpsMYDwDRKUZrMkDKJPJeSYTaYvoMbFG0No4NCw-X_D3OFQ:1ryBYK:m_BVj73MAfJzSjgfqik5YalLXWPLqf7-ASINVaIP6Tc	2024-05-04 14:18:52.872127+00
sqbao14zcg2ubkid4lk1royd53xrbd1o	.eJxVjMEOwiAQRP-FsyFABbYevfsNZJcFqRpISnsy_rtt0oPeJvPezFsEXJcS1p7mMLG4CC1Ovx1hfKa6A35gvTcZW13mieSuyIN2eWucXtfD_Tso2Mu2JkcqjyOB9QNgQpsMYDwDRKUZrMkDKJPJeSYTaYvoMbFG0No4NCw-X_D3OFQ:1rzDsD:XKf6PuyedNabccWJVbqhli_Xl8v2_aOxUPPoeRfSiqk	2024-05-07 10:59:41.254634+00
oddrvzk3vs0vpa1or8n6v4cwyuvu9qjk	.eJxVjMEOwiAQRP-FsyFABbYevfsNZJcFqRpISnsy_rtt0oPeJvPezFsEXJcS1p7mMLG4CC1Ovx1hfKa6A35gvTcZW13mieSuyIN2eWucXtfD_Tso2Mu2JkcqjyOB9QNgQpsMYDwDRKUZrMkDKJPJeSYTaYvoMbFG0No4NCw-X_D3OFQ:1s02IT:xHcfwIYD2JRMkomxXGqWtHUUOWz56XoSEPgBOxECB5s	2024-05-09 16:50:09.629172+00
e97xqukuqt7lo5awx4cranytdbrg90ic	.eJxVjMEOwiAQRP-FsyFABbYevfsNZJcFqRpISnsy_rtt0oPeJvPezFsEXJcS1p7mMLG4CC1Ovx1hfKa6A35gvTcZW13mieSuyIN2eWucXtfD_Tso2Mu2JkcqjyOB9QNgQpsMYDwDRKUZrMkDKJPJeSYTaYvoMbFG0No4NCw-X_D3OFQ:1s033C:vTHFP7Om8KrMmprAbdStTZEhY4lvWAx_rqFW8agNcG8	2024-05-09 17:38:26.312394+00
y5xx0addpfqgpny7ycbiz3dpa9xc2pwf	.eJxVjMEOwiAQRP-FsyFABbYevfsNZJcFqRpISnsy_rtt0oPeJvPezFsEXJcS1p7mMLG4CC1Ovx1hfKa6A35gvTcZW13mieSuyIN2eWucXtfD_Tso2Mu2JkcqjyOB9QNgQpsMYDwDRKUZrMkDKJPJeSYTaYvoMbFG0No4NCw-X_D3OFQ:1s0iyC:VLwLQGcBJrl2nNVnea5EC2xTdKDO3LM1B6XkSPFlHgg	2024-05-11 14:24:04.797942+00
pl11y1cdu7dthivd3l3ari1f3b8vrkeu	.eJxVjMEOwiAQRP-FsyFABbYevfsNZJcFqRpISnsy_rtt0oPeJvPezFsEXJcS1p7mMLG4CC1Ovx1hfKa6A35gvTcZW13mieSuyIN2eWucXtfD_Tso2Mu2JkcqjyOB9QNgQpsMYDwDRKUZrMkDKJPJeSYTaYvoMbFG0No4NCw-X_D3OFQ:1s6eqW:77jOVpHQvba4rMBHmEk1NJ_AgLSou_Okz8Pgpnb9IhI	2024-05-27 23:12:40.875679+00
j1md9kx3lmgjm8flazwbk76uyp15ejyp	.eJxVjMEOwiAQRP-FsyFABbYevfsNZJcFqRpISnsy_rtt0oPeJvPezFsEXJcS1p7mMLG4CC1Ovx1hfKa6A35gvTcZW13mieSuyIN2eWucXtfD_Tso2Mu2JkcqjyOB9QNgQpsMYDwDRKUZrMkDKJPJeSYTaYvoMbFG0No4NCw-X_D3OFQ:1sAEsM:D4kaE5oDXZ2ZV-zUKXKO1S7BpkjAhnn6wQExhh4gatI	2024-06-06 20:17:22.025116+00
kuxqjmuzxdkbxglahuivzfzon226inoz	.eJxVjMEOwiAQRP-FsyFABbYevfsNZJcFqRpISnsy_rtt0oPeJvPezFsEXJcS1p7mMLG4CC1Ovx1hfKa6A35gvTcZW13mieSuyIN2eWucXtfD_Tso2Mu2JkcqjyOB9QNgQpsMYDwDRKUZrMkDKJPJeSYTaYvoMbFG0No4NCw-X_D3OFQ:1sCiIw:KDiYbBnAC2Igoma9WXeF8fBemFuoKxltKZAxB69Hfk8	2024-06-13 16:07:02.772048+00
qs0zia48d7dn8x8otbziugu3rseijo4p	.eJxVjMsOwiAQRf-FtSFQ3i7d-w1khgGpGkhKuzL-uzbpQrf3nHNfLMK21riNvMSZ2JlJdvrdENIjtx3QHdqt89TbuszId4UfdPBrp_y8HO7fQYVRv3VWiCkE6YzLSpgJMNjkpLCkLSAZV4RHcNInD0EEB2YqPhdBSuukS2DvD-HwN-E:1sIk2w:_GB4197OJvbTLMSRAON6YqIyep90T1AWFhGHFoMuvRM	2024-06-30 07:11:26.449194+00
jlb2eqar3591qedrix1exp1z6xgvrg31	.eJxVjMsOwiAQRf-FtSFQ3i7d-w1khgGpGkhKuzL-uzbpQrf3nHNfLMK21riNvMSZ2JlJdvrdENIjtx3QHdqt89TbuszId4UfdPBrp_y8HO7fQYVRv3VWiCkE6YzLSpgJMNjkpLCkLSAZV4RHcNInD0EEB2YqPhdBSuukS2DvD-HwN-E:1sIlCG:0g2ziYjIGCRNtRepNGNTQXN0YyUgXw5_rszYWco164M	2024-06-30 08:25:08.888394+00
vln1rzzl1xfmc9x42miwucestw6ox35j	.eJxVjMsOwiAQRf-FtSFQ3i7d-w1khgGpGkhKuzL-uzbpQrf3nHNfLMK21riNvMSZ2JlJdvrdENIjtx3QHdqt89TbuszId4UfdPBrp_y8HO7fQYVRv3VWiCkE6YzLSpgJMNjkpLCkLSAZV4RHcNInD0EEB2YqPhdBSuukS2DvD-HwN-E:1sNw5Y:H2egwJ8C_23g_lgFuJQwAMC2uvSjnWe700eezZHMp_0	2024-07-14 15:03:36.125522+00
i025s2n9kkqnx6bdnegz5aods33fzhcn	.eJxVjMsOwiAQRf-FtSFQ3i7d-w1khgGpGkhKuzL-uzbpQrf3nHNfLMK21riNvMSZ2JlJdvrdENIjtx3QHdqt89TbuszId4UfdPBrp_y8HO7fQYVRv3VWiCkE6YzLSpgJMNjkpLCkLSAZV4RHcNInD0EEB2YqPhdBSuukS2DvD-HwN-E:1sPl6d:l2_nCrCeQgpIhejGk3vACayty0bdfkgOJB0AeY7hG-g	2024-07-19 15:44:15.948193+00
xva21ujrscbzwi8fdw7ctj16inedjdzd	.eJxVjMsOwiAQRf-FtSFQ3i7d-w1khgGpGkhKuzL-uzbpQrf3nHNfLMK21riNvMSZ2JlJdvrdENIjtx3QHdqt89TbuszId4UfdPBrp_y8HO7fQYVRv3VWiCkE6YzLSpgJMNjkpLCkLSAZV4RHcNInD0EEB2YqPhdBSuukS2DvD-HwN-E:1sR7pp:a7FQnpn4nuxsWM-xv8ks8P--ftpyoAy_TDv_ti___2s	2024-07-23 10:12:33.319792+00
xgak2w1sj9g61at7leqv1patxdbe8q0u	.eJxVjMsOwiAQRf-FtSFQ3i7d-w1khgGpGkhKuzL-uzbpQrf3nHNfLMK21riNvMSZ2JlJdvrdENIjtx3QHdqt89TbuszId4UfdPBrp_y8HO7fQYVRv3VWiCkE6YzLSpgJMNjkpLCkLSAZV4RHcNInD0EEB2YqPhdBSuukS2DvD-HwN-E:1tL3fM:joquRJXPSyCkuplsO--BPlPZiYMIBNr_4Cbx8KlpUY4	2024-12-24 17:04:56.999008+00
mvmetiqrelguc82541it333gbl1628l3	.eJxVjMsOwiAQRf-FtSFQ3i7d-w1khgGpGkhKuzL-uzbpQrf3nHNfLMK21riNvMSZ2JlJdvrdENIjtx3QHdqt89TbuszId4UfdPBrp_y8HO7fQYVRv3VWiCkE6YzLSpgJMNjkpLCkLSAZV4RHcNInD0EEB2YqPhdBSuukS2DvD-HwN-E:1tL3hV:u0y2Yuh_0s_a6kntxGCBHvTcOgwXYmNDhHu0GuzimYI	2024-12-24 17:07:09.517538+00
1oqindo426471yg3p4f1z58e8cgkozpa	.eJxVjMsOwiAQRf-FtSFQ3i7d-w1khgGpGkhKuzL-uzbpQrf3nHNfLMK21riNvMSZ2JlJdvrdENIjtx3QHdqt89TbuszId4UfdPBrp_y8HO7fQYVRv3VWiCkE6YzLSpgJMNjkpLCkLSAZV4RHcNInD0EEB2YqPhdBSuukS2DvD-HwN-E:1tL3xB:8HSZ1UfutfiwVO04AV7qXOeq62VAcLPVxd9QJBnKW2M	2024-12-24 17:23:21.162364+00
dkh1t65u9363b18mh55f24ik829hcbbs	.eJxVjMsOwiAQRf-FtSFQ3i7d-w1khgGpGkhKuzL-uzbpQrf3nHNfLMK21riNvMSZ2JlJdvrdENIjtx3QHdqt89TbuszId4UfdPBrp_y8HO7fQYVRv3VWiCkE6YzLSpgJMNjkpLCkLSAZV4RHcNInD0EEB2YqPhdBSuukS2DvD-HwN-E:1tRtKr:qJQ86z3yx_fgBpKKuvYXB8SdjkMvH8cb22fJtlI1XPM	2025-01-12 13:28:01.132485+00
75oxhb5qjd7utahgf7v1jr67e3y1u1mf	.eJxVjMsOwiAQRf-FtSFQ3i7d-w1khgGpGkhKuzL-uzbpQrf3nHNfLMK21riNvMSZ2JlJdvrdENIjtx3QHdqt89TbuszId4UfdPBrp_y8HO7fQYVRv3VWiCkE6YzLSpgJMNjkpLCkLSAZV4RHcNInD0EEB2YqPhdBSuukS2DvD-HwN-E:1tXGyN:N-w40hgYV28CudHNXiBWnYWPiaLRrkpu5FqwzJtlpeo	2025-01-27 09:43:03.698326+00
kexkq579vp0rsmlwc9mr4z03i9wivow9	.eJxVjMsOwiAQRf-FtSFQ3i7d-w1khgGpGkhKuzL-uzbpQrf3nHNfLMK21riNvMSZ2JlJdvrdENIjtx3QHdqt89TbuszId4UfdPBrp_y8HO7fQYVRv3VWiCkE6YzLSpgJMNjkpLCkLSAZV4RHcNInD0EEB2YqPhdBSuukS2DvD-HwN-E:1teTqf:YQThAKRf9ingHFnRxropcs892Yi97yZoHSGhZzfEub4	2025-02-16 06:52:53.163768+00
snenwroxevwld4d4b940o33pac8nahrc	.eJxVjMsOwiAQRf-FtSFQ3i7d-w1khgGpGkhKuzL-uzbpQrf3nHNfLMK21riNvMSZ2JlJdvrdENIjtx3QHdqt89TbuszId4UfdPBrp_y8HO7fQYVRv3VWiCkE6YzLSpgJMNjkpLCkLSAZV4RHcNInD0EEB2YqPhdBSuukS2DvD-HwN-E:1tfAxp:oANxDnpM3oMQFyUhG2cBsGo9vkOnhWfsa8JIPNQzGWs	2025-02-18 04:55:09.641298+00
c3egcham7so1vksjrjd06x3567nxt4jr	.eJxVjDsOwjAQBe_iGln-4Q8lPWewvOs1DiBbipMKcXcSKQW0b2bem8W0LjWug-Y4ZXZhkp1-N0j4pLaD_Ejt3jn2tswT8F3hBx381jO9rof7d1DTqFvtPIlkbBBC2ZCNxQC56HMA49ADOY8giwWDhXRWmkCh9gUxORnEFrDPF-ghOHM:1trHKW:iQJ1NEdopK1FjiPZ2wmLtbdk227JBAO_sh-ieuxNU4M	2025-03-23 14:08:36.838529+00
ipzp255c118yzf26nvt8wh0hntcplqqo	.eJxVjDsOwjAQBe_iGln-4Q8lPWewvOs1DiBbipMKcXcSKQW0b2bem8W0LjWug-Y4ZXZhkp1-N0j4pLaD_Ejt3jn2tswT8F3hBx381jO9rof7d1DTqFvtPIlkbBBC2ZCNxQC56HMA49ADOY8giwWDhXRWmkCh9gUxORnEFrDPF-ghOHM:1tthx3:_d_55eQbaF_m0YghiqhDcahXxEcdrkSu_lP2ETw1beQ	2025-03-30 06:58:25.554957+00
926xeabo7e7y2m1ycq7bewt169ake03s	.eJxVjDsOwjAQBe_iGln-4Q8lPWewvOs1DiBbipMKcXcSKQW0b2bem8W0LjWug-Y4ZXZhkp1-N0j4pLaD_Ejt3jn2tswT8F3hBx381jO9rof7d1DTqFvtPIlkbBBC2ZCNxQC56HMA49ADOY8giwWDhXRWmkCh9gUxORnEFrDPF-ghOHM:1u4QlZ:_On71qFyQB6KQl21ldzqs1Q4mGzPZO44QSQNKAMuVog	2025-04-28 20:50:53.411353+00
f22djy9dainzm6pspc5xewil32t375yo	.eJxVjDsOwjAQBe_iGln-4Q8lPWewvOs1DiBbipMKcXcSKQW0b2bem8W0LjWug-Y4ZXZhkp1-N0j4pLaD_Ejt3jn2tswT8F3hBx381jO9rof7d1DTqFvtPIlkbBBC2ZCNxQC56HMA49ADOY8giwWDhXRWmkCh9gUxORnEFrDPF-ghOHM:1u4RQH:7bAAxWL3BaAdHiLq-WtIBtHZQuroj4XF-l7v6z9_7pg	2025-04-28 21:32:57.34467+00
q2c3r4rsy53p0h4llw4ty13p57sdqn65	.eJxVjDsOwjAQBe_iGln-4Q8lPWewvOs1DiBbipMKcXcSKQW0b2bem8W0LjWug-Y4ZXZhkp1-N0j4pLaD_Ejt3jn2tswT8F3hBx381jO9rof7d1DTqFvtPIlkbBBC2ZCNxQC56HMA49ADOY8giwWDhXRWmkCh9gUxORnEFrDPF-ghOHM:1u4eTq:9Om9R7JnDI7QppYsPMjMVwQ3gAcvfBtYrdfLlfbX28k	2025-04-29 11:29:30.718646+00
ri57c5ni375b27j5zf3ms2nyjx5htwra	.eJxVjDsOwjAQBe_iGln-4Q8lPWewvOs1DiBbipMKcXcSKQW0b2bem8W0LjWug-Y4ZXZhkp1-N0j4pLaD_Ejt3jn2tswT8F3hBx381jO9rof7d1DTqFvtPIlkbBBC2ZCNxQC56HMA49ADOY8giwWDhXRWmkCh9gUxORnEFrDPF-ghOHM:1u8HH8:J8BU8dj7MeSh3lhdcBnVFDCr_6KGydYZvn-n9LfBOaQ	2025-05-09 11:31:22.745648+00
k377fqltg7swm95ysh7qee2ndqhnq01m	.eJxVjDsOwjAQBe_iGln-4Q8lPWewvOs1DiBbipMKcXcSKQW0b2bem8W0LjWug-Y4ZXZhkp1-N0j4pLaD_Ejt3jn2tswT8F3hBx381jO9rof7d1DTqFvtPIlkbBBC2ZCNxQC56HMA49ADOY8giwWDhXRWmkCh9gUxORnEFrDPF-ghOHM:1u95zj:kK0oxEUfj0bYCu-zXSM4TNWORGQEAis6XWZMnRUB1tE	2025-05-11 17:40:47.843184+00
0mch792law5wtwa4zzds25sgvowuct6k	.eJxVjDsOwjAQBe_iGln-4Q8lPWewvOs1DiBbipMKcXcSKQW0b2bem8W0LjWug-Y4ZXZhkp1-N0j4pLaD_Ejt3jn2tswT8F3hBx381jO9rof7d1DTqFvtPIlkbBBC2ZCNxQC56HMA49ADOY8giwWDhXRWmkCh9gUxORnEFrDPF-ghOHM:1u9jsN:svC0fNsL9mwNAmZYfyiZK_Wf8ShJGmZCOeXydHqrAgU	2025-05-13 12:15:51.089758+00
o8j0o9h5vjcuaf5sh9joq7mrmqcaj8wt	.eJxVjDsOwjAQBe_iGln-4Q8lPWewvOs1DiBbipMKcXcSKQW0b2bem8W0LjWug-Y4ZXZhkp1-N0j4pLaD_Ejt3jn2tswT8F3hBx381jO9rof7d1DTqFvtPIlkbBBC2ZCNxQC56HMA49ADOY8giwWDhXRWmkCh9gUxORnEFrDPF-ghOHM:1uBuNO:xO3WmbYAivh9mDDKl0fytGeTfAjgSGUPD5WEf3OW9Oc	2025-05-19 11:52:50.826507+00
3ezua32u9zvrjis07ba40rlnuisphapi	.eJxVjDsOwjAQBe_iGln-4Q8lPWewvOs1DiBbipMKcXcSKQW0b2bem8W0LjWug-Y4ZXZhkp1-N0j4pLaD_Ejt3jn2tswT8F3hBx381jO9rof7d1DTqFvtPIlkbBBC2ZCNxQC56HMA49ADOY8giwWDhXRWmkCh9gUxORnEFrDPF-ghOHM:1uCbLQ:H64B2qUV72WA6uvhcaHvhbAKO3pdKMoP6VAXJZHwsUc	2025-05-21 09:45:40.890688+00
bvohfvj8v61jw1h3cjwnh7wao7rv6e50	.eJxVjDsOwjAQBe_iGln-4Q8lPWewvOs1DiBbipMKcXcSKQW0b2bem8W0LjWug-Y4ZXZhkp1-N0j4pLaD_Ejt3jn2tswT8F3hBx381jO9rof7d1DTqFvtPIlkbBBC2ZCNxQC56HMA49ADOY8giwWDhXRWmkCh9gUxORnEFrDPF-ghOHM:1uDm4m:PHlw9mBRvW8GDhspra25ow8vtJnowbTr3n_yVlj2WnE	2025-05-24 15:25:20.29229+00
nqk5wrn3wgecowc9xrmmqqmebr9nxusk	.eJxVjDsOwjAQBe_iGln-4Q8lPWewvOs1DiBbipMKcXcSKQW0b2bem8W0LjWug-Y4ZXZhkp1-N0j4pLaD_Ejt3jn2tswT8F3hBx381jO9rof7d1DTqFvtPIlkbBBC2ZCNxQC56HMA49ADOY8giwWDhXRWmkCh9gUxORnEFrDPF-ghOHM:1uDmDL:savv0rtcSx_iDRcjClB_xJR90OvkmyMd-8r6x41CDLI	2025-05-24 15:34:11.241123+00
wiup3aitvbh2r6246uptk8x8hwaqlpeg	.eJxVjDsOwjAQBe_iGln-4Q8lPWewvOs1DiBbipMKcXcSKQW0b2bem8W0LjWug-Y4ZXZhkp1-N0j4pLaD_Ejt3jn2tswT8F3hBx381jO9rof7d1DTqFvtPIlkbBBC2ZCNxQC56HMA49ADOY8giwWDhXRWmkCh9gUxORnEFrDPF-ghOHM:1uJTz8:lehHy-BHjCXGgmYvyxrvtxl0digS3mkGNmKxDMSIPvo	2025-06-09 09:19:06.178991+00
8puhmvxkw78tger8ku9xydkyhc3j24kx	.eJxVjDsOwjAQBe_iGln-4Q8lPWewvOs1DiBbipMKcXcSKQW0b2bem8W0LjWug-Y4ZXZhkp1-N0j4pLaD_Ejt3jn2tswT8F3hBx381jO9rof7d1DTqFvtPIlkbBBC2ZCNxQC56HMA49ADOY8giwWDhXRWmkCh9gUxORnEFrDPF-ghOHM:1uJUKm:eqWLulq6UdlDAz8NBk9iSXtn32tu4MUsqFHXwrR1-VE	2025-06-09 09:41:28.782312+00
ukji46ib0i48qire4x9510j03bd1cdtc	.eJxVjDsOwjAQBe_iGln-4Q8lPWewvOs1DiBbipMKcXcSKQW0b2bem8W0LjWug-Y4ZXZhkp1-N0j4pLaD_Ejt3jn2tswT8F3hBx381jO9rof7d1DTqFvtPIlkbBBC2ZCNxQC56HMA49ADOY8giwWDhXRWmkCh9gUxORnEFrDPF-ghOHM:1uLLwJ:NkRZsqtlNLg2Nxas_AmeIYNelL7KXy0DhNURURQI-6k	2025-06-14 13:07:55.60555+00
hkeyuzpdzx55oh6s2o6bjxj44yx4mzsd	.eJxVjDsOwjAQBe_iGln-4Q8lPWewvOs1DiBbipMKcXcSKQW0b2bem8W0LjWug-Y4ZXZhkp1-N0j4pLaD_Ejt3jn2tswT8F3hBx381jO9rof7d1DTqFvtPIlkbBBC2ZCNxQC56HMA49ADOY8giwWDhXRWmkCh9gUxORnEFrDPF-ghOHM:1uP52Y:Ud6J-7gLgH97i9CA_OL1Fpj0BeFGq9mm9QqA7uVecPU	2025-06-24 19:53:46.510942+00
1gcly66xelsy9dl8g2ye8t1y53grhge6	.eJxVjDsOwjAQBe_iGln-4Q8lPWewvOs1DiBbipMKcXcSKQW0b2bem8W0LjWug-Y4ZXZhkp1-N0j4pLaD_Ejt3jn2tswT8F3hBx381jO9rof7d1DTqFvtPIlkbBBC2ZCNxQC56HMA49ADOY8giwWDhXRWmkCh9gUxORnEFrDPF-ghOHM:1uPmWY:GYK5xXWiVh66yXFxBG-A1jszBHMSYFMi7rzoyJ_ODwQ	2025-06-26 18:19:38.61735+00
wvfthsfprniwsra5o4moxjep14cvbgzp	.eJxVjDsOwjAQBe_iGln-4Q8lPWewvOs1DiBbipMKcXcSKQW0b2bem8W0LjWug-Y4ZXZhkp1-N0j4pLaD_Ejt3jn2tswT8F3hBx381jO9rof7d1DTqFvtPIlkbBBC2ZCNxQC56HMA49ADOY8giwWDhXRWmkCh9gUxORnEFrDPF-ghOHM:1uU0VJ:cYlC5obbzNfT-RzmXVi2RGgJk9aLipXvSlit02gsf14	2025-07-08 10:03:49.780344+00
\.


--
-- Data for Name: menu_app_category; Type: TABLE DATA; Schema: public; Owner: aurora
--

COPY public.menu_app_category (id, created_time, update_time, name, slug, created_by_id, restaurant_id, update_by_id, "order", is_active) FROM stdin;
41	2024-05-30 16:34:35.969494+00	2025-01-24 14:30:42.812073+00	Напитки	-25	5	5	5	11	t
38	2024-05-30 16:34:04.962426+00	2025-01-24 14:31:46.403121+00	Side-dish	side-dish	5	5	5	7	t
46	2024-06-27 06:35:37.908879+00	2024-06-27 06:36:40.070601+00	Achiq-chuchuk	achiq-chuchuk	6	6	6	0	t
47	2024-06-27 06:53:30.257689+00	2024-06-27 06:54:48.576681+00	Golinkiy	golinkiy	6	6	6	0	t
49	2024-12-10 17:45:09.025026+00	2025-01-24 14:30:42.788017+00	KFC	kfc	5	5	5	0	f
33	2024-05-30 16:32:55.209306+00	2025-01-24 14:30:42.790326+00	Бургеры	-18	5	5	5	1	t
35	2024-05-30 16:33:29.977625+00	2025-01-24 14:30:42.792488+00	Пицца	-20	5	5	5	2	t
37	2024-05-30 16:33:51.418689+00	2025-01-24 14:30:42.794475+00	Хот-доги	-22	5	5	5	3	t
48	2024-12-07 11:58:30.025378+00	2025-01-24 14:30:42.796752+00	Паста	-27	5	5	5	4	t
34	2024-05-30 16:33:21.336449+00	2025-01-24 14:30:42.799207+00	Салаты	-19	5	5	5	5	t
39	2024-05-30 16:34:19.582647+00	2025-01-24 14:30:42.801404+00	Соусы	-23	5	5	5	6	t
36	2024-05-30 16:33:38.014142+00	2025-01-24 14:30:42.805644+00	Стейки	-21	5	5	5	8	t
40	2024-05-30 16:34:26.962351+00	2025-01-24 14:30:42.807769+00	Десерты	-24	5	5	5	9	t
42	2024-06-05 15:36:50.89275+00	2025-01-24 14:30:42.8099+00	Коктейли	-26	5	5	5	10	t
22	2024-04-25 18:00:53.366791+00	2024-04-25 20:00:20.721277+00	Салаты	-10	\N	4	\N	2	t
24	2024-04-25 18:01:37.767888+00	2024-04-25 20:00:20.725282+00	Горячие закуски	-12	\N	4	\N	4	t
26	2024-04-25 18:02:19.662827+00	2024-04-25 20:00:20.729735+00	Национальная кухня	-14	\N	4	\N	6	t
28	2024-04-25 18:02:44.664871+00	2024-04-25 20:00:20.734248+00	Гарниры	-16	\N	4	\N	8	t
29	2024-04-25 18:02:55.037752+00	2024-04-25 20:00:20.736263+00	Десерты	-17	\N	4	\N	9	t
23	2024-04-25 18:01:18.454535+00	2024-04-28 19:01:31.616963+00	Холодные закуски	-11	\N	4	\N	3	f
25	2024-04-25 18:01:52.72704+00	2024-04-28 19:05:56.065973+00	Первые блюда	-13	\N	4	\N	5	f
27	2024-04-25 18:02:32.029983+00	2024-04-28 20:10:51.515645+00	Блюда на мангале	-15	\N	4	\N	7	t
72	2025-04-24 04:33:12.692809+00	2025-04-27 14:50:45.470366+00	Коктейли	-43	2	3	2	8	t
83	2025-04-26 12:59:20.648457+00	2025-06-28 09:49:05.419756+00	Бодринг	-52	9	9	9	12	t
6	2024-03-06 06:26:49.348072+00	2025-04-27 14:50:45.448276+00	Салаты	-6	\N	3	\N	0	t
56	2025-01-14 09:00:34.981221+00	2025-05-30 07:20:13.348584+00	Супы	-30	7	7	7	3	t
3	2024-03-06 06:26:02.95966+00	2025-04-27 14:50:45.451218+00	Пицца	-3	\N	3	\N	1	t
2	2024-03-06 06:25:52.959536+00	2025-04-27 14:50:45.453424+00	Бургер	-2	\N	3	\N	2	t
7	2024-03-06 06:27:06.660341+00	2025-04-27 14:50:45.456001+00	Напитки	-7	\N	3	\N	3	t
86	2025-04-29 10:29:27.745619+00	2025-06-28 09:49:05.409762+00	Нонушта	-53	9	9	9	9	t
57	2025-01-14 09:26:35.718813+00	2025-05-30 07:20:13.351156+00	Ризотто	-31	7	7	7	4	t
58	2025-01-14 09:32:52.860846+00	2025-05-30 07:20:13.354206+00	Паста	-32	7	7	7	5	t
17	2024-04-02 17:01:47.371118+00	2025-04-26 06:34:09.527237+00	Первые блюда	test-test	1	1	1	0	t
16	2024-04-02 17:01:16.218853+00	2025-04-26 06:34:09.531232+00	Вторые блюда	category-test	1	1	1	1	t
31	2024-04-28 19:11:17.299733+00	2025-04-26 06:34:09.534436+00	test333	test333	1	1	1	2	t
5	2024-03-06 06:26:32.816393+00	2025-04-27 14:50:45.458182+00	Второе Блюдо	-5	\N	3	\N	4	t
32	2024-04-28 19:25:51.882565+00	2025-04-27 14:50:45.460319+00	Десерты	-9	\N	3	\N	5	t
71	2025-04-19 17:55:24.983283+00	2025-04-26 06:35:17.406338+00	Коктейли	-42	1	1	1	3	t
62	2025-01-19 14:50:47.923048+00	2025-05-30 07:20:13.366154+00	Хот дог	-36	7	7	7	9	t
8	2024-03-06 06:27:25.301987+00	2025-04-27 14:50:45.463447+00	Аппетайзеры	-8	2	3	2	6	t
78	2025-04-26 12:36:30.294542+00	2025-06-28 09:49:05.413156+00	Снеклар	-47	9	9	9	10	t
98	2025-06-28 09:48:56.776085+00	2025-06-28 10:02:07.287643+00	Донар	-55	9	9	9	4	t
97	2025-06-28 09:48:26.076269+00	2025-06-28 09:59:35.187472+00	Лаваш	-56	9	9	9	3	t
73	2025-04-26 09:13:59.654257+00	2025-06-28 09:49:05.384266+00	Пицца 30	-44	9	9	9	0	t
4	2024-03-06 06:26:19.993346+00	2025-04-27 14:50:45.466333+00	Первое Блюдо	-4	\N	3	\N	7	t
63	2025-01-19 15:00:18.304151+00	2025-05-30 07:20:13.368945+00	Бургеры	-37	7	7	7	10	t
64	2025-01-20 15:48:27.022369+00	2025-05-30 07:20:13.371935+00	Пицца Американская	-38	7	7	7	11	t
90	2025-05-20 17:40:04.914228+00	2025-06-28 09:49:05.422615+00	Сетлар	-51	9	9	9	13	t
65	2025-01-25 07:35:05.216197+00	2025-05-30 07:20:13.374683+00	Пицца Итальянский	-39	7	7	7	12	t
66	2025-01-25 09:02:24.032523+00	2025-05-30 07:20:13.377897+00	Гарниры	-40	16	7	16	13	t
67	2025-01-25 11:25:05.644182+00	2025-05-30 07:20:13.380454+00	Соусы	-41	7	7	7	14	t
84	2025-04-26 13:26:38.578335+00	2025-06-28 09:49:05.387702+00	Пицца 35	35	9	9	9	1	t
92	2025-05-30 07:20:02.501678+00	2025-05-30 07:34:12.740359+00	Чай со Вкусом	-46	16	7	16	15	f
87	2025-05-17 17:26:14.824945+00	2025-06-28 09:49:05.389966+00	Бургер	-48	9	9	9	2	t
76	2025-04-26 12:12:13.164061+00	2025-06-28 09:49:05.401918+00	KIDS	kids	9	9	9	6	t
51	2024-12-29 13:57:52.181388+00	2025-05-30 07:20:13.339379+00	Завтраки	test	7	7	7	0	t
54	2025-01-13 08:25:58.828062+00	2025-05-30 07:20:13.342296+00	Сэндвич	-28	7	7	7	1	t
55	2025-01-13 08:44:59.982579+00	2025-05-30 07:20:13.345291+00	Салаты	-29	7	7	7	2	t
59	2025-01-14 11:24:35.387424+00	2025-05-30 07:20:13.356665+00	Блюдо из говядины	-33	7	7	7	6	t
60	2025-01-14 11:47:14.126809+00	2025-05-30 07:20:13.360092+00	Блюдо из курицы	-34	7	7	7	7	t
61	2025-01-14 16:21:37.538376+00	2025-05-30 07:20:13.363134+00	Стейки	-35	7	7	7	8	t
94	2025-06-02 16:48:08.085171+00	2025-06-28 09:49:05.399288+00	Хот-Дог	-49	9	9	9	5	t
74	2025-04-26 09:13:59.886669+00	2025-06-28 09:49:05.404851+00	Салат	-45	9	9	9	7	t
91	2025-05-25 17:38:30.810314+00	2025-06-28 09:49:05.416063+00	Соуслар	-54	9	9	9	11	t
88	2025-05-18 08:29:13.354345+00	2025-06-28 09:49:05.40712+00	Ичимликлар	-50	9	9	9	8	t
\.


--
-- Data for Name: menu_app_menu; Type: TABLE DATA; Schema: public; Owner: aurora
--

COPY public.menu_app_menu (id, created_time, update_time, name, description, price, photo, is_active, category_id, created_by_id, restaurant_id, update_by_id, availability, thumb) FROM stdin;
13	2024-03-06 06:43:18.929361+00	2025-03-16 10:18:00.098068+00	Маргарита	145 г	65000	Olivia/category/Пицца/Маргарита.jpeg	t	3	\N	3	\N	t	\N
26	2024-03-06 06:55:52.568102+00	2025-02-16 06:27:48.690077+00	Балаза	\N	35000	Olivia/category/Первое Блюдо/Балаза.jpg	t	4	\N	3	\N	t	\N
11	2024-03-06 06:38:28.563955+00	2025-03-16 12:32:59.206837+00	Грилл Бургер	145 г	45000	Olivia/category/Бургер/Грилл_Бургер.png	t	2	\N	3	\N	t	Olivia/category/Бургер/Грилл_Бургер_Co23hiM.png
36	2024-03-06 07:12:32.376767+00	2025-03-09 14:12:53.4441+00	Сырные Шарики	25 г	30000	Olivia/category/Аппетайзеры/Сырные_Шарики.png	t	8	\N	3	\N	t	\N
22	2024-03-06 06:47:51.871095+00	2024-03-06 06:48:37.337928+00	Чай Турецкий	\N	10000	Olivia/category/Напитки/Чай_Турецкий.jpg	t	7	\N	3	\N	t	\N
5	2024-03-06 06:34:52.604426+00	2024-03-06 06:39:47.477024+00	Биф Бургер	150 г	45000	Olivia/category/Бургер/Биф_Бургер.jpg	t	2	\N	3	\N	t	\N
6	2024-03-06 06:35:28.560195+00	2024-03-06 06:39:48.542901+00	Чизбургер	160 г	55000	Olivia/category/Бургер/Чизбургер.jpg	t	2	\N	3	\N	t	\N
10	2024-03-06 06:38:07.352675+00	2025-03-16 12:01:18.94647+00	Стейк Бургер	155 г	55000	Olivia/category/Бургер/Стейкхаус.png	t	2	\N	3	\N	t	Olivia/category/Бургер/Стейк_Бургер_jjtnSE9.png
9	2024-03-06 06:37:28.418482+00	2024-04-28 20:11:58.224234+00	Дабл Бургер	140 г	35000	Olivia/category/Бургер/Дабл_Бургер.jpg	t	2	\N	3	\N	t	\N
8	2024-03-06 06:36:41.281703+00	2024-03-06 06:39:52.229993+00	Блэк Бургер	145 г	50000	Olivia/category/Бургер/Блэк_Бургер.jpg	t	2	\N	3	\N	t	\N
12	2024-03-06 06:39:34.410587+00	2024-03-06 06:39:52.73903+00	Шеф Бургер	130 г	30000	Olivia/category/Бургер/Шеф_Бургер.jpg	t	2	\N	3	\N	t	\N
32	2024-03-06 07:04:49.029014+00	2025-03-16 12:28:14.668862+00	Уйгурский Лагман	0.7	35000	Olivia/category/Второе Блюдо/Уйгурский_Лагман.jpg	f	5	\N	3	\N	t	Olivia/category/Второе Блюдо/Уйгурский_Лагман_hhVBKEI.jpg
14	2024-03-06 06:44:10.392385+00	2024-03-25 13:35:51.685407+00	Пармезан	160 г	55000	Olivia/category/Пицца/Пармезан.jpg	t	3	\N	3	\N	t	\N
15	2024-03-06 06:44:51.676544+00	2024-03-06 06:45:19.620383+00	Supreme	170 г	75000	Olivia/category/Пицца/Supreme.jpg	t	3	\N	3	\N	t	\N
16	2024-03-06 06:45:15.818065+00	2024-03-06 06:45:19.912274+00	Мясной	175 г	75000	Olivia/category/Пицца/Мясной.jpg	t	3	\N	3	\N	t	\N
17	2024-03-06 06:45:44.263611+00	2024-04-28 19:28:46.493404+00	Греческий	45 г	25000	Olivia/category/Салаты/Греческий.jpg	t	6	\N	3	\N	t	\N
27	2024-03-06 06:56:11.684205+00	2024-04-12 13:24:05.120424+00	Солянка	\N	35000	Olivia/category/Первое Блюдо/Солянка.jpg	t	4	\N	3	\N	t	\N
33	2024-03-06 07:11:14.579186+00	2025-03-12 06:11:34.017493+00	Картофель Фри	50 г	15000	Olivia/category/Аппетайзеры/Картофель_Фри.jpg	t	8	\N	3	\N	t	\N
21	2024-03-06 06:47:32.956542+00	2024-03-06 06:47:34.77582+00	Чай Узбекский	\N	10000	Olivia/category/Напитки/Чай_Узбекский.jpg	t	7	\N	3	\N	t	\N
77	2024-04-09 09:24:39.557546+00	2024-04-26 20:22:48.242678+00	Samsung	1234	1000	Pasta House/category/Первые блюда/Samsung.jpeg	t	17	\N	1	\N	t	\N
18	2024-03-06 06:46:12.59659+00	2024-12-28 09:48:21.936264+00	Цезарь	25 г	35000	Olivia/category/Салаты/Цезарь.jpg	t	6	\N	3	\N	t	\N
85	2024-04-25 18:15:43.604341+00	2024-04-25 18:15:46.883425+00	Греческий	\N	55000	Joy Chaikhana/category/Салаты/Греческий.jpeg	t	22	\N	4	\N	t	\N
87	2024-04-25 18:16:55.72153+00	2024-04-25 18:16:58.179682+00	Микс салат с языком	\N	55000	Joy Chaikhana/category/Салаты/Микс_салат_с_языком.jpeg	t	22	\N	4	\N	t	\N
29	2024-03-06 07:01:40.397522+00	2024-03-06 07:03:16.219505+00	Стейк Особуко	200 г	150000	Olivia/category/Второе Блюдо/Стейк_Особуко.jpg	t	5	\N	3	\N	t	\N
30	2024-03-06 07:03:14.402143+00	2024-03-06 07:03:17.205023+00	Стейк	200 г	140000	Olivia/category/Второе Блюдо/Стейк.jpg	t	5	\N	3	\N	t	\N
31	2024-03-06 07:04:00.631811+00	2024-03-06 07:04:52.292577+00	Плов	0.7	25000	Olivia/category/Второе Блюдо/Плов.jpg	t	5	\N	3	\N	t	\N
89	2024-04-25 18:27:37.559688+00	2024-04-25 18:27:39.380099+00	Бичак со шпинатом	\N	30000	Joy Chaikhana/category/Горячие закуски/Бичак_со_шпинатом.jpeg	t	24	\N	4	\N	t	\N
34	2024-03-06 07:11:40.358422+00	2024-03-06 07:13:30.950364+00	Картофель Деревенски	25 г	15000	Olivia/category/Аппетайзеры/По_Деревенски.webp	t	8	\N	3	\N	t	\N
35	2024-03-06 07:12:00.637779+00	2024-03-06 07:13:31.770798+00	Гарлики	25 г	25001	Olivia/category/Аппетайзеры/Гарлики.jfif	t	8	\N	3	\N	t	\N
91	2024-04-25 18:28:43.10756+00	2024-04-25 18:28:45.430065+00	Сомса с картошкой	\N	12000	Joy Chaikhana/category/Горячие закуски/Сомса_с_картошкой.jpeg	t	24	\N	4	\N	t	\N
269	2024-06-09 12:25:20.921877+00	2024-06-09 12:25:24.069614+00	Hd	Hx	62	Pasta House/category/test333/Hd.jpeg	t	31	\N	1	\N	f	\N
47	2024-03-25 14:06:04.319934+00	2024-03-25 14:06:06.689304+00	new position	2324	32423890	Pasta House/category/Первое Блюдо/new_position.jpg	t	4	\N	1	\N	t	\N
284	2024-06-27 06:54:38.909687+00	2024-06-27 06:54:48.572629+00	Golenkiy	\N	2000	The Plov/category/Golinkiy/Golenkiy.jpeg	t	47	\N	6	\N	f	\N
292	2024-12-10 17:41:16.046228+00	2024-12-10 17:41:25.16829+00	Карбонара	\N	50000	Craft Burger/category/Паста/Карбонара.jpeg	t	48	\N	5	\N	f	\N
173	2024-05-30 18:16:48.910875+00	2025-01-24 10:14:36.889851+00	Макаронс	null	8000	Craft Burger/category/Десерты/Макаронс_QH7VVcn.jpeg	t	40	\N	5	\N	f	\N
293	2024-12-10 17:49:15.715826+00	2025-01-14 13:09:06.287923+00	Крылышки	null	75000	Craft Burger/category/KFC/Крылышки_UyOHpt3.jpeg	f	49	\N	5	\N	f	\N
307	2025-01-13 08:18:38.646239+00	2025-01-30 07:11:43.11798+00	Сырники с Вареньем	Золотистые творожные шайбочки, политые домашним малиновым вареньем.	24900	Bon Bon/category/Завтраки/Сырники_с_Вареньем_9t1hvn0.jpeg	t	51	\N	7	\N	f	\N
308	2025-01-13 08:20:58.27144+00	2025-01-30 07:13:44.13717+00	Глазунья с сосисками	Классический английский завтрак из жареных куриных яиц и сочных сосисок.	19900	Bon Bon/category/Завтраки/Глазунья_с_сосисками_hBzkpW3.jpeg	t	51	\N	7	\N	f	\N
116	2024-04-27 16:59:07.529598+00	2024-04-27 16:59:12.151692+00	test	test	20002	Pasta House/category/Первые блюда/test.jpeg	t	17	\N	1	\N	t	\N
99	2024-04-25 18:39:37.115691+00	2024-04-25 18:40:18.599231+00	Люля кебаб	\N	65000	Joy Chaikhana/category/Национальная кухня/Люля_кебаб.jpeg	t	26	\N	4	\N	t	\N
100	2024-04-25 18:41:01.740701+00	2024-04-25 18:41:03.558827+00	Кайиш с подливой	\N	50000	Joy Chaikhana/category/Национальная кухня/Кайиш_с_подливой.jpeg	t	26	\N	4	\N	t	\N
84	2024-04-25 18:14:03.388246+00	2024-04-25 18:14:08.323835+00	Шакар об	\N	35000	Joy Chaikhana/category/Салаты/Шакар_об.jpeg	t	22	\N	4	\N	t	\N
86	2024-04-25 18:16:25.22914+00	2024-04-25 18:16:25.229157+00	Цезарь классический	\N	50000	Joy Chaikhana/category/Салаты/Цезарь_классический.jpeg	f	22	\N	4	\N	t	\N
88	2024-04-25 18:17:36.807029+00	2024-04-25 18:17:39.515171+00	Куриное филе в апельсиновом соусе	\N	50000	Joy Chaikhana/category/Салаты/Куриное_филе_в_апельсиновом_соусе.jpeg	t	22	\N	4	\N	t	\N
90	2024-04-25 18:28:09.323608+00	2024-04-25 18:28:11.02377+00	Бичак с мясом	\N	35000	Joy Chaikhana/category/Горячие закуски/Бичак_с_мясом.jpeg	t	24	\N	4	\N	t	\N
92	2024-04-25 18:29:08.834343+00	2024-04-25 18:29:11.056182+00	Сомса с мясом	\N	15000	Joy Chaikhana/category/Горячие закуски/Сомса_с_мясом.jpeg	t	24	\N	4	\N	t	\N
94	2024-04-25 18:32:03.267935+00	2024-04-25 18:32:05.166335+00	Кутабы с зеленью и брынзой	\N	25000	Joy Chaikhana/category/Горячие закуски/Кутабы_с_зеленью_и_брынзой.jpeg	t	24	\N	4	\N	t	\N
93	2024-04-25 18:31:15.754667+00	2024-04-25 18:32:05.913773+00	Чебуреки с мясом	\N	25000	Joy Chaikhana/category/Горячие закуски/Чебуреки_с_мясом.jpeg	t	24	\N	4	\N	t	\N
95	2024-04-25 18:33:23.34067+00	2024-04-25 18:33:26.434871+00	Ханум	\N	50000	Joy Chaikhana/category/Национальная кухня/Ханум.jpeg	t	26	\N	4	\N	t	\N
96	2024-04-25 18:34:39.323002+00	2024-04-25 18:34:42.127247+00	Манты с мясом	\N	40000	Joy Chaikhana/category/Национальная кухня/Манты_с_мясом.jpeg	t	26	\N	4	\N	t	\N
97	2024-04-25 18:37:18.375265+00	2024-04-25 18:37:20.194609+00	Лагман по уйгурски	\N	50000	Joy Chaikhana/category/Национальная кухня/Лагман_по_уйгурски.jpeg	t	26	\N	4	\N	t	\N
98	2024-04-25 18:39:10.09385+00	2024-04-25 18:39:12.218096+00	Жиз по-Бухарски (баранина)	\N	130000	Joy Chaikhana/category/Национальная кухня/Жиз_по-Бухарски_баранина.jpeg	t	26	\N	4	\N	t	\N
101	2024-04-25 18:43:22.092613+00	2024-04-25 18:43:25.965648+00	Дымляма из судака	\N	65000	Joy Chaikhana/category/Национальная кухня/Дымляма_из_судака.jpeg	t	26	\N	4	\N	t	\N
102	2024-04-25 18:43:47.464518+00	2024-04-25 18:43:49.455123+00	Курут оба	\N	65000	Joy Chaikhana/category/Национальная кухня/Курут_оба.jpeg	t	26	\N	4	\N	t	\N
103	2024-04-25 18:44:37.812449+00	2024-04-25 18:44:40.267999+00	Шивит оши	\N	45000	Joy Chaikhana/category/Национальная кухня/Шивит_оши.jpeg	t	26	\N	4	\N	t	\N
104	2024-04-25 19:24:04.883483+00	2024-04-25 19:24:06.395974+00	Шашлык из баранины	\N	55000	Joy Chaikhana/category/Блюда на мангале/Шашлык_из_баранины.jpeg	t	27	\N	4	\N	t	\N
105	2024-04-25 19:24:44.420003+00	2024-04-25 19:24:46.087511+00	Шашлык из говядины	\N	55000	Joy Chaikhana/category/Блюда на мангале/Шашлык_из_говядины.jpeg	t	27	\N	4	\N	t	\N
106	2024-04-25 19:27:14.383817+00	2024-04-25 19:27:16.747617+00	Молотый шашлык	\N	45000	Joy Chaikhana/category/Блюда на мангале/Молотый_шашлык.jpeg	t	27	\N	4	\N	t	\N
109	2024-04-25 19:31:55.85154+00	2024-04-25 19:32:04.372462+00	Форель на мангале	\N	110000	Joy Chaikhana/category/Блюда на мангале/Форель_на_мангале.jpeg	t	27	\N	4	\N	t	\N
108	2024-04-25 19:29:28.91669+00	2024-04-25 19:29:32.876882+00	Колбаски говяжьи	\N	60000	Joy Chaikhana/category/Блюда на мангале/Колбаски_говяжьи.jpeg	t	27	\N	4	\N	t	\N
110	2024-04-25 19:57:42.040782+00	2024-04-25 19:57:45.894444+00	Картошка по деревенски	\N	20000	Joy Chaikhana/category/Гарниры/Картошка_по_деревенски.jpeg	t	28	\N	4	\N	t	\N
111	2024-04-25 19:58:09.612397+00	2024-04-25 19:58:12.114361+00	Картошка фри	\N	20000	Joy Chaikhana/category/Гарниры/Картошка_фри.jpeg	t	28	\N	4	\N	t	\N
112	2024-04-25 19:58:39.375331+00	2024-04-25 19:58:42.917208+00	Медовик	\N	35000	Joy Chaikhana/category/Десерты/Медовик.jpeg	t	29	\N	4	\N	t	\N
113	2024-04-25 19:59:13.890903+00	2024-04-25 19:59:18.007116+00	Чиз-кейк	\N	40000	Joy Chaikhana/category/Десерты/Чиз-кейк.jpeg	t	29	\N	4	\N	t	\N
114	2024-04-25 19:59:46.120486+00	2024-04-25 19:59:48.699172+00	Меренговый рулет	\N	35000	Joy Chaikhana/category/Десерты/Меренговый_рулет.jpeg	t	29	\N	4	\N	t	\N
115	2024-04-25 20:06:57.053522+00	2024-04-25 20:07:35.60649+00	Жиз по уйгурски (говядина)	null	130000	Joy Chaikhana/category/Горячие закуски/Жиз_по_уйгурски_говядина.jpeg	t	24	\N	4	\N	t	\N
117	2024-04-27 17:20:03.156263+00	2024-04-27 17:20:37.251705+00	pasta	\N	20000	Pasta House/category/Первые блюда/pasta.jpeg	t	17	\N	1	\N	t	\N
285	2024-12-07 12:01:26.398177+00	2024-12-07 12:02:04.699429+00	Альфредо	\N	50000	Craft Burger/category/Паста/Альфредо.jpeg	t	48	\N	5	\N	f	\N
297	2024-12-28 09:49:49.287116+00	2024-12-28 09:49:52.259455+00	новый салат	новый	23000	Olivia/category/Салаты/новый_салат.jpeg	t	6	\N	3	\N	f	\N
131	2024-05-30 16:46:22.184355+00	2025-01-13 11:20:20.719658+00	Chicago	Белая булочка,говажья котлета,грибы шампиньоны,сыр хохланд,красный лук,фирменный соус,салатный лист,огурцы,помидор	52000	Craft Burger/category/Бургеры/Chicago_7bHNhud.jpeg	t	33	\N	5	\N	f	\N
152	2024-05-30 17:25:51.014921+00	2024-10-29 08:51:14.249164+00	Мужской каприз	null	35000	Craft Burger/category/Салаты/Мужской_каприз.jpeg	t	34	\N	5	\N	f	\N
134	2024-05-30 16:48:02.856285+00	2025-01-13 11:21:22.390959+00	Double Burger	Белая булочка, двойная котлета, фирменный соус помидор, огурцы (марин.) сыр Хохланд	60000	Craft Burger/category/Бургеры/Double_Burger_5A0nirB.jpeg	t	33	\N	5	\N	f	\N
142	2024-05-30 17:01:54.336563+00	2024-10-29 08:49:05.167871+00	Маргарита	Итальянское тесто, соус мутти, сыр моцарелла,\r\nпомидор, оливки, маслены, черри, болгарский перец.	50000	Craft Burger/category/Пицца/Маргарита.jpeg	t	35	\N	5	\N	f	\N
135	2024-05-30 16:48:49.368935+00	2025-01-13 11:21:45.420504+00	Cheese Burger	Белая булочка, говяжий котлета, фирменный соус, салатный лист\r\nпомидор, огурцы (марин.) Сыр Хохланд	43000	Craft Burger/category/Бургеры/Cheese_Burger_lIbRhWK.jpeg	t	33	\N	5	\N	f	\N
107	2024-04-25 19:28:29.173199+00	2024-04-28 20:10:51.511341+00	Колбаски куриные с сыром	null	1	Joy Chaikhana/category/Блюда на мангале/Колбаски_куриные_с_сыром.jpeg	t	27	\N	4	\N	t	\N
170	2024-05-30 18:14:26.830685+00	2025-01-24 10:13:39.349649+00	Медовик	null	27000	Craft Burger/category/Десерты/Медовик_GAiEvxZ.jpeg	t	40	\N	5	\N	f	\N
574	2025-06-28 09:55:21.26206+00	2025-06-28 10:02:07.281771+00	Донар BBQ	\N	41990	GreyCat/category/Донар/Донар_BBQ.jpeg	t	98	\N	9	\N	t	GreyCat/category/Донар/Донар_BBQ_4KRR4ZQ.jpeg
140	2024-05-30 16:54:19.689258+00	2025-01-24 10:20:40.022726+00	Болоньезе	Итальянское тесто, соус мутти, сыр моцарелла, фаршированное мясо, оливки,маслены, черри, болгарский перец, грибы шампиньоны.	75000	Craft Burger/category/Пицца/Болоньезе_WIGjlOj.jpeg	t	35	\N	5	\N	f	\N
372	2025-01-24 10:16:33.150423+00	2025-01-24 10:16:42.393253+00	Чизкейк	\N	38000	Craft Burger/category/Десерты/Чизкейк.jpeg	t	40	\N	5	\N	f	\N
154	2024-05-30 17:44:22.109489+00	2025-01-24 10:23:53.248302+00	Сырные палочки	null	15000	Craft Burger/category/Side-dish/Сырные_палочки_8QCPatv.jpeg	t	38	\N	5	\N	f	\N
155	2024-05-30 17:45:03.669654+00	2025-01-24 10:24:27.754655+00	По деревенски	null	19000	Craft Burger/category/Side-dish/По_деревенски_fStztr6.jpeg	t	38	\N	5	\N	f	\N
147	2024-05-30 17:21:12.394416+00	2024-10-29 08:50:56.458214+00	Греческий	null	35000	Craft Burger/category/Салаты/Греческий.jpeg	t	34	\N	5	\N	f	\N
321	2025-01-13 11:07:31.291185+00	2025-01-24 10:25:30.749523+00	Чай с лимоном	\N	10000	Craft Burger/category/Напитки/Чай_с_лимоном.jpeg	t	41	\N	5	\N	f	\N
162	2024-05-30 17:56:38.260412+00	2025-01-24 10:26:27.124307+00	Coca Cola	1.5L	16500	Craft Burger/category/Напитки/Coca_Cola_QtC4lKz.jpeg	t	41	\N	5	\N	f	\N
305	2025-01-13 08:13:46.992641+00	2025-01-30 06:54:37.172885+00	Шакшука	Восточное блюдо из яиц, жареных в соусе из сладкого и острого перца, томатов, лука и чеснок.	30000	Bon Bon/category/Завтраки/Шакшука_7f3G6kh.jpeg	t	51	\N	7	\N	f	\N
161	2024-05-30 17:52:42.449125+00	2024-10-29 08:50:03.368996+00	Медальон	null	120000	Craft Burger/category/Стейки/Медальон.jpeg	t	36	\N	5	\N	f	\N
396	2025-01-30 08:50:08.217289+00	2025-01-31 09:24:48.559261+00	Соус Тар-Тар	null	4900	Bon Bon/category/Соусы/Соус_Тар-Тар_pC0UYuB.jpeg	t	67	\N	7	\N	f	\N
166	2024-05-30 18:08:49.821151+00	2025-01-13 10:58:49.19863+00	Спартак	null	35000	Craft Burger/category/Десерты/Спартак_OCSh8rX.jpeg	t	40	\N	5	\N	f	\N
397	2025-01-30 08:51:26.003101+00	2025-01-31 09:26:50.840402+00	Соус Аврора	null	4900	Bon Bon/category/Соусы/Соус_Аврора_QOqp5SR.jpeg	t	67	\N	7	\N	f	\N
120	2024-04-28 19:27:34.976341+00	2024-06-10 05:08:26.206457+00	Маффин	12 гр	12000	Olivia/category/Десерты/Маффин_FZt1pRv.jpeg	t	32	\N	3	\N	f	\N
150	2024-05-30 17:24:54.94982+00	2024-12-07 12:21:18.439849+00	Цезарь	null	35000	Craft Burger/category/Салаты/Цезарь.jpeg	t	34	\N	5	\N	f	\N
279	2024-06-11 06:49:05.804916+00	2024-06-11 06:51:58.554927+00	Plov112	null	312	Pasta House/category/Вторые блюда/Plov_AB3wWnC.jpeg	t	16	\N	1	\N	f	\N
294	2024-12-10 20:33:20.00093+00	2024-12-10 20:33:28.600656+00	Бон филе	\N	110000	Craft Burger/category/Стейки/Бон_филе.jpeg	t	36	\N	5	\N	f	\N
165	2024-05-30 18:08:05.325279+00	2025-01-13 10:58:26.051331+00	Морковный	null	35000	Craft Burger/category/Десерты/Морковный_cbZPOKI.jpeg	t	40	\N	5	\N	f	\N
168	2024-05-30 18:10:58.234242+00	2025-01-13 10:59:45.410857+00	Опера	null	25000	Craft Burger/category/Десерты/Опера_OkeIT85.jpeg	t	40	\N	5	\N	f	\N
167	2024-05-30 18:10:02.916875+00	2025-01-13 10:59:20.873391+00	Захер	null	25000	Craft Burger/category/Десерты/Захер_8DLSWn6.jpeg	t	40	\N	5	\N	f	\N
169	2024-05-30 18:11:45.160226+00	2025-01-13 11:00:24.848835+00	Прага	null	25000	Craft Burger/category/Десерты/Прага_lLNYowZ.jpeg	t	40	\N	5	\N	f	\N
320	2025-01-13 11:03:30.928463+00	2025-01-13 11:03:34.538126+00	Чай фруктовый	\N	25000	Craft Burger/category/Напитки/Чай_фруктовый.jpeg	t	41	\N	5	\N	f	\N
158	2024-05-30 17:49:54.575556+00	2024-05-30 17:49:57.306422+00	Барбекью	\N	6000	Craft Burger/category/Соусы/Барбекью.jpeg	t	39	\N	5	\N	f	\N
153	2024-05-30 17:26:59.522405+00	2024-05-30 17:27:04.285533+00	Стейк салат	\N	45000	Craft Burger/category/Салаты/Стейк_салат.jpeg	t	34	\N	5	\N	f	\N
156	2024-05-30 17:46:36.748732+00	2024-05-30 17:46:40.343658+00	Чесночный	\N	6000	Craft Burger/category/Соусы/Чесночный.jpeg	t	39	\N	5	\N	f	\N
157	2024-05-30 17:48:13.610201+00	2024-05-30 17:48:44.771359+00	Сырный	\N	6000	Craft Burger/category/Соусы/Сырный.jpeg	t	39	\N	5	\N	f	\N
159	2024-05-30 17:50:40.746083+00	2024-05-30 17:50:43.32087+00	Томатный	\N	6000	Craft Burger/category/Соусы/Томатный.jpeg	t	39	\N	5	\N	f	\N
164	2024-05-30 18:07:15.519852+00	2024-05-30 18:56:46.893641+00	Сан-Себастьян	\N	40000	Craft Burger/category/Десерты/Сан-Себастьян_Ok6pFKB.jpeg	t	40	\N	5	\N	f	\N
129	2024-05-30 16:38:40.974799+00	2025-01-13 11:19:28.510941+00	Steak Burger	Белая булочка, говяжья вырезка, барбекю соус фирменный соус, салатный лист, помидор, огурцы(марин)	60000	Craft Burger/category/Бургеры/Steak_Burger_BglIRLk.jpeg	t	33	\N	5	\N	f	\N
132	2024-05-30 16:46:53.724142+00	2025-01-13 11:20:41.164275+00	Mushroom	Белая булочка, говяжий котлета, грибы шампиньоны красный лук,фирменный соус, салатный лист, помидор, огурцы (марин)	49000	Craft Burger/category/Бургеры/Mushroom_VVFcj8r.jpeg	t	33	\N	5	\N	f	\N
133	2024-05-30 16:47:19.309246+00	2025-01-13 11:21:02.348656+00	Chicken	Белая булочка, куриная грудка, фирменный соус, салатный лист,соус карри, помидор, огурцы (марин.)	39000	Craft Burger/category/Бургеры/Chicken_cKw1ojr.jpeg	t	33	\N	5	\N	f	\N
136	2024-05-30 16:49:53.323448+00	2025-01-13 11:22:03.947393+00	Classic	Белая булочка, говяжий котлета, красный лук, фирменный соус салатный лист, помидор, огурцы (марин.)	39000	Craft Burger/category/Бургеры/Classic_mUq6tUx.jpeg	t	33	\N	5	\N	f	\N
174	2024-05-30 18:18:16.718376+00	2025-01-13 11:02:16.670369+00	Эстерхази фисташка	null	35000	Craft Burger/category/Десерты/Эстерхази_фисташка_PZ1PZCs.jpeg	t	40	\N	5	\N	f	\N
175	2024-05-30 18:19:08.940929+00	2025-01-24 10:15:16.47787+00	Птичье молоко	null	25000	Craft Burger/category/Десерты/Птичье_молоко_iWQcktI.jpeg	t	40	\N	5	\N	f	\N
172	2024-05-30 18:16:13.050374+00	2025-01-13 11:01:39.425392+00	Наполеон	null	27000	Craft Burger/category/Десерты/Наполеон_NAcumoY.jpeg	t	40	\N	5	\N	f	\N
139	2024-05-30 16:52:19.356889+00	2025-01-24 10:20:02.615969+00	Комбо	Итальянское тесто, соус мутти, сыр моцарелла, копченая индейка, прессованное мясо,\r\n70.000\r\nколбаски пепперони, оливки, маслены, черри, болгарский перец грибы шампиньоны.	77000	Craft Burger/category/Пицца/Комбо_pNFPQJ4.jpeg	t	35	\N	5	\N	f	\N
186	2024-06-03 15:56:50.954122+00	2025-01-13 11:14:36.031891+00	Double	null	33000	Craft Burger/category/Хот-доги/Double_N1Kd9h1.jpeg	t	37	\N	5	\N	f	\N
141	2024-05-30 16:55:18.282964+00	2025-01-24 10:21:15.293669+00	Сhicken	Итальянское тесто, соус мутти, сыр моцарелла, куриный филе,оливки,маслены,черри,болгарский перец,грибы шампиньоны	70000	Craft Burger/category/Пицца/Сhicken_NrhsDqD.jpeg	t	35	\N	5	\N	f	\N
143	2024-05-30 17:02:40.942691+00	2025-01-24 10:22:10.157844+00	Craft	Итальянское тесто, соус мутти, сыр моцарелла, говяжья вырезка, оливки, маслены, черри, болгарский перец, грибы шампиньоны:	82000	Craft Burger/category/Пицца/Craft_DWiaAub.jpeg	t	35	\N	5	\N	f	\N
144	2024-05-30 17:03:23.155767+00	2025-01-24 10:22:38.569211+00	Пепперони	Итальянское тесто, соус мутти, сыр моцарелла, колбаски пепперони, оливки, маслены,	70000	Craft Burger/category/Пицца/Пепперони_9AI1rnm.jpeg	t	35	\N	5	\N	f	\N
187	2024-06-03 16:01:57.150758+00	2025-01-24 10:24:55.468747+00	Фри	null	18000	Craft Burger/category/Side-dish/Фри_uEOOOFC.jpeg	t	38	\N	5	\N	f	\N
325	2025-01-14 09:04:44.078934+00	2025-01-30 07:27:04.785508+00	Крем суп чечевичный	Популярное блюдо турецкой кухни является постным по составу, нейтральным по вкусу, который приправляют лимонным соком или пряным соусом-заправкой из растопленного масла и молотого острого перца.	24900	Bon Bon/category/Супы/Крем_суп_чечевичный.jpeg	t	56	\N	7	\N	f	\N
298	2024-12-29 13:58:29.400943+00	2025-01-30 06:46:59.149754+00	Нежный омлет с моцареллой	Простой завтрак в итальянском стиле из пышного омлета и тягучего сыра моцарелла.	19900	Bon Bon/category/Завтраки/Нежный_омлет_с_моцареллой.jpeg	t	51	\N	7	\N	f	\N
306	2025-01-13 08:16:10.759945+00	2025-01-30 07:10:14.253956+00	Блины домашние	Ажурные блинчики со вкусом дома. \r\nПодаются с нежной сметаной, натуральном мёдом и джемом.	20000	Bon Bon/category/Завтраки/Блины_домашние_q7S57xB.jpeg	t	51	\N	7	\N	f	\N
398	2025-01-30 08:51:57.957448+00	2025-01-31 09:27:51.22577+00	Соус чили	null	3000	Bon Bon/category/Соусы/Соус_чили_0R2YvDv.jpeg	t	67	\N	7	\N	f	\N
191	2024-06-05 15:40:21.197491+00	2024-06-05 15:40:26.866771+00	Айс tea	\N	14000	Craft Burger/category/Коктейли/Айс_tea.jpeg	t	42	\N	5	\N	f	\N
192	2024-06-05 15:47:48.059306+00	2024-06-05 15:47:56.694421+00	Апельсиновый фреш	\N	18000	Craft Burger/category/Коктейли/Апельсиновый_фреш.jpeg	t	42	\N	5	\N	f	\N
408	2025-03-16 11:31:24.770119+00	2025-03-16 11:40:50.38343+00	BurgerBon	as	1234	Olivia/category/Напитки/BurgerBon.jpeg	t	7	\N	3	\N	f	Olivia/category/Напитки/BurgerBon_XbMOoAo.jpeg
193	2024-06-06 10:37:44.657124+00	2024-06-06 10:38:01.703367+00	Разливная кола	400 мл	6000	Craft Burger/category/Напитки/Разливная_кола.jpeg	t	41	\N	5	\N	f	\N
283	2024-06-27 06:36:23.699313+00	2024-06-27 06:36:40.06637+00	Sveji	\N	2000	The Plov/category/Achiq-chuchuk/Sveji.jpeg	t	46	\N	6	\N	f	\N
189	2024-06-05 15:37:27.111995+00	2024-10-29 08:53:08.30079+00	Мохито клубничный	null	25000	Craft Burger/category/Коктейли/Мохито_клубничный_LIWL3Kb.jpeg	t	42	\N	5	\N	f	\N
209	2024-06-08 13:16:21.15478+00	2024-10-29 08:50:44.760189+00	Student хот дог	null	35000	Craft Burger/category/Хот-доги/Student_хот_дог_Ee8mh8J.jpeg	t	37	\N	5	\N	f	\N
190	2024-06-05 15:38:13.022369+00	2024-10-29 08:53:27.152385+00	Мохито	\N	20000	Craft Burger/category/Коктейли/Мохито_KnFokSf.jpeg	t	42	\N	5	\N	f	\N
291	2024-12-10 17:39:54.150578+00	2024-12-10 17:39:58.228119+00	Болоньезе	\N	50000	Craft Burger/category/Паста/Болоньезе_HTq0bio.jpeg	t	48	\N	5	\N	f	\N
295	2024-12-10 20:36:56.69214+00	2024-12-10 20:37:06.018368+00	Куриный Стейк	\N	50000	Craft Burger/category/Стейки/Куриный_Стейк.jpeg	t	36	\N	5	\N	f	\N
213	2024-06-09 06:07:39.545665+00	2024-06-09 06:08:20.420809+00	26	Aywy	132	Pasta House/category/test333/262.jpeg	t	31	\N	1	\N	f	\N
130	2024-05-30 16:45:00.385176+00	2025-01-13 11:19:54.223831+00	Super Burger	Белая булочка,говяжья котлета,фирменный соус,салатный лист,болгарский перец, помидоры, огурцы (марин.), острый перец, лук порей.	42000	Craft Burger/category/Бургеры/Super_Burger_pE1pTiC.jpeg	t	33	\N	5	\N	f	\N
342	2025-01-14 16:14:51.893668+00	2025-01-30 08:25:30.411785+00	Куриные котлеты с соусом тар-тар	Куриные котлеты, подаются в сливочном соусе тар-тар и гарниром из нежного пюре и рассыпчатого риса.	34900	Bon Bon/category/Блюдо из курицы/Куриные_котлеты_с_соусом_тар-тар.jpeg	t	60	\N	7	\N	f	\N
330	2025-01-14 09:26:10.978472+00	2025-01-30 07:36:39.788813+00	Сырный	Питательный суп, основным компонентом которого является плавленый сыра. \r\nДополняется он нежными шампиньонами и кубиками сладкого картофеля.	29900	Bon Bon/category/Супы/Сырный_YhKpnyO.jpeg	t	56	\N	7	\N	f	\N
334	2025-01-14 11:21:22.176145+00	2025-01-30 07:45:56.526569+00	Карбонара	Спагетти с мелкими кусочками копченого мяса, смешанные с соусом из яиц, сыра пармезан и свежемолотого чёрного перца.	39900	Bon Bon/category/Паста/Карбонара_us54Zru.jpeg	t	58	\N	7	\N	f	\N
338	2025-01-14 11:44:48.970375+00	2025-01-30 07:58:57.708622+00	Нуто-Мясо с Пюре	Филе Говядины, Горох Узбекский, Красный Перец, Огурцы Свежие, Масло Чесночное, Масло Растительное, Соус, Специи.\r\nНа Гарнир домашнее пюре.	49900	Bon Bon/category/Блюдо из говядины/Нуто-Мясо_с_Пюре_Gewv1FM.jpeg	t	59	\N	7	\N	f	\N
346	2025-01-14 16:31:08.004107+00	2025-01-30 08:31:29.42012+00	Стейк Бон Филе с Грибами	Нежный, классический стейк с добавлением сливочного соуса и нежных шампиньонов подается на блюде, украшенном домашним картофельным пюре.	119900	Bon Bon/category/Стейки/Стейк_Бон_Филе_с_Грибами_xY6yxJz.jpeg	t	61	\N	7	\N	f	\N
350	2025-01-19 13:23:00.783117+00	2025-01-30 08:37:40.866551+00	Стейк куриный	Низкокалорийный стейк из куриной грудки, маринованной в пряных специях подается с соусом на выбор.	34900	Bon Bon/category/Стейки/Стейк_куриный_5aaa4iL.jpeg	t	61	\N	7	\N	f	\N
519	2025-05-17 17:14:13.088894+00	2025-05-17 17:15:50.682362+00	Крылышки BBQ	\N	39900	GreyCat/category/Снеки/Крылышки_BBQ.jpeg	t	78	\N	9	\N	t	GreyCat/category/Снеки/Крылышки_BBQ_nkljlvV.jpeg
353	2025-01-19 14:35:20.555933+00	2025-01-30 08:43:03.8679+00	Стейк Рыбой	Стейк, отличающийся богатым вкусом готовится из вырезки Рыбой без кости, прожаренной по классической технологии, гарнируется данное блюдо картофельным пюре.	119900	Bon Bon/category/Стейки/Стейк_Рыбой_HpM7LPJ.jpeg	t	61	\N	7	\N	f	\N
356	2025-01-19 14:46:59.843665+00	2025-01-30 08:46:41.342441+00	ЧизСтейк Чиккен	Тонкие ломтики куриного филе, покрытые плавленым сыром Моцарелла, Сырным соусом и соусом Тар Тар подаются в хрустящей булочке, Начиненной золотистыми шампиньонами и колечками репчатого лука.	35000	Bon Bon/category/Стейки/ЧизСтейк_Чиккен_g28lGWC.jpeg	t	61	\N	7	\N	f	\N
359	2025-01-19 14:57:27.420588+00	2025-01-30 14:37:39.665828+00	Классический Хот Дог	Сырная жареная сосиска, подается в разрезе булочки, начиненной салатом и чесночным соусом.	25000	Bon Bon/category/Хот дог/Классический_Хот_Дог_2pcOxtV.jpeg	t	62	\N	7	\N	f	\N
362	2025-01-19 15:18:13.428114+00	2025-01-30 14:41:42.990854+00	Мисс Дейзи	Бесподобный бургер с добавлением соусом Аврора между булочками, посыпанными кунжутом аккуратно разложены говяжья котлета, карамелизованный шампиньоны, свежие листья шпината и салата.	39900	Bon Bon/category/Бургеры/Мисс_Дейзи_QpQtiFH.jpeg	t	63	\N	7	\N	f	\N
365	2025-01-19 15:37:07.428488+00	2025-01-30 14:49:33.194141+00	Трюфель	Бургер с нотками французской кузни. Сочный бифштекс из говядины, низко-калорийное куриное филе, два нежных ломтика сыра и листовой салат под горчичным уступом на свежеиспеченной булочке.	44900	Bon Bon/category/Бургеры/Трюфель_KGWaGIl.jpeg	t	63	\N	7	\N	f	\N
369	2025-01-20 15:59:56.542384+00	2025-01-30 17:00:40.182864+00	Барракуда	Пицца в Американском стиле готовится на толстом тесте. В основу начинки входит говяжье и куриное мясо, а также говяжий язык от соусом Италия с оливковым маслом.	129900	Bon Bon/category/Пицца Американская/Барракуда_n05IZ9i.jpeg	t	64	\N	7	\N	f	\N
375	2025-01-25 07:31:36.299598+00	2025-01-31 07:24:48.799498+00	Сырный квартет	Мега сырная пицца из 4 видов сыра.	129900	Bon Bon/category/Пицца Американская/Сырный_квартет_pt3FpsG.jpeg	t	64	\N	7	\N	f	\N
322	2025-01-13 15:07:37.738169+00	2025-01-30 07:18:00.200678+00	Сезонный	Сочетание свежий овощей и зелени с говяжьей вырезкой заправляется оливковым маслом и украшается белым кнжутом.	29900	Bon Bon/category/Салаты/Сезонный_o9kp8ij.jpeg	t	55	\N	7	\N	f	\N
314	2025-01-13 08:43:55.055015+00	2025-01-26 09:19:10.394188+00	Bubble Сэндвич с Индейкой	Низкокалорийное филе индейки, подается под нежным сыром Хохланд, между двумя хрустящими вафлями с начинкой из свежих огурцов и томатов под особым соусом.	45000	Bon Bon/category/Сэндвич/Bubble_Сэндвич_с_Индейкой_hk964Cp.jpeg	t	54	\N	7	\N	f	\N
312	2025-01-13 08:35:01.179113+00	2025-01-26 09:17:37.227241+00	Сэндвич с мясом	Мясной сэндвич готовится из жареного говяжьего филе, уложенного в ломтики мягкого хлеба из тостов и покрыто сливочной брынзой и копчёным сыром.	29900	Bon Bon/category/Сэндвич/Сэндвич_с_мясом_yKS0tz8.jpeg	t	54	\N	7	\N	f	\N
313	2025-01-13 08:39:50.488705+00	2025-01-26 09:19:24.653895+00	Bubble Сэндвич с Курицей	Сэндвич из свежеиспеченных ломтиков вафли, начиненный листьями салата, обжаренным куриным филе, сочными томатами и огурцом, плавленым сыром моцарелла, заправляется фирменным соусом.	40000	Bon Bon/category/Сэндвич/Bubble_Сэндвич_с_Курицей_MgcRuiZ.jpeg	t	54	\N	7	\N	f	\N
315	2025-01-13 08:47:48.439753+00	2025-01-26 10:16:05.218035+00	Бон Бон	Салат, приготовленный по фирменному рецепту нашего кафе.\r\nВсе ингредиенты выложены слоями и украшены хрустящим картофельным паем.	24900	Bon Bon/category/Салаты/Бон_Бон.jpeg	t	55	\N	7	\N	f	\N
318	2025-01-13 08:58:25.365101+00	2025-01-26 10:23:29.758761+00	Цезарь	Сытных салат из свежих листьев Айсберга большого куска нежной Куриной грудки, долек помидора, заправленный легким соусом Цезарь и посыпан сухариками из тостов и сыром Пармезан.	34900	Bon Bon/category/Салаты/Цезарь.jpeg	t	55	\N	7	\N	f	\N
316	2025-01-13 08:50:42.071985+00	2025-01-26 10:16:47.473642+00	Мэри	Куриный салат представляет собой сочетание свежих помидоров и разбавлены хрустящими огурцами и отварным картофелем.	27900	Bon Bon/category/Салаты/Мэри_Bfa4wlV.jpeg	t	55	\N	7	\N	f	\N
317	2025-01-13 08:53:32.688914+00	2025-01-26 10:17:23.176274+00	Оливье	Советский салат из кубиков вареной колбасы, картофеля, моркови, консервированного горошка, дополненный классическими специями и майонезом провансаль.	19900	Bon Bon/category/Салаты/Оливье_kSWJnIE.jpeg	t	55	\N	7	\N	f	\N
310	2025-01-13 08:25:31.48562+00	2025-01-30 06:55:07.185717+00	Баварский	Говяжий фарш с сыром, картофель фри по-Американски и ломтики колбасы.	34900	Bon Bon/category/Завтраки/Баварский_c4w1XTM.jpeg	t	51	\N	7	\N	f	\N
309	2025-01-13 08:23:36.69336+00	2025-01-30 07:14:51.842128+00	Драники	Национальное Белорусское блюдо из смеси натертого картофелья и муки сочетаются с домашней сметаной и сезонным салатом.	24900	Bon Bon/category/Завтраки/Драники_SsRVbZw.jpeg	t	51	\N	7	\N	f	\N
319	2025-01-13 09:08:02.873905+00	2025-01-30 07:16:40.048623+00	Le Bonnet	Низкокалорийный салат из свежей рукколы и кусочков сыра, заправляется соусом от Шеф "а" и имеет легкую кистинку за счёт свежих долек апельсина.	34900	Bon Bon/category/Салаты/Le_Bonnet_zMj4JV0.jpeg	t	55	\N	7	\N	f	\N
327	2025-01-14 09:13:21.764916+00	2025-01-30 07:30:38.413916+00	Суп Куриный	Суп из домашней курицы, сваренной на медленном огне в бульоне с дополнениями из кубиков картофеля и моркови приправленный восточными специями.	24900	Bon Bon/category/Супы/Суп_Куриный_Deh6x5G.jpeg	t	56	\N	7	\N	f	\N
331	2025-01-14 09:30:28.596568+00	2025-01-30 07:40:49.21411+00	Ризотто с курицей	Блюдо из риса и курицы с добавлением овощей и приправ готовится на сковороде.	29900	Bon Bon/category/Ризотто/Ризотто_с_курицей_zVYfTlM.jpeg	t	57	\N	7	\N	f	\N
335	2025-01-14 11:24:14.688955+00	2025-01-30 07:49:13.320391+00	Альфреда с курицей	Итальянское блюдо из пасты Феттучини, смешанной со сливочным соусом молодым сыром пармезан и грибами.	49900	Bon Bon/category/Паста/Альфреда_с_курицей_IGz0tiT.jpeg	t	58	\N	7	\N	f	\N
339	2025-01-14 11:46:19.46372+00	2025-01-30 08:06:30.970715+00	Бризоль	Блюдо представляет собой тонкий яичный блинчик с начинкой из фарша внутри.	39900	Bon Bon/category/Блюдо из говядины/Бризоль_BMJQkT9.jpeg	t	59	\N	7	\N	f	\N
343	2025-01-14 16:17:36.385061+00	2025-01-30 08:27:31.801603+00	Фрикасе	Филе Курицы, Сливки, Помидор, Брокколи, Цветная Капуста, Лук, Репчатый, Специи.\r\nНа Гарнир Пюре картофельный.	39900	Bon Bon/category/Блюдо из курицы/Фрикасе_e1l7V15.jpeg	t	60	\N	7	\N	f	\N
366	2025-01-19 15:39:31.003276+00	2025-01-30 14:51:18.052495+00	Месть Мясника	Фирменная булочка, две сочные говяжьи котлеты, пресная брынза и сырный соус сочетаются в этом бургере.	49900	Bon Bon/category/Бургеры/Месть_Мясника_LC4CqUN.jpeg	t	63	\N	7	\N	f	\N
163	2024-05-30 18:06:22.24644+00	2025-01-13 10:56:43.959636+00	Прага манго персик	null	35000	Craft Burger/category/Десерты/Прага_манго_персик_UnF1nZu.jpeg	t	40	\N	5	\N	f	\N
171	2024-05-30 18:15:23.295381+00	2025-01-13 11:01:12.395515+00	Шоколадный вулкан	null	40000	Craft Burger/category/Десерты/Шоколадный_вулкан_BOuT01w.jpeg	t	40	\N	5	\N	f	\N
328	2025-01-14 09:18:21.512508+00	2025-01-30 07:31:54.428035+00	Фрикадельки	Основу супу с фрикадельками составляет мясной бульон, который завершают овощи, но главные герои этого легко супа являются мясные фрикадельки.	24900	Bon Bon/category/Супы/Фрикадельки.jpeg	t	56	\N	7	\N	f	\N
373	2025-01-24 10:17:24.585259+00	2025-01-24 10:17:39.914871+00	Клубничный Розалин	\N	46000	Craft Burger/category/Десерты/Клубничный_Розалин.jpeg	t	40	\N	5	\N	f	\N
138	2024-05-30 16:51:33.674169+00	2025-01-24 10:18:52.748603+00	Масклс	Итальянское тесто,соус мутти, сыр моцарелла, фаршированное мясо, бон филе, сыр хохланд, оливки,маслены, черри, болгарский перец, грибы шампиньоны.	90000	Craft Burger/category/Пицца/Масклс.jpeg	t	35	\N	5	\N	f	\N
332	2025-01-14 09:32:41.255109+00	2025-01-30 07:41:48.124096+00	Ризотто с говядиной	Необычайно вкусное блюдо с кусочками мяса, которое пропитано специями и ароматом риса с сыром пармезан.	29900	Bon Bon/category/Ризотто/Ризотто_с_говядиной_YhuuoRG.jpeg	t	57	\N	7	\N	f	\N
336	2025-01-14 11:38:51.316769+00	2025-01-30 07:54:32.04511+00	Великий Чингисхан	Мясо говядины, Картофель запечённый, Лук репчатый, Имбирь свежий, Чеснок, Зелень, Соевый соус, Масло растительное, Специи.	49900	Bon Bon/category/Блюдо из говядины/Великий_Чингисхан_LyHV05e.jpeg	t	59	\N	7	\N	f	\N
340	2025-01-14 11:51:18.700775+00	2025-01-30 08:21:08.185506+00	Ордзотто с куриной грудкой	Блюдо похожее на ризотто, но приготовленное из перловой крупы вместо риса. Томленая перловая крупа с легким послевкусием копченостей и волшебным ароматом специи.	49900	Bon Bon/category/Блюдо из курицы/Ордзотто_с_куриной_грудкой_fsVmnvh.jpeg	t	60	\N	7	\N	f	\N
344	2025-01-14 16:23:53.137013+00	2025-01-30 08:29:03.246913+00	Стейк куриный с овощами	Низкокалорийный стейки из куриной грудки, маринованной в пряных специях подается с овощами на гриле.	49900	Bon Bon/category/Стейки/Стейк_куриный_с_овощами_R6kbKd6.jpeg	t	61	\N	7	\N	f	\N
348	2025-01-19 13:15:57.114006+00	2025-01-30 08:34:55.362304+00	Колбаски на мангале	Мюнхенский колбаски с дымком, гарнированные поджаристой луковым паем в сочетании с красной капусты и деликатным картофельным пюре.	44900	Bon Bon/category/Стейки/Колбаски_на_мангале_N7IEYEC.jpeg	t	61	\N	7	\N	f	\N
351	2025-01-19 14:28:33.992342+00	2025-01-30 08:39:01.269849+00	Стейк Бон филе	Крупный кусок мяса на Т-образной кости, с мягкой вырезкой на одной стороне и большой и насыщенный частью на другой дополняется пропечённым картофелем по-деревенски и миксом из сезонного салата.	124900	Bon Bon/category/Стейки/Стейк_Бон_филе_01en5B7.jpeg	t	61	\N	7	\N	f	\N
354	2025-01-19 14:38:36.572041+00	2025-01-30 08:44:52.438957+00	ЧизСтейк Филадельфия	Кусочки сочного поджаренного стейк с овощами и луком в сыре Моцарелла на подложке из хрустящей булочки.	40000	Bon Bon/category/Стейки/ЧизСтейк_Филадельфия_YH489WB.jpeg	t	61	\N	7	\N	f	\N
357	2025-01-19 14:50:29.30778+00	2025-01-30 08:48:11.018197+00	ЧизСтейк с Фаршем	Нежный говяжий фарш, обжаренный с луком, покрытый сливочной Моцареллой в хрустящих хлебных ломтиках, приправленных пикантным соусом Италия и Сырным соусом.	40000	Bon Bon/category/Стейки/ЧизСтейк_с_Фаршем_jwlLLTF.jpeg	t	61	\N	7	\N	f	\N
394	2025-01-30 08:49:07.078518+00	2025-01-31 09:23:09.522111+00	Соус сырный	null	4900	Bon Bon/category/Соусы/Соус_сырный.jpeg	t	67	\N	7	\N	f	\N
363	2025-01-19 15:30:59.050053+00	2025-01-30 14:44:27.593361+00	Папа Бургер	Большой и сытный бургер с сочной говяжьей котлетой, ломтиком сыра салатными листьями и маринованного огурчиками в узбекской лепешке.	39900	Bon Bon/category/Бургеры/Папа_Бургер_16yIRNd.jpeg	t	63	\N	7	\N	f	\N
367	2025-01-19 15:46:01.287521+00	2025-01-30 14:53:39.69674+00	Классический	Бургер, приготовленный по классическому рецепту. Пшеничная булочка, котлета из 100% говядины, свежие овощи и заправка из микста кетчупа и майонеза.	29900	Bon Bon/category/Бургеры/Классический_OH7Z9Tm.jpeg	t	63	\N	7	\N	f	\N
370	2025-01-20 16:02:08.890672+00	2025-01-30 17:03:00.188994+00	Большой гриб	Ароматная пицца, имеющая в своем составе большое количество Грибов, посыпана натертой моцареллой и запечена до золотистой корочки.	129900	Bon Bon/category/Пицца Американская/Большой_гриб_wkPBdWJ.jpeg	t	64	\N	7	\N	f	\N
376	2025-01-25 07:34:35.672982+00	2025-01-31 07:26:29.815585+00	Охотничья	Острая пицца на соусе из свежих помидоров с охотничьими колбасками, колбасками пепперони, оливками и на толстом тесте.	129900	Bon Bon/category/Пицца Американская/Охотничья_WTz3Tnj.jpeg	t	64	\N	7	\N	f	\N
399	2025-01-30 08:52:18.703761+00	2025-01-31 09:28:49.872583+00	Кетчуп	null	3000	Bon Bon/category/Соусы/Кетчуп_bkBWbzJ.jpeg	t	67	\N	7	\N	f	\N
409	2025-03-16 11:32:17.016365+00	2025-03-16 11:32:40.886991+00	Pasta	sdfgh	123		t	7	\N	3	\N	f	
145	2024-05-30 17:05:07.899613+00	2025-01-13 11:14:15.301878+00	Хот-Дог	null	26000	Craft Burger/category/Хот-доги/Хот-Дог_iw7TKfn.jpeg	t	37	\N	5	\N	f	\N
128	2024-05-30 16:37:36.352097+00	2025-01-13 11:19:05.025156+00	Craft	Белая булочка, Кусочки бон филе Пресс мясо,фирменный соус,салатный лист, помидор, огурцы (марини	52000	Craft Burger/category/Бургеры/Craft_GW67c6v.jpeg	t	33	\N	5	\N	f	\N
137	2024-05-30 16:50:59.508529+00	2025-01-24 10:18:46.923006+00	4 cезона	Итальянское тесто, соус мутти, сыр моцарелла, куриный филе ,фаршированное мясо, колбаски пепперони, оливки, маслены, помидоры, болгарский перец, грибы шампиньоны.	77000	Craft Burger/category/Пицца/4_cезона_fccLrah.jpeg	t	35	\N	5	\N	f	\N
296	2024-12-10 20:37:49.871884+00	2025-01-14 13:09:09.798776+00	Куриный филе	null	80000	Craft Burger/category/KFC/Куриный_филе_XFsbm7o.jpeg	f	49	\N	5	\N	f	\N
374	2025-01-24 14:31:36.913695+00	2025-01-24 14:31:46.396897+00	Куриные наггетсы	\N	20000	Craft Burger/category/Side-dish/Куриные_наггетсы.jpeg	t	38	\N	5	\N	f	\N
329	2025-01-14 09:23:01.291049+00	2025-01-30 07:34:40.92235+00	Солянка	В сборной мясной солянке используется несколько видов мяса, и готовится такой суп порционных керамических горшочках в духовом шкафу.	29900	Bon Bon/category/Супы/Солянка_8dlRFIy.jpeg	t	56	\N	7	\N	f	\N
333	2025-01-14 11:18:33.71693+00	2025-01-30 07:43:18.505034+00	Болоньезе	Основой блюда является соус Болонье, Густой томатно-мясной соус с овощами, который подается с пастой  тольятелле.	34900	Bon Bon/category/Паста/Болоньезе_Ycee2M0.jpeg	t	58	\N	7	\N	f	\N
337	2025-01-14 11:41:46.877608+00	2025-01-30 07:56:48.494005+00	Мясо в сметанном соусе	Филе говядины, Грибы Шампиньоны, Сливки, Сметана, Картофельное пюре, Масло растительное, Лук репчатый, Зелень, Специи.	44900	Bon Bon/category/Блюдо из говядины/Мясо_в_сметанном_соусе_677u62K.jpeg	t	59	\N	7	\N	f	\N
341	2025-01-14 14:53:04.006323+00	2025-01-30 08:22:32.742026+00	Бедро с шампиньонами	Фламбированное  в белом сухом вине куриное бедрышко в дуете с шампиньонами, маринованными в солоновато кислом соевой соусе на блюде, гарнированном картофелем по-деревенски.	44900	Bon Bon/category/Блюдо из курицы/Бедро_с_шампиньонами_D3b27Fq.jpeg	t	60	\N	7	\N	f	\N
345	2025-01-14 16:28:13.446673+00	2025-01-30 08:30:19.797109+00	Стейк ассорти	Ассорти из стейков Бон филе, Антрекота, сочных Баварских колбасок, диетической Куриной грудки и Куриных бедер подается на блюде, украшенном свежими овощами и соусом на выбор.	269900	Bon Bon/category/Стейки/Стейк_ассорти_gYKQyJC.jpeg	t	61	\N	7	\N	f	\N
352	2025-01-19 14:31:49.571272+00	2025-01-30 08:40:52.300404+00	Стейк Нью-Йорк	Нежная текстура стейки из мраморного мяса с ярко-выраженным вкусом идеально сочетается с золотистым деревенским картофелем и салатом микс.	104900	Bon Bon/category/Стейки/Стейк_Нью-Йорк_en78gRW.jpeg	t	61	\N	7	\N	f	\N
395	2025-01-30 08:49:31.970239+00	2025-01-31 09:22:02.804617+00	Соус чесночный	null	4900	Bon Bon/category/Соусы/Соус_чесночный.jpeg	t	67	\N	7	\N	f	\N
358	2025-01-19 14:54:33.794401+00	2025-01-30 14:33:49.752868+00	Особый Хот Дог	Свежая булочка, наполненная кабачковый икрой, сладким томатом с горячей сырной сосиской, приправленная особым соусом и украшенная картофельным паем.	25000	Bon Bon/category/Хот дог/Особый_Хот_Дог_g8dGa85.jpeg	t	62	\N	7	\N	f	\N
364	2025-01-19 15:33:10.166586+00	2025-01-30 14:45:56.388913+00	Классика с сыром	Знаменитый классический бургер, отличающийся лишь большим количеством сыры.	34900	Bon Bon/category/Бургеры/Классика_с_сыром_A0ZI4Nm.jpeg	t	63	\N	7	\N	f	\N
361	2025-01-19 15:13:52.091448+00	2025-01-30 14:54:36.056856+00	Бон Бон	Бургер по-особому рецепту состоит из копченого мяса и сыра сочной говяжьей котлеты и свежих фермерских овощей заправлен сладким мясным соусом.	39900	Bon Bon/category/Бургеры/Бон_Бон_An2aAI5.jpeg	t	63	\N	7	\N	f	\N
368	2025-01-20 15:54:37.518198+00	2025-01-30 16:59:26.577367+00	Дьябло	Колоритное название указывает на жгучий вкус блюда В состав начинки входит колбаса салями, мягкий сыр моцарелла, грибы и специи. Дополнением к горячей выпечке станет томатный соус из свежих помидоров.	129900	Bon Bon/category/Пицца Американская/Дьябло_lYm5gCi.jpeg	t	64	\N	7	\N	f	\N
371	2025-01-20 16:04:32.518945+00	2025-01-30 17:05:51.367874+00	Комбо	Комбинированная пицца с начинкой из сладких помидоров, говяжьих слайсов и рваной курицы, приправленные оливковым маслом и соусом Италия, смешанного с орегано.	129900	Bon Bon/category/Пицца Американская/Комбо_1lX4ATF.jpeg	t	64	\N	7	\N	f	\N
400	2025-01-30 08:52:37.174981+00	2025-01-31 09:29:51.181184+00	Майонез	null	3000	Bon Bon/category/Соусы/Майонез_YSLqoVg.jpeg	t	67	\N	7	\N	f	\N
355	2025-01-19 14:42:43.204009+00	2025-01-31 09:34:41.619953+00	ЧизСтейк Бон Бон	Бургер, приготовленный по особому рецепту, приготовлен из тонко нерезаных кусочков бифштекса и плавленой Моцареллы. В длинной свежеиспеченной булочке, украшенной сливочным соусом Тар Тар и Сырным соусом.	45000	Bon Bon/category/Стейки/ЧизСтейк_Бон_Бон_1dm8olj.jpeg	t	61	\N	7	\N	f	\N
377	2025-01-25 07:38:08.002651+00	2025-01-31 07:27:49.969363+00	Цезарь	Тончайшее тесто покрытое ингредиентами салата цезарь и политое чесночным соусом в дополнении со сливочным сыром моцарелла.	74900	Bon Bon/category/Пицца Итальянский/Цезарь_WBxaaOh.jpeg	t	65	\N	7	\N	f	\N
378	2025-01-25 07:41:06.450337+00	2025-01-31 07:30:20.541183+00	Бон Бон	Пицца по-особому рецепту нашего кафе, состоящая из говяжьего мяса, зеленого болгарского перца, сочных помидоров и классического сыра моцарелла.	84900	Bon Bon/category/Пицца Итальянский/Бон_Бон_a7WE6YT.jpeg	t	65	\N	7	\N	f	\N
379	2025-01-25 07:43:42.964938+00	2025-01-31 07:31:41.172715+00	Грибная	Отличное сочетание для пиццы: грибы, помидоры и сыр, а главным компонентом начинки выступают шампиньоны.	64900	Bon Bon/category/Пицца Итальянский/Грибная_MtcjL4y.jpeg	t	65	\N	7	\N	f	\N
380	2025-01-25 07:47:12.640003+00	2025-01-31 07:32:48.574857+00	Болоньезе	Сытная пицца на основе соуса Болоньезе и начинки из мясного фарша, томатов, зелени с нежным сыром моцарелла.	64900	Bon Bon/category/Пицца Итальянский/Болоньезе_2mOffdF.jpeg	t	65	\N	7	\N	f	\N
381	2025-01-25 07:50:25.688431+00	2025-01-31 07:33:47.414626+00	Маргарита	Мягкое внутри и хрустящее снаружи тесто, сочетание расплавленного сыра и помидоров, пикантный аромат базилика не оставят никого равнодушным.	54900	Bon Bon/category/Пицца Итальянский/Маргарита_V0R4ocs.jpeg	t	65	\N	7	\N	f	\N
382	2025-01-25 07:57:45.749682+00	2025-01-31 07:35:14.433551+00	Четыре сыра	В состав этой пиццы входят 4 вида изысканных сыров: Пармезан, Моцарелла, Виола и Фетакса, а в качестве украшения выступает аккуратная россыпь орегано.	74900	Bon Bon/category/Пицца Итальянский/Четыре_сыра_5kZ7pOp.jpeg	t	65	\N	7	\N	f	\N
383	2025-01-25 08:02:52.170333+00	2025-01-31 07:36:22.848361+00	Баварская	Основу рецептуры составляют мюнхенские колбаски один из главных национальных продуктов Германии. Второй компонент-салями пепперони, а сочные кусочки свежеобжаренных Грибов и плавленый сыр моцарелла завершают данную композицию.	69900	Bon Bon/category/Пицца Итальянский/Баварская_ojczkNy.jpeg	t	65	\N	7	\N	f	\N
384	2025-01-25 08:07:46.991476+00	2025-01-31 07:37:45.016535+00	Мексикано	Пицца имеет пикантный вкус за счет основы из соуса Италия и сладкого перца, а начинка из говяжьего фарша добавляет вкусу сочности.	74900	Bon Bon/category/Пицца Итальянский/Мексикано_gFYPDOV.jpeg	t	65	\N	7	\N	f	\N
385	2025-01-25 08:11:18.78996+00	2025-01-31 07:39:45.166479+00	Комбинированная	Пицца ассорти из двух видов мяса, маринованных вишенок, кусочков, сливочной моцареллы под соусом Италия.	84900	Bon Bon/category/Пицца Итальянский/Комбинированная_tqYy78o.jpeg	t	65	\N	7	\N	f	\N
387	2025-01-25 09:02:02.820175+00	2025-01-31 07:42:20.515983+00	Пепперони	Классический состав в котором нет ничего лишнего! Колбаски Пепперони с легкой перчинкой, сыр моцарелла со сливочным вкусом и традиционные Итальянские травы на тонком тесте с пряным томатным соусом.	64900	Bon Bon/category/Пицца Итальянский/Пепперони_sgsmCuF.jpeg	t	65	\N	7	\N	f	\N
388	2025-01-25 09:12:24.661487+00	2025-01-31 09:11:46.134307+00	Картофель по-Деревенски	Среди многочисленных блюд, которые предлагает пиццерия District, особое место занимает простое и вкусное блюдо – картофель по-деревенски. Эти сочные кусочки картофеля, обжаренные до хрустящей золотистой корочки и приправленные ароматными специями, завоевали сердца многих гурманов.	14900	Bon Bon/category/Гарниры/Картофель_по-Деревенски_56KGIhx.jpeg	t	66	\N	7	\N	f	\N
389	2025-01-25 09:17:28.377366+00	2025-01-31 09:13:48.905472+00	Картофельное Пюре	Картофельного пюре начинается в Южной Америке, где картофель выращивали ещё древние инки. Для них картофель был не просто едой, а священным растением.	11900	Bon Bon/category/Гарниры/Картофельное_Пюре_H362Clf.jpeg	t	66	\N	7	\N	f	\N
390	2025-01-25 11:13:45.341617+00	2025-01-31 09:15:53.004803+00	Картофель Фри по-Американски	Считается, что картофель фри впервые приготовили в Бельгии.\r\nбельгийцев появилась идея вместо рыбы использовать картошку.	14900	Bon Bon/category/Гарниры/Картофель_Фри_по-Американски_Wg68jmp.jpeg	t	66	\N	7	\N	f	\N
520	2025-05-17 17:24:02.661939+00	2025-05-17 17:25:28.326316+00	Стрипсы	\N	29900	GreyCat/category/Снеки/Стрипсы.jpeg	t	78	\N	9	\N	t	GreyCat/category/Снеки/Стрипсы_GLA36hv.jpeg
391	2025-01-25 11:17:04.181795+00	2025-01-31 09:18:24.701429+00	Рис с Овощами	Родиной риса считают территорию современного Вьетнама и Таиланда, где 9 тысяч лет назад начали выращивать эту культуру. В Древней Греции продукт использовали исключительно как общеукрепляющее средство, а в Европе крупу долгое время считали роскошью.	15900	Bon Bon/category/Гарниры/Рис_с_Овощами_qdwJkwh.jpeg	t	66	\N	7	\N	f	\N
392	2025-01-25 11:18:32.224544+00	2025-01-31 09:19:26.382119+00	Рис Отварной	Считается, что метод варки риса возник в Китае, где рис выращивают более 5000 лет. Из Китая этот метод распространился в другие части Азии и, в конечном итоге, по всему миру.	9900	Bon Bon/category/Гарниры/Рис_Отварной_3zFZJi1.jpeg	t	66	\N	7	\N	f	\N
393	2025-01-25 11:24:20.765692+00	2025-01-31 09:20:44.340366+00	Картофель по-Домашнему	Появления рецепта картофеля по-деревенски связана с историей самого картофеля.	19900	Bon Bon/category/Гарниры/Картофель_по-Домашнему_3bzPv1R.jpeg	t	66	\N	7	\N	f	\N
311	2025-01-13 08:31:58.394883+00	2025-01-26 09:17:00.859484+00	Сэндвич с курицей	Сытный из тостерного хлеба дополнены аппетитной начинкой из нежного куриного филе, сладких помидоров, хрустящих листьев салата и маринованных огурчиков. Особую сочность придает бархатный соус Аврора, приготовленный по-особому рецепту.	26900	Bon Bon/category/Сэндвич/Сэндвич_с_курицей_raMfrbo.jpeg	t	54	\N	7	\N	f	\N
324	2025-01-13 15:18:16.110793+00	2025-01-26 11:29:47.305835+00	Греческий	Деревенский салат из крупно нарезанных помидоров, сладкого перца, огурцов, Сыра, лука шалот и маслин, заправленный оливковым маслом с солю,	34900	Bon Bon/category/Салаты/Греческий_SWPiiDA.jpeg	t	55	\N	7	\N	f	\N
323	2025-01-13 15:14:04.412696+00	2025-01-26 11:30:13.86056+00	Незнайка	Необычный салат из куриного филе, дополненного сладким ананасом в сочетании со сливочным вкусом моцареллы и натертого куриного яйца заправляется майонезом по-домашнему рецепту.	34900	Bon Bon/category/Салаты/Незнайка_JKS5utu.jpeg	t	55	\N	7	\N	f	\N
304	2025-01-13 08:11:20.758681+00	2025-01-30 06:54:02.715643+00	Гренки с сыром	Домашний завтрак ломтиков хлеба в смеси из взбитых яиц и специи обжарены в большом количестве масла и украшены сыром моцарелла.	19900	Bon Bon/category/Завтраки/Гренки_с_сыром_bjvx6Bl.jpeg	t	51	\N	7	\N	f	\N
326	2025-01-14 09:09:50.85899+00	2025-01-30 07:28:36.829604+00	Крем суп Грибной	Масса из приготовленных шампиньонов, вишенок, картофельных кубиков, небольшого количества домашнего молока, сливок высокой жирности и растительного масла пробивается блендером до жидкой консистенции и посыпается хрустящими сухариками.	29900	Bon Bon/category/Супы/Крем_суп_Грибной_wj3RnMI.jpeg	t	56	\N	7	\N	f	\N
347	2025-01-19 13:12:08.132257+00	2025-01-30 08:32:43.293603+00	Медальоны на гриле	Нежное мясо с легким сливочным послевкусием, прожаренное до готовности на гриле гарнировано дольками картофеля по-деревенски и миксом сезонного салата дополняются пряным соусом Италия.	119900	Bon Bon/category/Стейки/Медальоны_на_гриле_rHVH6p7.jpeg	t	61	\N	7	\N	f	\N
349	2025-01-19 13:20:20.681204+00	2025-01-30 08:36:25.060827+00	Куриное бедро на мангале	Мясо куриных бедер, прожаренных на мы мангале получается сочным благодаря наличию небольшого количеств жира. На гарнир к такому блюду идеально походит сладкая кукуруза и кольца нежно-пряного красного лука.	44900	Bon Bon/category/Стейки/Куриное_бедро_на_мангале_WAltVhK.jpeg	t	61	\N	7	\N	f	\N
360	2025-01-19 15:00:01.90942+00	2025-01-30 14:39:38.113016+00	Баварский Хот Дог	Баварская колбаска, картофельный пай и свежий салат, подаваемые в разрезанной булочки политой кетчупом и горчичным соусом.	25000	Bon Bon/category/Хот дог/Баварский_Хот_Дог_mUtNbMO.jpeg	t	62	\N	7	\N	f	\N
386	2025-01-25 08:15:50.560842+00	2025-01-31 07:40:56.618972+00	Мясное ассорти	Любителям мяса посвящается! Настоящий взрыв разнообразных видов Итальянских мясных деликатесов. Здесь и пряные колбаски пепперони куриное филе и классическая ветчина. Рецепт дополнен соусами орегано и Италия.	84900	Bon Bon/category/Пицца Итальянский/Мясное_ассорти_Y4HnQ8l.jpeg	t	65	\N	7	\N	f	\N
303	2025-01-13 08:08:06.544259+00	2025-01-31 09:32:45.43022+00	Бон Бон	Mix из вареных яиц домашнего меда, молоко, долек лимона и натурального сыра подаются со сливочным маслом.	34900	Bon Bon/category/Завтраки/Бон_Бон_tXTOVzj.jpeg	t	51	\N	7	\N	f	\N
410	2025-03-16 12:24:01.654941+00	2025-03-16 12:33:34.441207+00	Олот Сомса №1	adfa	1231	Olivia/category/Десерты/Олот_Сомса_1.jpg	f	32	\N	3	\N	f	Olivia/category/Десерты/Олот_Сомса_1_PdPK6Iu.jpg
530	2025-05-19 14:40:57.470724+00	2025-05-19 14:41:52.059271+00	Блу Кат	\N	17000	GreyCat/category/Напитки/Блу_Кат.jpeg	t	88	\N	9	\N	t	GreyCat/category/Напитки/Блу_Кат_K1cvn4I.jpeg
459	2025-04-26 12:20:18.603842+00	2025-04-26 12:21:00.9297+00	Цезарь от Грейкета	\N	49000	Grey Cat/category/Салаты/Цезарь_от_Грейкета.jpeg	t	74	\N	9	\N	t	Grey Cat/category/Салаты/Цезарь_от_Грейкета_nSIgbo7.jpeg
460	2025-04-26 12:21:43.707345+00	2025-05-25 15:59:24.190437+00	Греческий	\N	45900	Grey Cat/category/Салаты/Греческий.jpeg	t	74	\N	9	\N	t	GreyCat/category/Салаты/Греческий_EXUqySh.jpeg
25	2024-03-06 06:55:31.339309+00	2025-02-16 06:27:47.476447+00	Луковый Суп	Луковый суп - это ароматное и утонченное блюдо, которое обладает неповторимым вкусом и приятным ароматом. Этот суп является идеальным выбором как для холодного зимнего вечера, так и для легкого летнего обеда. Главным ингредиентом этого блюда является свежий лук, который приобретает нежный и слегка сладковатый вкус благодаря долгому томлению в бульоне.\r\n\r\nЛуковый суп приготавливается на основе медленно вареного бульона, в который добавляются обжаренные луковые кольца до состояния золотистой карамелизации. Этот процесс обогащает суп насыщенным вкусом и создает приятную текстуру. Для добавления глубины вкуса и аромата могут использоваться различные специи и травы, такие как тимьян, лавровый лист и черный перец.\r\n\r\nЛуковый суп часто подается с добавлением запеченного сыра или хрустящих гренок, что придает блюду дополнительную текстуру и насыщенный вкус. Приятная гармония между сладковатым вкусом лука и насыщенным ароматом бульона делает этот суп привлекательным выбором для любителей классической кухни.\r\n\r\nСочетание богатого аромата и нежного вкуса делает луковый суп не только вкусным, но и питательным блюдом, которое приносит удовольствие каждому, кто его пробует.	40000	Olivia/category/Первое Блюдо/Луковый_Суп.jpg	t	4	\N	3	\N	t	\N
447	2025-04-26 12:12:47.30611+00	2025-05-30 10:32:26.081756+00	Альфредо 18см	(4ta kichik bo'lak) tovuq filesi, qo'ziqorin, maxsus oq sous! (4 маленьких кусков) куриное филе, шампиньоны и фирменный соус!	35000	Grey Cat/category/Пицца KIDS/Альфредо.jpeg	t	76	\N	9	\N	t	GreyCat/category/KIDS/Альфредо_18см_Mgzr3qF.jpeg
416	2025-04-24 04:35:01.226672+00	2025-04-24 04:36:41.759589+00	Pasta	qwety	12000	Olivia/category/Первое Блюдо/Pasta_El7bZk5.jpeg	t	4	\N	3	\N	t	Olivia/category/Первое Блюдо/Pasta_uGjs1Ca.jpeg
423	2025-04-26 10:19:00.231932+00	2025-05-30 12:02:15.143911+00	Маргарита 30см	(6 bo'lak) pomidor va mozarella! (6 кусков) помидоры и моцарелла !	61900	Grey Cat/category/Пиццы/Маргарита_35см.jpeg	t	73	\N	9	\N	t	GreyCat/category/Пицца 30/Маргарита_30см_zPcGxJN.jpeg
3	2024-03-06 06:33:14.003427+00	2025-04-24 09:29:25.660435+00	Люла Кебаб	180 г	75000	Olivia/category/Второе Блюдо/Люла_Кебаб_m8X190K.jpg	t	5	\N	3	\N	t	Olivia/category/Второе Блюдо/Люла_Кебаб_6LPGTn5.jpg
546	2025-05-20 17:50:30.014961+00	2025-05-31 17:46:21.129211+00	Set  Do'stlar 4 Чел	4 чизбургер\n4 фри + кетчуп\n2 гарлики с чесноком \n1 кола 1.5л	229900	GreyCat/category/Сетлар/Set__Dostlar_4_Чел.jpeg	t	90	\N	9	\N	t	GreyCat/category/Сетлар/Set__Dostlar_4_Чел_Tipr4k7.jpeg
413	2025-04-19 18:00:59.417258+00	2025-04-26 06:35:17.401056+00	Moxito	in vkusniy maxito	12000	Pasta House/category/Коктейли/Moxito_JK0t6MY.jpeg	t	71	\N	1	\N	t	Pasta House/category/Коктейли/Moxito_Akw0bmt.jpeg
422	2025-04-26 10:17:32.560079+00	2025-06-06 17:15:03.837104+00	Бон Филе 30см	(6 bo'lak) Mol go'shti, qo'ziqorin va pomidor! (6 кусков) Мясо говядины, шампиньоны, помидоры и ничего лишнего!	92900	Grey Cat/category/Пиццы/Бон_Филе_35см.jpeg	t	73	\N	9	\N	t	GreyCat/category/Пицца 30/Бон_Филе_30см_QF0jaWS.jpeg
421	2025-04-26 10:15:37.417526+00	2025-04-26 10:15:37.417539+00	\N	\N	\N		f	\N	\N	\N	\N	t	
571	2025-06-28 09:52:00.667469+00	2025-06-28 09:57:53.624268+00	Тандир Лаваш	\N	45900	GreyCat/category/Лаваш/Тандир_Лаваш.jpeg	t	97	\N	9	\N	t	GreyCat/category/Лаваш/Тандир_Лаваш_eyXn5al.jpeg
552	2025-05-25 16:15:41.723917+00	2025-05-30 15:06:58.723514+00	KIDS Бургер	Mini burger, fri, ketchup, sok! Мини бургер, фри, кетчуп, детский сок!	45000	GreyCat/category/KIDS/KIDS_Бургер.jpeg	t	76	\N	9	\N	t	GreyCat/category/KIDS/KIDS_Бургер_5H5rvHZ.jpeg
521	2025-05-17 17:26:45.902184+00	2025-05-30 13:58:05.409119+00	Чизбургер	Mol go'shtidan kotlet va chedder pishlog'i! Мясной котлет и сыр чеддер !	38000	GreyCat/category/Бургеры/Чизбургер.jpeg	t	87	\N	9	\N	t	GreyCat/category/Бургер/Чизбургер_kdMig3i.jpeg
424	2025-04-26 10:22:51.000702+00	2025-05-25 15:46:59.62081+00	Революция 30см	\N	99900	Grey Cat/category/Пиццы/Революция_35см.jpeg	f	73	\N	9	\N	t	GreyCat/category/Пицца средняя/Революция_30см.jpeg
525	2025-05-18 08:29:34.978779+00	2025-05-18 08:31:00.183955+00	Мохито Классика	\N	17000	GreyCat/category/Напитки/Мохито_Классика.jpeg	t	88	\N	9	\N	t	GreyCat/category/Напитки/Мохито_Классика_l061nMu.jpeg
531	2025-05-19 14:42:13.246933+00	2025-05-19 14:42:46.498592+00	Носталгиа	\N	17000		f	88	\N	9	\N	t	
419	2025-04-26 10:13:29.362075+00	2025-05-30 10:29:35.245563+00	Альфредо 30см	(6 bo'lak) tovuq filesi, qo'ziqorin, maxsus oq sous! (6 кусков) куриное филе, шампиньоны и фирменный соус!	79900	Grey Cat/category/Пиццы/Альфредо_35см.jpeg	t	73	\N	9	\N	t	GreyCat/category/Пицца 30/Альфредо_30см_PHxQ3iH.jpeg
544	2025-05-20 17:50:07.168963+00	2025-05-31 17:45:32.983005+00	Set  Uchrashuv 2 Чел	2 чизбургер\n1 фри + кетчуп\n1 стрипсы\n1 кола 1л	109900	GreyCat/category/Сетлар/Set__Uchrashuv_2_Чел.jpeg	t	90	\N	9	\N	t	GreyCat/category/Сетлар/Set__Uchrashuv_2_Чел_v5KUzMP.jpeg
535	2025-05-19 16:12:53.507665+00	2025-05-30 13:35:39.808227+00	4 Сезона 35см	Birtada 4xil tamni xohlovchilar uchun ayni muddao! Тот кто хочет четыре вкуса на одной пицце!	94900	GreyCat/category/Пицца большая (35см)/4_Сезона_35см.jpeg	t	84	\N	9	\N	t	GreyCat/category/Пицца 35/4_Сезона_35см_pVH1Lsw.jpeg
506	2025-04-26 13:29:23.679229+00	2025-05-30 13:21:42.73992+00	New York 35см	(8 bo'lak). Bu Nyu York pepperonisi. pepperoni, bodring, mol go'shti va biroz achchiq qalampir! (8 кусков) Это пепперони из Ню Ёрка !!!\nпепперони, огурцы марин. мясо говядины и немного острота!	104800	Grey Cat/category/Пицца большая (35см)/New_York_35см.jpeg	t	84	\N	9	\N	t	GreyCat/category/Пицца 35/New_York_35см_vYSxAjA.jpeg
556	2025-05-25 16:47:23.491751+00	2025-05-30 13:55:04.103019+00	Домашняя 35см	(8 bo'lak) Dudlangan "oxotnichiy", sosiska, tovuq filesi, qizil piyoz, bolgar qalampiri! (8 кусков). Колбаски охотничья, сосиска, куриное филе, красный лук, болгарский перец!	89900	GreyCat/category/Пицца большая/Домашняя_35см.jpeg	t	84	\N	9	\N	t	GreyCat/category/Пицца 35/Домашняя_35см_3u1hZ6W.jpeg
562	2025-05-25 17:41:43.848777+00	2025-05-25 17:46:18.778703+00	Фирменный соус	\N	10000	GreyCat/category/Соусы/Фирменный_соус.jpeg	t	91	\N	9	\N	t	GreyCat/category/Соусы/Фирменный_соус_p26ImGE.jpeg
566	2025-05-30 07:20:30.343636+00	2025-05-30 07:34:12.731271+00	Чай Малинка	Малина, мята, лимон, сок ягода, сироп малина, сахар.	30000	Bon Bon/category/Чай со Вкусом/Чай_Малинка.jpeg	f	92	\N	7	\N	t	Bon Bon/category/Чай со Вкусом/Чай_Малинка_zB4XZ2o.jpeg
475	2025-04-26 12:41:02.468204+00	2025-05-25 16:00:50.240373+00	Картофельное пюре	\N	15000	Grey Cat/category/Гарниры/Картофельное_пюре.jpeg	t	78	\N	9	\N	t	GreyCat/category/Снеки/Картофельное_пюре_6s8qovu.jpeg
456	2025-04-26 12:14:15.673928+00	2025-05-30 13:22:47.48647+00	New York 18см	(4ta kichik bo'lak). Bu Nyu York pepperonisi. pepperoni, bodring, mol go'shti va biroz achchiq qalampir! (4 маленьких кусков) Это пепперони из Ню Ёрка !!!\nпепперони, огурцы марин. мясо говядины и немного острота!	38000	Grey Cat/category/Пицца KIDS/New_York_Bld5lXr.jpeg	t	76	\N	9	\N	t	GreyCat/category/KIDS/New_York_18см_xY4Yy7G.jpeg
473	2025-04-26 12:38:01.818463+00	2025-05-25 16:00:13.624349+00	По Деревенски	\N	20000	Grey Cat/category/Гарниры/По_Деревенски.jpeg	t	78	\N	9	\N	t	GreyCat/category/Снеки/По_Деревенски_vwvomN5.jpeg
532	2025-05-19 14:43:09.983768+00	2025-05-19 14:45:06.233151+00	в Гаваях	\N	17000	GreyCat/category/Напитки/в_Гаваях.jpeg	t	88	\N	9	\N	t	GreyCat/category/Напитки/в_Гаваях_LSf2s7H.jpeg
446	2025-04-26 12:12:38.64483+00	2025-05-30 10:27:21.43558+00	Пепперони 18см	(4 kichkina bo'laklar) pepperoni kolbasasi, mozarella, sous pomidorli! (6кусков) колбаса пепперони, моцарелла, соус томатный (4 маленьких кусков)	35000	Grey Cat/category/Пицца KIDS/Пепперони.jpeg	t	76	\N	9	\N	t	GreyCat/category/KIDS/Пепперони_18см_dZENPvH.jpeg
522	2025-05-17 17:31:12.894327+00	2025-05-30 14:04:39.389626+00	Гамбургер	Mol go'shtidan kotlet va maxsus sous! Мясной котлет и специальный соус!	34000	GreyCat/category/Бургеры/Гамбургер.jpeg	t	87	\N	9	\N	t	GreyCat/category/Бургер/Гамбургер_f8BKzj6.jpeg
418	2025-04-26 09:51:04.919555+00	2025-05-30 10:26:20.61329+00	Пепперони (сред)	(6 bo'lak) pepperoni kolbasasi, mozarella, sous pomidorli! (6кусков) колбаса пепперони, моцарелла, соус томатный (6 кусков)	77900	Grey Cat/category/Пиццы/Пепперони_35см.jpeg	t	73	\N	9	\N	t	GreyCat/category/Пицца 30/Пепперони_сред_wthxLo6.jpeg
448	2025-04-26 12:12:56.440787+00	2025-05-30 10:36:34.237871+00	Комбо 18см	(4ta kichik bo'lak) pepperoni, vetchina, qo'ziqorin, zaytun, tovuq filesi, mol go'shti! (4 маленьких кусков) пепперони, ветчина, шампиньоны, оливки, куриное филе и говядина!	38000	Grey Cat/category/Пицца KIDS/Комбо.jpeg	t	76	\N	9	\N	t	GreyCat/category/KIDS/Комбо_18см_OdW433L.jpeg
539	2025-05-20 17:48:38.120922+00	2025-05-31 17:43:40.772568+00	Set  Boy 1 Чел	1 чизбургер\n1 фри + кетчуп\n2 штук стрипсы\n1 кола 250мл	74900	GreyCat/category/Сетлар/Set__Boy_1_Чел.jpeg	t	90	\N	9	\N	t	GreyCat/category/Сетлар/Set__Boy_1_Чел_ZyT3zAD.jpeg
527	2025-05-19 14:32:59.613158+00	2025-05-19 14:40:36.284643+00	Мохито Клубничный	\N	17000	GreyCat/category/Напитки/Мохито_Клубничный.jpeg	t	88	\N	9	\N	t	GreyCat/category/Напитки/Мохито_Клубничный_m7yjkUS.jpeg
502	2025-04-26 13:28:34.167119+00	2025-05-30 13:13:41.8277+00	Чиккен BBQ 35см	(8 bo'lak) qo'ziqorin, tovuq filesi, bolgar qalampiri va ustidan barbekyu sousi! (8 кусков) шампиньоны, куриное филе, болгарский перец и сверху соус барбекю!	94900	Grey Cat/category/Пицца большая (35см)/Чиккен_BBQ_35см_NdqrOHP.jpeg	t	84	\N	9	\N	t	GreyCat/category/Пицца 35/Чиккен_BBQ_35см_AJXhiAC.jpeg
551	2025-05-25 16:14:57.843713+00	2025-05-30 14:34:44.788959+00	Твикс Бургер	Bir porsiyada 2ta mini burger! mol go'shtli kotlet, bon file, shef sous va fri! Два мини бургера в одной порции! Плюс шеф соус и фри!	59000	GreyCat/category/Бургеры/Твикс_Бургер.jpeg	t	87	\N	9	\N	t	GreyCat/category/Бургер/Твикс_Бургер_MTgqq7e.jpeg
495	2025-04-26 13:00:12.356874+00	2025-06-23 11:57:21.973891+00	1 Банка	\N	29900	Grey Cat/category/Огурцы/Без_огурцов_не_будет_счастья.jpeg	t	83	\N	9	\N	t	GreyCat/category/Бодринг/1_Банка_yoLcTv2.jpeg
563	2025-05-25 17:41:55.771391+00	2025-05-25 17:47:04.712854+00	кетчуп	\N	6000	GreyCat/category/Соусы/кетчуп.jpeg	t	91	\N	9	\N	t	GreyCat/category/Соусы/кетчуп_RdsaBT8.jpeg
472	2025-04-26 12:36:52.154211+00	2025-05-25 16:00:02.105613+00	Картофель Фри	\N	19000	Grey Cat/category/Гарниры/Картофель_Фри.jpeg	t	78	\N	9	\N	t	GreyCat/category/Снеки/Картофель_Фри_k2quORa.jpeg
541	2025-05-20 17:49:31.847265+00	2025-05-31 17:44:17.971429+00	Set  Kino 2 Чел	1 пицца средняя (альфредо или комбо)\n1 салат цезарь\n2 кола 250мл\n1 крылыщки	149900	GreyCat/category/Сетлар/Set__Kino_2_Чел.jpeg	t	90	\N	9	\N	t	GreyCat/category/Сетлар/Set__Kino_2_Чел_Qqu39XQ.jpeg
558	2025-05-25 16:49:02.539301+00	2025-05-30 13:55:41.408359+00	Домашняя 18см	(4ta kichik bo'lak) Dudlangan "oxotnichiy", sosiska, tovuq filesi, qizil piyoz, bolgar qalampiri! (4 маленьких кусков). Колбаски охотничья, сосиска, куриное филе, красный лук, болгарский перец!	35000	GreyCat/category/KIDS/Домашняя_18см.jpeg	t	76	\N	9	\N	t	GreyCat/category/KIDS/Домашняя_18см_cTdeCTE.jpeg
429	2025-04-26 10:30:56.318798+00	2025-05-30 13:20:05.027764+00	New York 30см	(6 bo'lak). Bu Nyu York pepperonisi. pepperoni, bodring, mol go'shti va biroz achchiq qalampir! (6 кусков) Это пепперони из Ню Ёрка !!!\nпепперони, огурцы марин. мясо говядины и немного острота!	87900	Grey Cat/category/Пиццы/New_York_35см.jpeg	t	73	\N	9	\N	t	GreyCat/category/Пицца 30/New_York_30см_x4xVuOR.jpeg
523	2025-05-18 08:06:34.496789+00	2025-05-30 13:29:27.689616+00	Цезарь 30см	(6 bo'lak) tovuq filesi, qo'ziqorin, maxsus oq sous, gulkaram, cheri, bedana tuxumi, parmezan! (6 кусков) куриное филе, шампиньоны, фирменный соус, капуста, перепил.яц. пармезан!	79900	GreyCat/category/Пицца средняя (30см)/Цезарь_30см.jpeg	t	73	\N	9	\N	t	GreyCat/category/Пицца 30/Цезарь_30см_JcX7UEP.jpeg
553	2025-05-25 16:45:55.193648+00	2025-05-30 13:45:59.521036+00	Берлин 30см	(6 bo'lak) Dudlangan "oxotnichiy", vetchina, indeyka, qizil piyoz, tuzlangan bodring! (6 кусков). Колбаски охотничья, ветчина, индейка, красный лук, маринованные огурцы!	84900	GreyCat/category/Пицца средняя/Берлин_30см.jpeg	t	73	\N	9	\N	t	GreyCat/category/Пицца 30/Берлин_30см_PmCGglo.jpeg
547	2025-05-22 12:57:57.968884+00	2025-05-25 17:49:00.55136+00	Гарлики с чесноком	\N	20000	GreyCat/category/Снеки/Гарлики_с_чесноком.jpeg	t	78	\N	9	\N	t	GreyCat/category/Снеки/Гарлики_с_чесноком_ENMXEbq.jpeg
550	2025-05-22 13:01:03.193173+00	2025-06-02 13:39:57.973152+00	Бургер барбекю	Bon file, мol go'shtidan kotlet, sous barbekyu! Бон филе, мясной котлет соус барбекю!	49000	GreyCat/category/Бургеры/Бургер_барбекю.jpeg	t	87	\N	9	\N	t	GreyCat/category/Бургер/Бургер_барбекю_GcsI3VC.jpeg
507	2025-04-26 13:29:35.376833+00	2025-06-05 13:45:27.352996+00	Бухара 35см	\N	99900	GreyCat/category/Пицца 35/Бухара_35см_7DT7Boi.jpeg	t	84	\N	9	\N	t	GreyCat/category/Пицца 35/Бухара_35см_XQ9bcUX.jpeg
533	2025-05-19 14:47:22.951678+00	2025-05-19 14:49:26.108996+00	Мохито Классика Графин	\N	38000	GreyCat/category/Напитки/Мохито_Классика_Графин.jpeg	t	88	\N	9	\N	t	GreyCat/category/Напитки/Мохито_Классика_Графин_6jtx0mr.jpeg
528	2025-05-19 14:37:26.452997+00	2025-05-30 14:05:37.679173+00	Дабл Бургер	Mol go'shtidan 2 ta kotlet va maxsus sous! Мясной котлет (2шт) и специальный соус!	48000	GreyCat/category/Бургеры/Дабл_Бургер.jpeg	t	87	\N	9	\N	t	GreyCat/category/Бургер/Дабл_Бургер_PsusdCm.jpeg
457	2025-04-26 12:14:27.59874+00	2025-06-08 15:56:25.477587+00	Бухара 18см	\N	40000	GreyCat/category/KIDS/Бухара_18см_snbTBNp.jpeg	t	76	\N	9	\N	t	GreyCat/category/KIDS/Бухара_18см_E4CCJTD.jpeg
449	2025-04-26 12:13:08.379806+00	2025-05-30 10:39:57.183983+00	Бон филе 18см	(4ta kichik bo'lak) Mol go'shti, qo'ziqorin va pomidor! (4 маленьких кусков) Мясо говядины, шампиньоны, помидоры и ничего лишнего!	42000	Grey Cat/category/Пицца KIDS/Бон_филе.jpeg	t	76	\N	9	\N	t	GreyCat/category/KIDS/Бон_филе_18см_ujOaRYx.jpeg
500	2025-04-26 13:28:04.214868+00	2025-05-30 12:02:36.92386+00	Маргарита 35см	(8 bo'lak) pomidor va mozarella! (8 кусков) помидоры и моцарелла !	69900	Grey Cat/category/Пицца большая (35см)/Маргарита_35см.jpeg	t	84	\N	9	\N	t	GreyCat/category/Пицца 35/Маргарита_35см_xQk0ycE.jpeg
537	2025-05-20 17:40:42.601669+00	2025-05-31 17:42:28.888813+00	Set  Introvert 1 Чел	1 пицца детская на выбор \n1 салат цезарь\n1 мохито на выбор	69900	GreyCat/category/Сетлар/Set__Introvert_1_Чел.jpeg	t	90	\N	9	\N	t	GreyCat/category/Сетлар/Set__Introvert_1_Чел_9scrZdd.jpeg
548	2025-05-22 12:59:23.768171+00	2025-05-25 17:37:43.974247+00	Багет чесночный (с сыром)	\N	20000	GreyCat/category/Снеки/Багет_чесночный_с_сыром.jpeg	t	78	\N	9	\N	t	GreyCat/category/Снеки/Багет_чесночный_с_сыром_LMBiajB.jpeg
504	2025-04-26 13:28:56.7364+00	2025-05-30 09:27:57.620397+00	Гаваи 35см	(8 bo'lak). Ananas, vetchina, pomidor. (8 кусков). Ананас, ветчина, помидор	91900	Grey Cat/category/Пицца большая (35см)/Гаваи_35см.jpeg	t	84	\N	9	\N	t	GreyCat/category/Пицца 35/Гаваи_35см_Du9wMQ5.jpeg
420	2025-04-26 10:15:37.01522+00	2025-05-30 13:09:56.370061+00	Комбо 30см	(6 bo'lak) pepperoni, vetchina, qo'ziqorin, zaytun, tovuq filesi, mol go'shti! (6 кусков) пепперони, ветчина, шампиньоны, оливки, куриное филе и говядина!	84500	Grey Cat/category/Пиццы/Комбо_35см.jpeg	t	73	\N	9	\N	t	GreyCat/category/Пицца 30/Комбо_30см_sFsfc6n.jpeg
509	2025-04-29 10:30:49.243838+00	2025-05-25 16:01:57.857196+00	Рис с овощами	\N	25000	Grey Cat/category/Завтрак/Рис_с_овощами.jpeg	t	86	\N	9	\N	t	GreyCat/category/Завтрак/Рис_с_овощами_IIgahtT.jpeg
452	2025-04-26 12:13:42.975991+00	2025-05-30 13:14:22.645631+00	Чиккен BBQ 18см	(4ta kichik bo'lak) qo'ziqorin, tovuq filesi, bolgar qalampiri va ustidan barbekyu sousi! (6 маленьких кусков) шампиньоны, куриное филе, болгарский перец и сверху соус барбекю!	36000	Grey Cat/category/Пицца KIDS/Чиккен_BBQ.jpeg	t	76	\N	9	\N	t	GreyCat/category/KIDS/Чиккен_BBQ_18см_NeJt2nL.jpeg
497	2025-04-26 13:27:17.894484+00	2025-05-30 10:31:29.380012+00	Альфредо 35см	(8 bo'lak) tovuq filesi, qo'ziqorin, maxsus oq sous! (8 кусков) куриное филе, шампиньоны и фирменный соус!	94900	Grey Cat/category/Пицца большая (35см)/Альфредо_35см.jpeg	t	84	\N	9	\N	t	GreyCat/category/Пицца 35/Альфредо_35см_FXOqB9u.jpeg
499	2025-04-26 13:27:42.374251+00	2025-05-30 10:39:11.777135+00	Бон Филе 35см	(8 bo'lak) Mol go'shti, qo'ziqorin va pomidor! (8 кусков) Мясо говядины, шампиньоны, помидоры и ничего лишнего!	109900	Grey Cat/category/Пицца большая (35см)/Бон_Филе_35см.jpeg	t	84	\N	9	\N	t	GreyCat/category/Пицца 35/Бон_Филе_35см_dhoyHOs.jpeg
496	2025-04-26 13:27:01.2084+00	2025-05-30 10:26:40.760199+00	Пепперони 35см	(8 bo'lak) pepperoni kolbasasi, mozarella, sous pomidorli! (6кусков) колбаса пепперони, моцарелла, соус томатный (8 кусков)	89900	Grey Cat/category/Пицца большая (35см)/Пепперони_35см.jpeg	t	84	\N	9	\N	t	GreyCat/category/Пицца 35/Пепперони_35см_nSA30w2.jpeg
542	2025-05-20 17:49:42.930137+00	2025-05-31 17:44:40.411077+00	Set  Chaqchaq 2 Чел	2 фетучини с курицей\n1 багет чесночный\n1 салат цезарь\n2 мохито на выбор	159900	GreyCat/category/Сетлар/Set__Chaqchaq_2_Чел.jpeg	t	90	\N	9	\N	t	GreyCat/category/Сетлар/Set__Chaqchaq_2_Чел_eLGNSkV.jpeg
554	2025-05-25 16:46:24.369648+00	2025-05-30 13:54:48.961395+00	Домашняя 30см	(6 bo'lak) Dudlangan "oxotnichiy", sosiska, tovuq filesi, qizil piyoz, bolgar qalampiri! (6 кусков). Колбаски охотничья, сосиска, куриное филе, красный лук, болгарский перец!	71900	GreyCat/category/Пицца средняя/Домашняя_30см.jpeg	t	73	\N	9	\N	t	GreyCat/category/Пицца 30/Домашняя_30см_Kp0EifI.jpeg
501	2025-04-26 13:28:18.46387+00	2025-05-25 15:46:49.109181+00	Революция 35см	\N	115900	Grey Cat/category/Пицца большая (35см)/Революция_35см.jpeg	f	84	\N	9	\N	t	GreyCat/category/Пицца большая/Революция_35см.jpeg
508	2025-04-26 13:29:45.378753+00	2025-05-25 15:47:11.083072+00	Грейкет 35см	\N	129900	Grey Cat/category/Пицца большая (35см)/Грейкет_35см.jpeg	f	84	\N	9	\N	t	GreyCat/category/Пицца большая/Грейкет_35см.jpeg
513	2025-04-29 10:32:01.433915+00	2025-05-25 16:02:56.20774+00	Шакшука	\N	30000	Grey Cat/category/Завтрак/Шакшука.jpeg	t	86	\N	9	\N	t	GreyCat/category/Завтрак/Шакшука_ka27aRm.jpeg
564	2025-05-25 17:42:06.299405+00	2025-05-25 17:47:37.66121+00	Сырный соус	\N	6000	GreyCat/category/Соусы/Сырный_соус.jpeg	t	91	\N	9	\N	t	GreyCat/category/Соусы/Сырный_соус_fdGp7x9.jpeg
567	2025-06-02 16:51:52.978963+00	2025-06-02 16:54:53.781636+00	Шеф Хот-Дог	\N	22000	GreyCat/category/Хот-Дог/Шеф_Хот-Дог.jpeg	t	94	\N	9	\N	t	GreyCat/category/Хот-Дог/Шеф_Хот-Дог_G9GBskP.jpeg
518	2025-05-17 16:48:02.982047+00	2025-05-30 09:22:07.752636+00	Четыре сыра 35см	(8 bo'lak) Bu pitsada faqat 4 xil pishloq ishlatiladi. Chedder, hohland, mozarella va parmezan! (8 кусков) Здесь только 4 вида сыра. Чеддер, хохланд, моцарелла и пармезан. Ничего лишнего!	102900	GreyCat/category/Пицца большая (35см)/Четыре_сыра_38см.jpeg	t	84	\N	9	\N	t	GreyCat/category/Пицца 35/Четыре_сыра_35см_mtXTwqz.jpeg
514	2025-04-29 10:32:19.265729+00	2025-05-25 16:03:09.118987+00	Английский завтрак	\N	46000	Grey Cat/category/Завтрак/Английский_завтрак.jpeg	t	86	\N	9	\N	t	GreyCat/category/Завтрак/Английский_завтрак_auIm27x.jpeg
515	2025-04-29 10:32:57.54877+00	2025-05-25 16:03:22.607904+00	Завтрак "Чемпион"	\N	24900	Grey Cat/category/Завтрак/Завтрак_Чемпион.jpeg	f	86	\N	9	\N	t	GreyCat/category/Завтрак/Завтрак_Чемпион.jpeg
516	2025-05-17 13:56:52.681357+00	2025-05-30 09:21:37.736405+00	Четыре сыра 30см	(6 bo'lak) Bu pitsada faqat 4 xil pishloq ishlatiladi. Chedder, hohland, mozarella va parmezan! (6 кусков) Здесь только 4 вида сыра. Чеддер, хохланд, моцарелла и пармезан. Ничего лишнего!	92900	GreyCat/category/Пицца средняя (30см)/Четыре_сыра.jpeg	t	73	\N	9	\N	t	GreyCat/category/Пицца 30/Четыре_сыра_30см_C38S6ah.jpeg
511	2025-04-29 10:31:33.797682+00	2025-05-25 16:02:31.816336+00	Блинчики (4 шт)	\N	26000	Grey Cat/category/Завтрак/Блинчики_4_шт.jpeg	t	86	\N	9	\N	t	GreyCat/category/Завтрак/Блинчики_4_шт_iWzQQsm.jpeg
561	2025-05-25 17:41:35.837297+00	2025-05-25 17:43:44.297986+00	Шеф соус	\N	12000	GreyCat/category/Соусы/Шеф_соус.jpeg	t	91	\N	9	\N	t	GreyCat/category/Соусы/Шеф_соус_Fredsg5.jpeg
555	2025-05-25 16:46:52.969233+00	2025-05-30 13:47:35.106607+00	Берлин 35см	(8 bo'lak) Dudlangan "oxotnichiy", vetchina, indeyka, qizil piyoz, tuzlangan bodring! (8 кусков). Колбаски охотничья, ветчина, индейка, красный лук, маринованные огурцы!	99900	GreyCat/category/Пицца большая/Берлин_35см.jpeg	t	84	\N	9	\N	t	GreyCat/category/Пицца 35/Берлин_35см_33e24QM.jpeg
510	2025-04-29 10:31:11.26697+00	2025-05-25 16:02:09.043835+00	Яичница с сосисками	\N	26000	Grey Cat/category/Завтрак/Яичница_с_сосисками.jpeg	t	86	\N	9	\N	t	GreyCat/category/Завтрак/Яичница_с_сосисками_HNR9knU.jpeg
517	2025-05-17 16:46:46.502269+00	2025-05-30 09:23:47.394991+00	Четыре сыра 18см	(4ta kichik bo'laklar) Bu pitsada faqat 4 xil pishloq ishlatiladi. Chedder, hohland, mozarella va parmezan! (4 маленьких кусков) Здесь только 4 вида сыра. Чеддер, хохланд, моцарелла и пармезан. Ничего лишнего!	42000	GreyCat/category/Пицца KIDS (18см)/Четыре_сыра.jpeg	t	76	\N	9	\N	t	GreyCat/category/KIDS/Четыре_сыра_18см_CIUOhSh.jpeg
512	2025-04-29 10:31:43.002145+00	2025-05-25 16:02:42.511794+00	Омлет с пепперони	\N	24000	Grey Cat/category/Завтрак/Омлет_с_пепперони.jpeg	t	86	\N	9	\N	t	GreyCat/category/Завтрак/Омлет_с_пепперони_JiWjlS1.jpeg
427	2025-04-26 10:27:53.267616+00	2025-05-30 13:14:44.308147+00	Гаваи 30см	(6 bo'lak). Ananas, vetchina, pomidor. (6 кусков). Ананас, ветчина, помидор	75900	Grey Cat/category/Пиццы/Гаваи_35см.jpeg	t	73	\N	9	\N	t	GreyCat/category/Пицца 30/Гаваи_30см_r3EQZVK.jpeg
529	2025-05-19 14:37:38.214392+00	2025-05-30 13:59:41.176383+00	Дабл Чизбургер	Mol go'shtidan 2 ta kotlet va chedder pishlog'i! Мясной котлет 2 штук и сыр чеддер!	53000	GreyCat/category/Бургеры/Дабл_Чизбургер.jpeg	t	87	\N	9	\N	t	GreyCat/category/Бургер/Дабл_Чизбургер_vq5nfPw.jpeg
498	2025-04-26 13:27:28.51756+00	2025-05-30 10:35:14.815198+00	Комбо 35см	(8 bo'lak) pepperoni, vetchina, qo'ziqorin, zaytun, tovuq filesi, mol go'shti! (8 кусков) пепперони, ветчина, шампиньоны, оливки, куриное филе и говядина!	99900	Grey Cat/category/Пицца большая (35см)/Комбо_35см.jpeg	t	84	\N	9	\N	t	GreyCat/category/Пицца 35/Комбо_35см_aSIcM8l.jpeg
538	2025-05-20 17:48:00.474558+00	2025-05-31 17:41:37.976253+00	Set  Mulan 1 Чел	1 фетучини с курицей\n1 гарлики с чесноком \n1 мохито на выбор	69900	GreyCat/category/Сетлар/Set__Mulan_1_Чел.jpeg	t	90	\N	9	\N	t	GreyCat/category/Сетлар/Set__Mulan_1_Чел_MN9NRt4.jpeg
549	2025-05-22 13:00:49.250646+00	2025-05-30 14:10:17.283952+00	Бургер (Юлий цезарь)	Tovuq go'shti va mozarella pishlog'i! Куриное филе и сыр моцарелла!	43000	GreyCat/category/Бургеры/Бургер_Юлий_цезарь.jpeg	t	87	\N	9	\N	t	GreyCat/category/Бургер/Бургер_Юлий_цезарь_9I1khyB.jpeg
534	2025-05-19 16:12:41.411903+00	2025-05-30 13:35:26.062178+00	4 Сезона 30см	Birtada 4xil tamni xohlovchilar uchun ayni muddao! Тот кто хочет четыре вкуса на одной пицце!	77900	GreyCat/category/Пицца средняя (30см)/4_Сезона_30см.jpeg	t	73	\N	9	\N	t	GreyCat/category/Пицца 30/4_Сезона_30см_cZnNVgF.jpeg
454	2025-04-26 12:13:59.033539+00	2025-05-30 13:15:46.945025+00	Гаваи 18см	(4ta kichik bo'lak). Ananas, vetchina, pomidor. (4 маленьких кусков). Ананас, ветчина, помидор	35000	Grey Cat/category/Пицца KIDS/Гаваи.jpeg	t	76	\N	9	\N	t	GreyCat/category/KIDS/Гаваи_18см_b8AUrdA.jpeg
565	2025-05-25 17:47:50.013914+00	2025-05-25 17:48:31.465978+00	BBQ соус	\N	6000	GreyCat/category/Соусы/BBQ.jpeg	t	91	\N	9	\N	t	GreyCat/category/Соусы/BBQ_соус_ZkfRkWm.jpeg
425	2025-04-26 10:24:47.545089+00	2025-05-30 13:13:23.636449+00	Чиккен BBQ 30см	(6 bo'lak) qo'ziqorin, tovuq filesi, bolgar qalampiri va ustidan barbekyu sousi! (6 кусков) шампиньоны, куриное филе, болгарский перец и сверху соус барбекю!	77900	Grey Cat/category/Пиццы/Чиккен_BBQ.jpeg	t	73	\N	9	\N	t	GreyCat/category/Пицца 30/Чиккен_BBQ_30см_2YB3NEW.jpeg
450	2025-04-26 12:13:17.183647+00	2025-05-30 13:08:18.240176+00	Маргарита 18см	(4ta kichik bo'lak) pomidor va mozarella! (4 маленьких кусков) помидоры и моцарелла !	28000	Grey Cat/category/Пицца KIDS/Маргарита.jpeg	t	76	\N	9	\N	t	GreyCat/category/KIDS/Маргарита_18см_WduuADM.jpeg
540	2025-05-20 17:49:05.253159+00	2025-05-31 17:43:55.728959+00	Set  Biznes 1 Чел	1 даблчиз\n1 по деревенски + кетчуп\n1 кола 250мл	64900	GreyCat/category/Сетлар/Set__Biznes_1_Чел_MRJsrUK.jpeg	t	90	\N	9	\N	t	GreyCat/category/Сетлар/Set__Biznes_1_Чел_zILr8Cg.jpeg
524	2025-05-18 08:16:50.518795+00	2025-05-30 13:29:47.497715+00	Цезарь 35см	(8 bo'lak) tovuq filesi, qo'ziqorin, maxsus oq sous, gulkaram, cheri, bedana tuxumi, parmezan! (8 кусков) куриное филе, шампиньоны, фирменный соус, капуста, перепил.яц. пармезан!	94900	GreyCat/category/Пицца большая (35см)/Цезарь_35см.jpeg	t	84	\N	9	\N	t	GreyCat/category/Пицца 35/Цезарь_35см_xzvlOMF.jpeg
557	2025-05-25 16:48:05.011067+00	2025-05-30 13:48:20.714146+00	Берлин 18см	(4ta kichik bo'lak) Dudlangan "oxotnichiy", vetchina, indeyka, qizil piyoz, tuzlangan bodring! (4 маленьких кусков). Колбаски охотничья, ветчина, индейка, красный лук, маринованные огурцы!	40000	GreyCat/category/KIDS/Берлин_18см.jpeg	t	76	\N	9	\N	t	GreyCat/category/KIDS/Берлин_18см_WrsNScV.jpeg
568	2025-06-02 16:52:10.923577+00	2025-06-02 16:55:19.152049+00	BBQ Хот-Дог	\N	19990	GreyCat/category/Хот-Дог/BBQ_Хот-Дог.jpeg	t	94	\N	9	\N	t	GreyCat/category/Хот-Дог/BBQ_Хот-Дог_890A05m.jpeg
526	2025-05-18 08:37:28.28557+00	2025-05-30 13:48:34.86062+00	Цезарь 18см	(4ta kichik bo'lak) tovuq filesi, qo'ziqorin, maxsus oq sous, gulkaram, cheri, bedana tuxumi, parmezan! (4 маленьких кусков) куриное филе, шампиньоны, фирменный соус, капуста, перепил.яц. пармезан!	38000	GreyCat/category/Пицца KIDS (18см)/Цезарь_18см.jpeg	t	76	\N	9	\N	t	GreyCat/category/KIDS/Цезарь_18см_iRizYEu.jpeg
430	2025-04-26 10:31:10.258921+00	2025-06-09 11:42:52.679248+00	Бухара 30см	\N	82900	GreyCat/category/Пицца 30/Бухара_30см_rZadXhl.jpeg	t	73	\N	9	\N	t	GreyCat/category/Пицца 30/Бухара_30см_SLxdLyk.jpeg
572	2025-06-28 09:52:12.689446+00	2025-06-28 09:59:35.182368+00	Лаваш Классика	\N	39900	GreyCat/category/Лаваш/Лаваш_Классика.jpeg	t	97	\N	9	\N	t	GreyCat/category/Лаваш/Лаваш_Классика_kqu1sKr.jpeg
461	2025-04-26 12:23:01.202825+00	2025-05-30 14:46:26.229008+00	Хрустящий Баклажан	Baqlajon, bolgar qalampiri, bodring, pomidor! Баклажан, болгарский перец, помидор, бодринг!	38000	Grey Cat/category/Салаты/Хрустящий_Баклажан.jpeg	t	74	\N	9	\N	t	GreyCat/category/Салат/Хрустящий_Баклажан_ZwQPvEN.jpeg
559	2025-05-25 17:24:36.404034+00	2025-05-30 15:02:07.930299+00	Салат 1984	Tovuq go'shti, tuzlangan bodring, krieshki, indeyka, mayonez, makajo'xori! Куриное филе, маринованые огурцы, индейка, маёнез, криешки	49900	GreyCat/category/Салаты/Салат_1984.jpeg	t	74	\N	9	\N	t	GreyCat/category/Салат/Салат_1984_QY2RsUa.jpeg
570	2025-06-28 09:51:47.690044+00	2025-06-28 09:57:52.482468+00	Лаваш с Сыром	\N	43400	GreyCat/category/Лаваш/Лаваш_с_Сыром.jpeg	t	97	\N	9	\N	t	GreyCat/category/Лаваш/Лаваш_с_Сыром_CDX4715.jpeg
560	2025-05-25 17:24:46.067698+00	2025-05-30 15:04:08.463387+00	Салат Шарк	Bolgar qalampiri, mol go'shti, bodring, pomidor, maxsus sous! Болгарский перец, говядина, помидор, огурцы, спец соус!	49900	GreyCat/category/Салаты/Салат_Шарк.jpeg	t	74	\N	9	\N	t	GreyCat/category/Салат/Салат_Шарк_7rwe1vI.jpeg
543	2025-05-20 17:49:57.007939+00	2025-05-31 17:45:06.380531+00	Set  Nonushta 2 Чел	2 английский завтрак или шакшука\n1 сок вико или фирменный чай\nблинчики по 2шт	99900	GreyCat/category/Сетлар/Set__Nonushta_2_Чел.jpeg	t	90	\N	9	\N	t	GreyCat/category/Сетлар/Set__Nonushta_2_Чел_a1AiJiV.jpeg
545	2025-05-20 17:50:17.892603+00	2025-05-31 17:45:50.807248+00	Set  Oilaviy 4 Чел	2 пицца большая (альфредо или комбо)\n1 салат цезарь\n1 салат хрустящий баклажан\n2 фри + кетчуп\n1 кола 1.5л	279900	GreyCat/category/Сетлар/Set__Oilaviy_4_Чел.jpeg	t	90	\N	9	\N	t	GreyCat/category/Сетлар/Set__Oilaviy_4_Чел_7ff26M2.jpeg
573	2025-06-28 09:54:58.061857+00	2025-06-28 10:01:01.416886+00	Донар Greycat	\N	41990	GreyCat/category/Донар/Донар_Greycat.jpeg	t	98	\N	9	\N	t	GreyCat/category/Донар/Донар_Greycat_SYBSIlA.jpeg
569	2025-06-02 16:52:26.414459+00	2025-06-02 16:55:46.861865+00	Классик Хот-Дог	\N	19990	GreyCat/category/Хот-Дог/Классик_Хот-Дог.jpeg	t	94	\N	9	\N	t	GreyCat/category/Хот-Дог/Классик_Хот-Дог_ds8T6dv.jpeg
\.


--
-- Data for Name: menu_app_promo; Type: TABLE DATA; Schema: public; Owner: aurora
--

COPY public.menu_app_promo (id, created_time, update_time, name, description, photo, price, is_active, created_by_id, restaurant_id, update_by_id) FROM stdin;
1076	2024-06-08 05:27:02.705848+00	2024-06-08 07:04:36.250206+00	Комбо набор	бургер,\r\nфри\r\nкола разливная,\r\nсоус барбекю,\r\nсоус чесночный	Craft Burger/promo/Комбо набор/Комбо_набор.jpeg	40000	t	5	5	5
1094	2025-01-31 09:57:06.593552+00	2025-01-31 09:57:11.86504+00	Сеть Халява-1	Кафе Бон Бон предлагает  вам сеть ХАЛЯВА Бургер с куриным котлетам, картофель по-деревенски, соус чесночный, кола 0,33,	Bon Bon/promo/Сеть Халява-1/Сеть_Халява-1.jpeg	37900	t	7	7	7
1095	2025-01-31 09:58:59.916887+00	2025-01-31 09:59:07.812657+00	Сеть Халява-2	Кафе Бон Бон предлагает  вам сеть ХАЛЯВА. Бургер с говяжьей котлетам, картофель по-деревенски и соус	Bon Bon/promo/Сеть Халява-2/Сеть_Халява-2.jpeg	37900	t	7	7	7
1096	2025-01-31 10:00:48.323484+00	2025-01-31 10:02:09.470108+00	Сеть Халява-3	Кафе Бон Бон предлагает  вам сеть ХАЛЯВА. Лаваш куриный, картофель по-деревенски и соус	Bon Bon/promo/Сеть Халява-3/Сеть_Халява-3.jpeg	37900	t	7	7	7
1097	2025-01-31 10:02:04.966055+00	2025-01-31 10:02:10.991737+00	Сеть Халява-4	Кафе Бон Бон предлагает  вам сеть ХАЛЯВА. Лаваш говяжьей, картофель по-деревенски и соус	Bon Bon/promo/Сеть Халява-4/Сеть_Халява-4.jpeg	37900	t	7	7	7
1072	2024-06-08 04:58:41.245772+00	2025-04-19 18:05:59.120875+00	test	null	Pasta House/promo/test/test_XUztAQ1.jpeg	1234	t	1	1	1
1114	2025-04-19 18:09:24.007748+00	2025-04-19 18:10:05.618278+00	1+1=3	Купи 2 пиццы и получи один в подарок	Pasta House/promo/1+1=3/113.jpeg	70000	f	1	1	1
2	2024-03-06 07:53:19.745204+00	2025-04-29 19:40:05.339933+00	Счастливые часы	В промежуток с 10:00 до 14:00 действует скидка на -50% для категории напитки.	Olivia/promo/Счастливые часы/happy_hour.jpg	50	t	8	3	8
1	2024-03-06 07:51:06.856754+00	2025-04-29 19:40:15.05262+00	1+1	Купи две Пиццы и получи один в подарок.	Olivia/promo/1+1=3/пицца.jpg	99000	t	8	3	8
1115	2025-04-24 04:39:34.384134+00	2025-05-03 05:30:35.22346+00	Счастливые часы	Кофе до 12:00 по цене 10 000 UZS	Olivia/promo/Счастливые часы/Счастливые_часы.jpeg	10000	t	8	3	8
\.


--
-- Data for Name: menu_app_restaurant; Type: TABLE DATA; Schema: public; Owner: aurora
--

COPY public.menu_app_restaurant (id, created_time, update_time, name, address, background_photo, logo, created_by_id, update_by_id, user_id, instagram_link, is_active, telegram_link, availability_orders, orders_chat_id, waiter_chat_id) FROM stdin;
5	2024-05-30 16:30:16.080494+00	2025-03-07 19:39:56.833659+00	Craft Burger	Islam Karimov street	Craft Burger/backgroud/f177da90b67a130e579dda84c7adec4a.jpg	Craft Burger/logo/IMG_3706.JPG	1	1	\N	https://www.instagram.com/craftburger.uz?igsh=bmM3ZHpob3EwYXY4	t	https://t.me/craftcafebukhara	f	\N	\N
4	2024-04-08 05:54:36.388636+00	2025-04-19 17:56:39.843247+00	Joy Chaikhana	Old City	Joy Chaikhana/backgroud/test3_weIvq5m.jpeg	Joy Chaikhana/logo/bordered_logo.jpg	1	1	\N	\N	t	\N	f	\N	\N
9	2025-04-24 09:45:14.184036+00	2025-05-06 08:49:39.838191+00	GreyCat	-	Grey Cat/backgroud/IMG_0383.JPG	Grey Cat/logo/GRAYCAT_PIZZA_ORIGINAL_LOGO_page-0001.jpg	8	8	9	-	t	-	f	-1002506592347	-1002506592347
6	2024-06-25 13:56:47.481413+00	2025-05-06 08:49:57.671461+00	The Plov	Ibn Sino	The Plov/backgroud/Restoran_na_kryshe.jpg	The Plov/logo/images.jfif	1	1	6	https://www.instagram.com/the_plov_bukhara/	f	#	f	-1	-1
7	2024-12-29 13:48:10.029839+00	2025-05-26 09:22:46.30685+00	Bon Bon	-	Bon Bon/backgroud/IMAGE_2025-01-13_14_43_19-5qfnD4WiG-transformed.jpeg	Bon Bon/logo/Pica-enhance-20250202115843.jpg	1	1	16	-	t	-	t	-1002514639889	-1002514639889
1	2024-03-04 12:59:26.233258+00	2025-06-12 18:21:00.913755+00	Pasta House	The Tukimachi street	Pasta House/backgroud/e45b4cc7b37cedb4a7df031f7ac8b5d1-1100x825_1.jpeg	Pasta House/logo/2024-03-04_12.28.47.jpg	1	1	2	\N	f	\N	t	-974972939	-974972939
3	2024-03-04 19:40:17.532091+00	2025-06-12 18:21:09.362692+00	Olivia	USA California	Olivia/backgroud/Restoran_na_kryshe.jpg	Olivia/logo/0889x24izl.webp	2	2	8	https://www.google.com/	f	12	t	-974972939	-974972939
\.


--
-- Data for Name: users_user; Type: TABLE DATA; Schema: public; Owner: aurora
--

COPY public.users_user (id, password, last_login, is_superuser, first_name, last_name, email, phone, telegram_id, user_registered_at, is_active, is_staff, is_user, is_vendor, avatar) FROM stdin;
5	pbkdf2_sha256$600000$aErlI4Pui7cQkTN8C72KBH$G+OkgEW/xx18aHXfNvYVXdBXqeX6bVL+hNyYqs7AHI0=	\N	f	Тестовый	Тестовый	asiya2024@gmail.com	+998934732222	\N	2025-04-19 17:58:03.324136+00	t	f	t	f	
17	pbkdf2_sha256$600000$cgSe6gsmSDv9auv02Q012p$tU4LSrcQdxBcz8NzaWvGUUiTLMFFusfqlKAMoIRMwic=	\N	f	Vokhidova	Mokhichekhra	mohichehrahusniddinovna@gmail.com	+998945113118	\N	2025-05-04 08:58:36.668261+00	t	f	t	f	
6	pbkdf2_sha256$600000$JlWhGzAjWHBkl4aVtRSfoi$PmPgcmMJU7gSPfJXUjKimjLlOtA2dPr2ako6m71YQRM=	\N	f	test	test	test@gmail.com	+998934443322	\N	2025-04-19 18:55:26.05873+00	t	f	t	f	
7	pbkdf2_sha256$600000$TNKtzIBcjkDK1LotxCcWy8$t1Bw8r8omzwrkJT/e2k1vQASqBi5pXLH3RhkCZtFJrY=	\N	f	Мирзо	Гулямов	dsawed@gmail.com	+998936225451	\N	2025-04-20 15:58:11.367043+00	t	f	t	f	
2	pbkdf2_sha256$600000$kU61YZNliwip1ETfhzabX3$UwVmWL/l60TwNUIVXfQcH8hoKoy/nYwxg6hshAc6H90=	\N	t	Gulyamov	Mirzogulyam	gulyamov640@gmail.com	+998934733223	\N	2025-03-07 20:48:07.361246+00	t	t	t	t	media/2025-04-21_02.41.10_09C9utb.jpg
18	pbkdf2_sha256$600000$bdjiTHeuTBkdeKulDsvIUn$FzwjjtqM+lx38t1r+yCbAG0vgaaAEJJVYEKTiaZkrBs=	\N	f	Madina	Shukurova	shukurova11.05madina@icloud.com	+998939606727	\N	2025-05-05 08:41:43.652393+00	t	f	t	f	
25	pbkdf2_sha256$600000$YjFFtOB1kgAbXjG9h7pQ0Y$ZwEoGQz01nIp/b7Ug5tlu+x7yU9/cOfkzyJT9JZ4V74=	\N	f	Saidov	Saidov	gayrat_saidov2006@mail.ru	+998997080220	\N	2025-05-22 07:31:52.931128+00	t	f	t	f	
8	pbkdf2_sha256$600000$d23bQ9Inh5wrKr504IvwLL$SpOOTXJJzNkfPyaaNlUok3hu16gG6icTu0rYs6ni7Zk=	\N	f	Gulyamov	Mirzosobir	gulyamov@gmail.com	+998936225462	\N	2025-04-21 18:15:35.403862+00	t	t	t	t	media/obeziana_zhivotnoe_vzgliad_219830_800x600.jpg
9	pbkdf2_sha256$600000$qqeRQV7OGie2YjUzOPXQuJ$vJfGoEGaIbyk/LFD4DiVeCw1LFjK2jgmI40QE1Ojkoc=	\N	f	Nurillo	Ziyodilloyev (Grey Cat)	greycat@gmail.com	+998910820504	1	2025-04-24 09:39:32.882192+00	t	f	t	t	media/7718888.png
10	pbkdf2_sha256$600000$amlzDHa1Ofbk2D0DNFwsMM$J51ebmvOu9JzU14lgwuc7P5HVu7H1spzNkVNCLqK3UQ=	\N	f	Аслидин	Савриев	Asli12393@mail.ru	+998937048789	\N	2025-04-26 10:21:39.519572+00	t	f	t	f	
19	pbkdf2_sha256$600000$EwiV2BFLNiyPCHo7iRUeRf$8Mw5BD1elz54NWZqHzgwJZGq4KerlZojcsYgE1G4y4U=	\N	f	Oybarchin	Kamolova	oybarchinkamolova1706@gmail.com	+998914112072	\N	2025-05-10 15:10:31.668571+00	t	f	t	f	
11	pbkdf2_sha256$600000$RLdQPN6z21oDWesE1riSmy$wS7Qwp9LKc0rzj4pnWUF6+9tY8PYbgzYD0ilqs6A2P0=	\N	f	Лазиз	Жураев	lazizjuraev1902@gmail.com	+998914424999	\N	2025-04-27 13:30:28.712354+00	t	f	t	f	
26	pbkdf2_sha256$600000$L6G03GqUnivou3lw9klr0t$XUd9ZweJTCm/fdIf/trSIGtaKrmaFQNXMVX5YK3Sw0k=	\N	f	Murod	kxamroev	murodkhamroev2905@gmail.com	+998932082905	\N	2025-05-22 14:44:44.32762+00	t	f	t	f	
12	pbkdf2_sha256$600000$aQT6vNbpZ2E3QMU9GYj7e3$Y9+FYzlNtR+jd/k9e/r18s7a8SABUpMkyu93n4PXzkg=	\N	f	Аслидин	Савриев	asli12393@mail.ru	+998336198789	\N	2025-04-27 18:26:02.631392+00	t	f	t	f	
13	pbkdf2_sha256$600000$PkR58dLhnPgLYajFr9h8Rl$lfsaaxvkTMKNAIibrSFvTq0NSZt42qCHC9tm5AezBrU=	\N	f	G’aybullo	Ubaydullayev	djamalova92@inbox.ru	+998936849993	\N	2025-04-29 17:49:42.798119+00	t	f	t	f	
14	pbkdf2_sha256$600000$Xyy3O222XShNBEcUSL5Bha$2uJ0erX3WoK1O+8bK88dWpT0oAe3VZQWX8ZOHNEQYAM=	\N	f	Зебинисо	Камбарова	zebinisokambarova@mail.ru	+998918446446	\N	2025-04-30 04:42:42.068761+00	t	f	t	f	
15	pbkdf2_sha256$600000$ZpjVk7mSkrU0Fkml4XM3fD$65emgcgvNYFWK6dPyQ9H+vUpY0syPH77NyfDd4i4IRw=	\N	f	Madina	karimova	zelimxon1001@gmail.com	+998500157801	\N	2025-05-01 22:33:18.836271+00	t	f	t	f	
27	pbkdf2_sha256$600000$cfg93HwpdLJvifQLndgAh0$MsDk8JFbYF71/eyP/zhbUzGY239BNugOae6JJj/hkP4=	\N	f	Донохон	Шамсиддиновп	donoxonshamsiddinova2007@gmail.com	+998992457772	\N	2025-05-23 08:44:15.442009+00	t	f	t	f	
16	pbkdf2_sha256$600000$YkhsNnR1ZuDRwwXnwh6o86$vTK20YSU2vkUovYR8shHtecT8ykJIH5O9bWAnlOKq70=	\N	f	Хайрулла	Сафаров	bon-bon@mail.ru	+998945159339	\N	2025-05-02 06:46:23.151163+00	t	f	t	t	media/vapros.png
20	pbkdf2_sha256$600000$3LeKcI7hQc3tHPn7fqjPIz$LDHAagZxJ48KcY/2vB4j79srQHu503EOrzqJytnakDc=	\N	f	Mirjon	Majidov	marjonamajidova35@gmail.com	+998998945433	\N	2025-05-12 11:34:34.97892+00	t	f	t	f	
21	pbkdf2_sha256$600000$qlu0fgqyySfQoPu41BZrFO$tb6R1b55sa87zrmNAVM/EW5XOdnbY1qkOSuEOor0CQs=	\N	f	Shohruh	Dehqonov	shohruh901288870@gmail.com	+998901288870	\N	2025-05-13 15:14:11.310707+00	t	f	t	f	
22	pbkdf2_sha256$600000$BRZTIsPRa05N6z6vZUZvHF$PfjNzYxPE2IJ5VuXjDHrjLumd1J8FW3qHYVabSABT+E=	\N	f	Azizbek	Oripov	yuldasheva.gulbaxor@icloud.com	+998914004890	\N	2025-05-17 11:31:49.12386+00	t	f	t	f	
23	pbkdf2_sha256$600000$cXpbIQGCD6Luhy7BuuLNvJ$1KUbH6jvoKYkkzTnic/h5Ws0OM861erTN43HiZMVZ/k=	\N	f	Мукаддас	Каримова	kmukaddas419@gmail.com	+998914477385	\N	2025-05-20 05:34:44.996019+00	t	f	t	f	
24	pbkdf2_sha256$600000$47lZodUfGmHspoEqcTIxSE$2TfM4wULaC3EnJGkro/NeptSg4ISLp06g5iMqRH9PKc=	\N	f	Salomat	Ergasheva	salomat1331@gmail.com	+998914136979	\N	2025-05-21 07:14:34.172348+00	t	f	t	f	
28	pbkdf2_sha256$600000$PdNn4fQkrbXlTcEFvNWMC5$2Tw1RqtQQPp4m9QFfc8DfiEGn9QxWI/dMA+WrDJmX10=	\N	f	Jasmina	Saidova	kibriyoyevaj@gmail.com	+998912429994	\N	2025-05-23 13:34:56.695057+00	t	f	t	f	
29	pbkdf2_sha256$600000$pePeofWGPcbE2CW5fkAHzR$XQ+oIy0/o0fTyV46IFKfNmTREaoJm67efISWysWn69s=	\N	f	Сухроб	Саттаров	famous0697@gmail.com	+998940000697	\N	2025-05-25 15:07:58.245406+00	t	f	t	f	
30	pbkdf2_sha256$600000$mFKw0NY70cWIYtwyta8Fdd$PMXGiX4Ec+RwpQus7pIi+KAqiAk3koaGTzgWDgQKJQ4=	\N	f	Зарина	Рахимова	raximova97zarina@gmail.com	+998997731513	\N	2025-05-26 05:06:17.607993+00	t	f	t	f	
31	pbkdf2_sha256$600000$1cnACAnKBjpM7yJs6EmRRk$DlAjcfGFRlDo5lo7wbyD4WRnsGGRYiUau46h9lCWxWo=	\N	f	Umid	Bomurotov	aimp@gmail.com	+998901234567	\N	2025-05-26 09:18:21.824339+00	t	f	t	f	
33	pbkdf2_sha256$600000$dQMWEuzsalNylmtBUcvRww$YujSsQYwCo+zUdWTyr6gdGMCJ/s3/MoU5VetNDNNAXM=	\N	f	Nora	Sha	shnora439@gmail.com	+998903402600	\N	2025-05-26 13:12:33.426566+00	t	f	t	f	
1	pbkdf2_sha256$600000$dEbJNc1efKOiP8o7tuYi2c$MsVD9H7e4UJJ7opNo++5fWz6xZBc0hcVOqv4hIam/yk=	2025-06-24 10:03:49.777628+00	t	Cucumber	Admin	admin@gmail.com	+998881836222	123456789	2025-03-07 19:34:18.027131+00	t	t	t	t	media/2025-04-21_02.41.10.jpg
32	pbkdf2_sha256$600000$GhWdZViSY6mkMuYCcLIYqz$0aD+VsojXVjsHJgUTBnABx5Z9ygXNDEYgy1a1ob0V70=	\N	f	Medina	Aminova	aminovedina777@gmail.com	+998935623633	\N	2025-05-26 13:03:56.591636+00	t	f	t	f	
34	pbkdf2_sha256$600000$018JlLIvYXb9Y0VcOemdtM$RlEUAcNVjzB73PRtKu1sEpijF4BOaamqcpSBAyeMDzI=	\N	f	Муниса	Асланова	munisaaslanova19@gmail.com	+998904160115	\N	2025-05-26 17:05:25.342721+00	t	f	t	f	
35	pbkdf2_sha256$600000$WMqBGLOm6WYmqGZd9MLvzL$jKHoD0IVu6yZN3a8omv298vHhHnk6dz5eV2/D30WzTo=	\N	f	Ismigul	Ismatova	ismatovaismigul71@gmail.com	+998919240054	\N	2025-05-26 17:14:16.384818+00	t	f	t	f	
36	pbkdf2_sha256$600000$p2REYXIWLwkupft0l0vxUo$xScqm70/TffPGXbMTm/IEPhjtWeMeYE9kDZQ/E+UlVU=	\N	f	Erkin	Tadjimuratov	e6855586@yandex.ru	+998906525252	\N	2025-05-27 16:32:04.225909+00	t	f	t	f	
37	pbkdf2_sha256$600000$bHwpL245mSINiIEoEGIU1s$OzDR98+6DOv1TEkY7v9roDH6H1nkjv2H5jswW/RUcc0=	\N	f	Aziza	Giyasova	azizagiyasova9@mail.ru	+998913129540	\N	2025-05-28 05:08:46.551297+00	t	f	t	f	
38	pbkdf2_sha256$600000$qjXBLL9vEWJ3UoXUt1U3oy$41km+R3/dy0pjwZmlSI0acSK7focVpHOQB6F+fkXgEo=	\N	f	Komila	Jamshidovna	komila10102002@gmail.com	+998991067234	\N	2025-05-28 05:14:18.84495+00	t	f	t	f	
39	pbkdf2_sha256$600000$wmFUP0SdXLHC7L5NvE4XJP$Ou4hwqE8TTuL99coCKJHLQcQuwfcQajUDNFUeyqaqVQ=	\N	f	Mirfayz	Xolikov	xolikovmirfayz11@gmail.com	+998934711703	\N	2025-05-28 06:46:40.066771+00	t	f	t	f	
40	pbkdf2_sha256$600000$sfGEzZtp3mpUO4krVGnb36$T1Saw9GUeSypRBhTCsfHyTjgmIGSBsKEmKonu/L0B34=	\N	f	nigora	dhhdjd	ndjjddj@gmail.com	+998914020016	\N	2025-05-28 06:49:29.127809+00	t	f	t	f	
41	pbkdf2_sha256$600000$76YNFNpfuEEbutlmIdIRyd$hcfhKQ/P6QBrRa7wU9Ns8Vx9lP0MgPvyjyHsVovdGNo=	\N	f	Joramurotova	Jasmina	joramurotovajasmina8@gmail.com	+998912437072	\N	2025-05-30 05:13:33.60623+00	t	f	t	f	
42	pbkdf2_sha256$600000$U1OMRbYN4mDj16vVyAG5Ho$YLvBgYAPypVmpHH8rPv9T7wvr+3RzR2Mnqk3yMvJhQs=	\N	f	HAN	LONGFEI	1589080745@qq.com	+998946554342	\N	2025-05-30 07:41:12.308296+00	t	f	t	f	
43	pbkdf2_sha256$600000$2bg4FFqyA2WkkPfjZDCcNi$AWVyCcmdwhJVBsTAWod4EpvIMNAQfWpwKh9QWVh526M=	\N	f	Mirzayeva	Sabinabonu	sabinaakmal9110@gmail.com	+998913117131	\N	2025-05-30 09:10:15.415001+00	t	f	t	f	
44	pbkdf2_sha256$600000$MGwMEgEXiNL9Liqznx4ahA$5WANXma1qvRJdZl36RwA6aADxoNnlsXvU4kWW6xvPlQ=	\N	f	Нигора	Кабилова	n30864772@gmail.com	+998507972772	\N	2025-05-30 13:34:37.951457+00	t	f	t	f	
45	pbkdf2_sha256$600000$bQlNAazbM96EyGcyaVUQE0$OKxH6MODNyvydSSUPvfjFBJeJfYois3Nrd48CE9FA8w=	\N	f	Umidjon	Aminov	aminovumidjon888@gmail.com	+998942433200	\N	2025-05-30 13:43:11.321877+00	t	f	t	f	
46	pbkdf2_sha256$600000$sG4Tsok479pAv4ti1i0AKJ$+XIRSV8lB8PupsbuqEHDW6RmL/yIX3TeTW2VLHKseKA=	\N	f	Дильшод	Хабибуллаев	xacker.kod.dilshod@gmail.com	+998936896055	\N	2025-05-31 08:11:31.799481+00	t	f	t	f	
47	pbkdf2_sha256$600000$Ff4oNbKqBxeWtrfIaWWHJx$gGxMuaBXtHrpbKBz2qcYZS+bMNX3bqU9oGcvhSEpy7I=	\N	f	Jahongir	Raximov	jonikraximov07@gmail.com	+998947876565	\N	2025-05-31 08:23:07.754958+00	t	f	t	f	
48	pbkdf2_sha256$600000$dFE1TRUATh4kpBOhF2W4ob$kco1f0FT/JxOkuKNZO0dLLXHdcMqQNPJpVsR8Zq7DSA=	\N	f	Doniyor	Baxtiyorov	doniyor.001@gmail.com	+998936883233	\N	2025-06-01 08:14:25.091002+00	t	f	t	f	
49	pbkdf2_sha256$600000$5XKCvH4TySulcOO7clAxsF$0jHD0cAS4lw4Q5/aGkniIMrusul+LZ8gKvxdIM7HW+Y=	\N	f	Oybekjon	Shodiyev	shodiyevoybekjon199927@gmail.com	+998931575088	\N	2025-06-01 14:25:27.022523+00	t	f	t	f	
50	pbkdf2_sha256$600000$nx26w09k2VaWi7LKe6V4Y1$yRZzcQdSW4vYMq72iQm4f2CAH5aDgswLLazTXerDnKI=	\N	f	Dildora	Sidikova	sidikova.20.01@icloud.com	+998914100653	\N	2025-06-01 16:43:34.757215+00	t	f	t	f	
51	pbkdf2_sha256$600000$Xu7H36pze9OA20nUtwdrX5$Gf2kOHLX1U5AVtHfCUDCllClghCrEKq8SQN/zvxMR5A=	\N	f	Севара	Ибодова	ibodova01@gmail.com	+998997033540	\N	2025-06-02 08:02:57.685246+00	t	f	t	f	
52	pbkdf2_sha256$600000$OTyddqDD2VN96J1G4DnoHQ$gWHS2gARl/1PT9py71d3joXCK2HgOB+LzDYEHpY/rq0=	\N	f	Husen	Jurayev	husenjurayev7777@gmail.com	+998953317997	\N	2025-06-03 08:34:19.732668+00	t	f	t	f	
53	pbkdf2_sha256$600000$IBohspePLEPNnHFmsACBpg$BAayGzJFhYEOeQzGfBC3Pn2FhS67ESmEjaRnKbCm5Nk=	\N	f	Миран	Ниматов	sabrinaxikmatova028@gmail.com	+998997442702	\N	2025-06-03 13:28:25.659528+00	t	f	t	f	
54	pbkdf2_sha256$600000$W3NypeMfy5yMzxluboBE8S$OGXjwpqVv9hTwEo21PU+zPz9Ak8RNRGdzBNOcG825dg=	\N	f	dilbar	ergasheva	ikromova.001@icloud.com	+998947742913	\N	2025-06-03 17:18:21.911322+00	t	f	t	f	
55	pbkdf2_sha256$600000$uvZRCQ5ClCfKPWvXMvds36$OixV1W3n+V9EU3EE6uoovgaDYkjc+k5TEJO767txj/k=	\N	f	Bexa	Nematov	bexruzsulik@gmail.com	+998914430010	\N	2025-06-03 19:05:32.102482+00	t	f	t	f	
56	pbkdf2_sha256$600000$7XhNT53HplEyfhTOzzuqAk$/3jmRPAk2HkkgFxONH4EJcVSHpFglwVqR2CWtbIDQo8=	\N	f	Shaxnoza	Shadiyeva	shennu9988@mail.ru	+998936859988	\N	2025-06-04 08:32:29.417172+00	t	f	t	f	
57	pbkdf2_sha256$600000$m3DG8zcDitC79P4NmCKEwl$mgnrvripov5moDx6Z1yhIHhvUx/etPO8JZXiH0bX5Oc=	\N	f	Амаль	Рашидов	Amalrasidov073@gmail.com	+998936831169	\N	2025-06-04 10:16:03.192212+00	t	f	t	f	
58	pbkdf2_sha256$600000$lmcN3k44WJVB9Gg56zRqGx$slMRit64sdhjPo/xZYEHcih7kJtcsPwTTo9QnpiaeRg=	\N	f	Vazira	Xasanova	xvazira@icloud.com	+998914143929	\N	2025-06-04 10:25:53.651798+00	t	f	t	f	
59	pbkdf2_sha256$600000$qL3tnsnezSGfGZ5o0ZIhBD$Rgp3sLOhb0CI2i4WoMiLENCuw1u/zGvMhJLrfP85vcc=	\N	f	Ферангиз	Мухаммадова	ferangizmuxammadova2000@gmail.com	+998904124440	\N	2025-06-04 17:54:51.164873+00	t	f	t	f	
60	pbkdf2_sha256$600000$jjP2hUZzY3yYNXIuK3A8sb$EVDnEfN8n4mNapeN5abQFMj1KTbPvGoahCzyE8RgAVc=	\N	f	Марварид	Насирова	marvarid.nosirova@mail.ru	+998998768857	\N	2025-06-05 05:45:45.169465+00	t	f	t	f	
61	pbkdf2_sha256$600000$ynnT89bJnjYe3CsxA5bRKq$r12eiG8qgYEC6M9963doOn9PwWDaQCerGxJQhycYk1Q=	\N	f	Shaxrizoda	Ibrohimova	s08051032@gmail.com	+998919794858	\N	2025-06-05 10:17:18.564675+00	t	f	t	f	
62	pbkdf2_sha256$600000$yjhsBLx95wRW8eAYVvJT2C$0vlU8PV4NZ+vQpBgT4N8oTbkXhsFtvfJpS1ZLzQKlwo=	\N	f	Rayhona	Mubinova	rayxonamubinova@gmail.com	+998918300504	\N	2025-06-05 15:39:25.816006+00	t	f	t	f	
63	pbkdf2_sha256$600000$9apHAUhQMfrnQCcqhEWbzK$hhge4mtbSHFyvO1a93MGiK9ls3Ectk426Vm/JTZv6rk=	\N	f	Мирзо	Жумаев	zhumaev.mirzo@icloud.com	+998947122327	\N	2025-06-05 16:19:16.432155+00	t	f	t	f	
64	pbkdf2_sha256$600000$bHATxei0Cqz0bQiUcJ58VR$yyo/wC+nY0P5q7FxIUbP3Qm7T3/Z2H4n2wB/vMFEKs8=	\N	f	Nodira	Teshayeva	noditeshaevq@gmail.com	+998937040018	\N	2025-06-05 17:17:36.834913+00	t	f	t	f	
65	pbkdf2_sha256$600000$imXjdVHGQ3DfuBEvNtGvtY$PxBWoJwtNCNX19+E9FWbcKBMuMy+ETMLv9dPAPm/97o=	\N	f	Мария	Мурадова	viva-muradova@mail.ru	+998919266996	\N	2025-06-06 14:50:23.259733+00	t	f	t	f	
66	pbkdf2_sha256$600000$b9J0Eiact1uTjLkVg3agQE$XHrxSqAaT2NEoxKKWi3mRZpXduooU0qZn7c+YkNqpU8=	\N	f	Мирзо-Юсуф	Сулейманов	yusuf4011991@gmail.com	+998972800000	\N	2025-06-07 17:18:10.827531+00	t	f	t	f	
67	pbkdf2_sha256$600000$cHPIcXxHC9D2N9Ja61r7eX$wSeEl0KIiPYYNxv1hsBt7KwOWwGYjPHGYJkvItgOolQ=	\N	f	Iroda	Hojiyeva	irodaxojiyeva930@gmail.com	+998918262121	\N	2025-06-08 08:14:47.169887+00	t	f	t	f	
68	pbkdf2_sha256$600000$Iot5mpplFWuLeNYVCrHyIZ$++jDX+Ub7wUuvhiTU60uOuPSL+ccnsNzt2TSecEN+xA=	\N	f	Azimaabdulloyeva	Abdulloyeva	azimaabdulloyeva@gmail.com	+998904138840	\N	2025-06-08 09:34:16.358584+00	t	f	t	f	
69	pbkdf2_sha256$600000$SjOU7OCtxDamWMNn1FsDcv$NIvY8FwDZENsQb0uinQZSW7Yjd/9oknVX46maXIaitE=	\N	f	Alisher	Akmaliv	alisherakmalov0@gmail.com	+998936816867	\N	2025-06-09 07:33:58.92626+00	t	f	t	f	
70	pbkdf2_sha256$600000$6CareI9oiD7nHmWNOLXVmr$E5f6WR7feEMLzzGXD7sCd/VdV8/GC+wfCMWY4iC7SjU=	\N	f	Shavkatbek	Ruzibekov	ruzibekov44@gmail.com	+998914099244	\N	2025-06-10 08:37:32.944873+00	t	f	t	f	
71	pbkdf2_sha256$600000$FvZzvV74A6y48PaisF6tW9$kVv1gtHjIYUoSmdlH33C4iSEfZ82cEbAsDmVHI75CI4=	\N	f	Guli	Sobirova	gulyasabirova77@gmail.com	+998918250161	\N	2025-06-10 12:17:16.151707+00	t	f	t	f	
72	pbkdf2_sha256$600000$ArvIgC3gyq1IBRjoOpNyuq$HxN3XjHgxxUZsh1i6/5zhD07Fq0IdA+JD1Igxidaea8=	\N	f	Нодир	Ахмедов	nodirbekaxmed746@gmail.com	+998914446688	\N	2025-06-10 16:01:14.940576+00	t	f	t	f	
73	pbkdf2_sha256$600000$sqDxIZuY2j6P3R9AbV196x$e7Sb/eCaG4rHbc0W7Dwn+2li4Ju3vNIFyZhSMBRulOg=	\N	f	Dilshod	Umarov	atoiy95uz@gmail.com	+998909585444	\N	2025-06-10 18:59:23.116513+00	t	f	t	f	
74	pbkdf2_sha256$600000$zW54rri1D2VTUGAHvpnuBp$U76hPxSfYzbyZtD1nR/At0V3FSOX85TYi1cPFxmZU4k=	\N	f	Amir	Alimdjanov	alimdjanov22@gmail.com	+998918330444	\N	2025-06-12 05:49:18.912743+00	t	f	t	f	
75	pbkdf2_sha256$600000$LTRqCn4oIFpgbI0ykEmuwK$Za3RcukvVeQAqhDZ4k83LkmeB4IdD2VSDGuIJkRyQ84=	\N	f	Baxtiyor	Mamurov	baxtiyormamurov485@gmail.com	+998931389199	\N	2025-06-12 06:41:47.029954+00	t	f	t	f	
76	pbkdf2_sha256$600000$0AZu2MznslzTsZbFVU3yp7$ren6554SvokuallkGaANIu2d5LV5gQILCs4TegW/UUY=	\N	f	Muxammad	Burxonov	goodprogram989@gmail.com	+998936543443	\N	2025-06-12 07:12:58.534315+00	t	f	t	f	
77	pbkdf2_sha256$600000$KqD6wJarKdS1cBTMdTIDvA$nF5+3ZZgJsyyxZnDbp+/2NHcG1xFfQbg2uftlDVasVk=	\N	f	FFYZULLAYEVA	DILNOZA	nasrullayev1992@list.ru	+998906111030	\N	2025-06-12 07:31:17.492569+00	t	f	t	f	
78	pbkdf2_sha256$600000$xYxahQ3YiIO6WEyZwcqC8y$D/Q/fWE4yKJPjNc2Xkjl4W4aQiiHwtJBlOd7F8e2dKk=	\N	f	Шахзода	Файзуллаева	seasonwinter015@gmail.com	+998936200557	\N	2025-06-12 11:22:34.856532+00	t	f	t	f	
79	pbkdf2_sha256$600000$oTNEE9esXxabtF1bNTYrti$J7im2b7UZ741jA6fmDsRYl7vnj+11Gm34A2Hi1HB4mg=	\N	f	Ахтам	Халиков	akhtam.khalikov232@gmail.com	+998914157667	\N	2025-06-13 06:34:26.901096+00	t	f	t	f	
80	pbkdf2_sha256$600000$lc4cg6rWxmEDNHOwoUy3IO$J6rXSlBKwE18VoCU7TZ+ZnuMbACuUO+i1j1g8b5VL3k=	\N	f	Sitora	Babaeva	mahmudov2019m@icloud.com	+998903394848	\N	2025-06-13 14:06:03.243951+00	t	f	t	f	
81	pbkdf2_sha256$600000$YhuLYnDQFRfQn5vjGeRmP9$vAt66zEERNPXYtwq0R6VnGP7wumhI8a3WHV2g6u5b0k=	\N	f	Сабина	Толибова	sabensabeen@gmail.com	+998934700441	\N	2025-06-13 14:15:56.689219+00	t	f	t	f	
82	pbkdf2_sha256$600000$8FvDfpG8kBE8nsdSRxFGGs$iMNP7x0fryU9GP0IU8lUaYchsHtJ6PXKnbHAMDi0umM=	\N	f	Шерали	Исматов	sherali.ismatov.98@mail.ru	+998977983938	\N	2025-06-13 16:56:47.980649+00	t	f	t	f	
83	pbkdf2_sha256$600000$RAZZ8qxOaq8pbNGy1RnOBt$5RBljFHPhPQKgdZz/JloyxENGNHSuKSePGT8rdYZKLs=	\N	f	Surayyo	Juraeva	surayyodjuraeva97@gmail.com	+998904150234	\N	2025-06-14 08:24:58.782303+00	t	f	t	f	
84	pbkdf2_sha256$600000$uwLAHOlynlb4OAp0RUjk7s$zThAn8Cxhdcjz9/Asv14s9P1Nh7in9vQvYWALuD18sA=	\N	f	Olim	Istamov	istamiy@gmail.com	+998902980297	\N	2025-06-14 09:21:46.334829+00	t	f	t	f	
85	pbkdf2_sha256$600000$iXeleCgbbd2mhe8EqLJSh9$hkjGg1u+YJh6s0x/bao/t00JWjrfb4a5yuHwFXhPAMI=	\N	f	Ильхом	Расулов	ilxom403@inbox.ru	+998910220019	\N	2025-06-14 14:36:24.758944+00	t	f	t	f	
86	pbkdf2_sha256$600000$ci801b2KYJGtvaP0X4VY24$Q3+nV4EBXRBYUHZsA3zKIuZH5hheXwnh9op0dnOEEQA=	\N	f	Kamron	Xusniddinov	Kamronxusniddinovkamron48@gmail.com	+998914099414	\N	2025-06-14 16:37:08.413665+00	t	f	t	f	
87	pbkdf2_sha256$600000$fwL0FOqDHq2eA8bQWOAxac$TTOe2IRwrdL91Hn5FvhuDYjv6O61DDR1LSXr7uIlg7M=	\N	f	Rustam	Eshonqulov	rustam.medik95@gmail.com	+998902990936	\N	2025-06-14 18:00:44.282777+00	t	f	t	f	
88	pbkdf2_sha256$600000$kUbiCrwtkZhKBSSBqOjtK5$qGDVx1T/H+dwWVEWCZgye3/6DsZcVwoKkuCYZNhQOYM=	\N	f	Zahiriddin	Mehriddinov	muqimovadilorom@gmail.com	+998918308877	\N	2025-06-15 07:07:13.931809+00	t	f	t	f	
89	pbkdf2_sha256$600000$1BRf9tBqddwEPgwYmLQoPf$mr1RE8IeTa2jZlUDyCPAPZIeSKob51vh2ci4J06AcmU=	\N	f	Сабрина	Рашидова	rasidovasabrina09@gmail.com	+998904040877	\N	2025-06-15 08:32:41.837534+00	t	f	t	f	
90	pbkdf2_sha256$600000$64SG8ObOieEH41HlbK3jJ1$9qywht206gwPjm9PpXF2WN4sZHT90mwB8SWDhFFwtnE=	\N	f	Иброхим	Сафаров	ibrohimsafarov3570@gmail.com	+998903580728	\N	2025-06-15 09:29:08.543835+00	t	f	t	f	
91	pbkdf2_sha256$600000$9Qlqcc6MD59NxAM9LpD6H2$nXCBAml1gR+/EuyBmBW+2cgFkMV4poRz2dXq+6C5ZCg=	\N	f	shakhzod	khakimob	khakimovshakhzod@mail.ru	+998902983238	\N	2025-06-15 10:08:51.255756+00	t	f	t	f	
92	pbkdf2_sha256$600000$wabUIVUxT8ipF5RpugBoHV$th2W1qL5kBMOXvMX6Z0OKTRXrH8NBxkr5RoLkskip9E=	\N	f	Xumoyun	Zaripov	zaripovxumoyunmirzo@gmail.com	+998999098989	\N	2025-06-15 10:22:50.856495+00	t	f	t	f	
93	pbkdf2_sha256$600000$uDSEEVSo6efxMDdq5kcGQD$6Qhg/9tAjhgevHaX5ML5BNZxk+9CoRqqNKzzz7XImlM=	\N	f	Шахзод	Кузиев	shaxzodmaksudovich@mail.ru	+998919770799	\N	2025-06-15 11:01:38.509266+00	t	f	t	f	
94	pbkdf2_sha256$600000$sBhTPdoENidzEoK9Jtw60H$j0aMQt3gjUpGVZYprbYU7VmbTgvBA2CXlsDenCo9Dwo=	\N	f	Mashhura	Bozorova	mashhura100290@gmail.com	+998914072600	\N	2025-06-16 12:02:32.976008+00	t	f	t	f	
95	pbkdf2_sha256$600000$FvYvlGXkz3ulIf8w3FX9VH$vFTER9jSt6vuV/W5ZeDTx4rZGuf9E481uAq3L4N3h6c=	\N	f	Мушараф	Эргашева	ergasevamusaraf9@gmail.com	+998934703578	\N	2025-06-16 12:25:29.564769+00	t	f	t	f	
96	pbkdf2_sha256$600000$8pxDylYkaEMby7c94Jl8Ji$hkTgAfxmKRZTGkvos6zTUx0nCYEm+m4Vp/s1FlhY+II=	\N	f	Шахруза	Фамилия	geeryslla000@gmail.com	+998200156002	\N	2025-06-16 17:41:07.226164+00	t	f	t	f	
97	pbkdf2_sha256$600000$fa8Vujb0qw2Gz7WkC79ult$Pj6SlRAIFjfkrBLryIevuxwbKFK9et+HbLskF4/a3Nc=	\N	f	Умид	Файзиев	umid7272.uf@gmail.com	+998904141144	\N	2025-06-17 16:05:56.840949+00	t	f	t	f	
98	pbkdf2_sha256$600000$9Nt0YzYjrDW6tCnWOB8XN1$ybEhg4FgviKNVzDs9zwkw+nbsbSh51A9HV1h2wJDmGI=	\N	f	nilufar	ismatova	iphone405@gmail.com	+998914055444	\N	2025-06-17 17:55:31.956381+00	t	f	t	f	
99	pbkdf2_sha256$600000$aKyfn6YEw4QyTCsZYjpxvN$9jmre1NI7tqjr61Up0GMqdWj/FlIWZf0FK8NosBdLLQ=	\N	f	Sitora	Hakimova	sharipovhayit9@gmail.com	+998333250053	\N	2025-06-19 05:43:15.250023+00	t	f	t	f	
100	pbkdf2_sha256$600000$bzWIixhUgd1FdykTvlK2WN$7j5MPT7g0FGL3yfGP/8YnxDfGSQ8jeQUBa1DPcS6aaA=	\N	f	nasriddinbek	mamedov	nasriddinbek9@gmail.com	+998332270085	\N	2025-06-21 14:24:10.299123+00	t	f	t	f	
101	pbkdf2_sha256$600000$oN4fAczvWBnzvhw8IldUPl$qoF200cogLW9uIrnHOXEwom5vs+lSwLCAGuT1lYyIC8=	\N	f	Мукаддас	Хасанова	hasanovamukaddas97@gmail.com	+998990540207	\N	2025-06-22 14:48:06.842326+00	t	f	t	f	
102	pbkdf2_sha256$600000$lN1JJoLSNFRF54hHXiFHuj$zetubdUufSCh6A/7uyORkJjyLtVUIuFylEV3OkF311Y=	\N	f	Элена	Кивашова	kimmmtae260@mail.com	+998931190026	\N	2025-06-22 16:29:10.049519+00	t	f	t	f	
103	pbkdf2_sha256$600000$r2IbnPYho3DIUngAKaMW2u$RNFUZkliSO4PesnvL5cFHREpKif9hvjFfjfx/83acc4=	\N	f	Mehribonu	Xasanova	jumakova25@icloud.com	+998881751011	\N	2025-06-23 06:58:04.014458+00	t	f	t	f	
104	pbkdf2_sha256$600000$IZL1oS5v2yRwfTHhuf8ir9$k8U4Yo/q3QCbKIANz9qWb9lhZD2KouhnDcF/ztuxbNg=	\N	f	Мухаббат	Т	mukhabbatsunnatovnaa@gmail.com	+998338839333	\N	2025-06-23 14:48:48.571504+00	t	f	t	f	
105	pbkdf2_sha256$600000$cOyVFfTYdER5lb4d8oWLNy$DJfq/ngBFuE7KLbX8+51njrgxioQ5///AthpFJfuXs4=	\N	f	Sevara	S	sevakhalilova088@gmail.com	+998934775811	\N	2025-06-24 11:24:07.69645+00	t	f	t	f	
106	pbkdf2_sha256$600000$NytrTgQDqF5MVspIZOjiLq$Xx2bczxTO2/haw+j69ey3Q0M5p7kZQbRTKWTsLxxY8g=	\N	f	Sitora	Karimova	karimovasitorabonu826@gmail.com	+998914117704	\N	2025-06-24 14:36:42.042494+00	t	f	t	f	
107	pbkdf2_sha256$600000$0fToLwX5m0NQ5YVVtf7IR8$Dkdyqyif6r72yxVZJdU1LdTLzTFxUvKlTvgnRu6YiS4=	\N	f	Akbar	Sharipov	akbarshoxsharipov523@gmail.com	+998971659888	\N	2025-06-25 03:16:37.229988+00	t	f	t	f	
108	pbkdf2_sha256$600000$5GqOdwMfFBk3xPFEsFiKOl$koERn8O7JbpFESAquCNCscb9Nu6uyHs06gVymad+HII=	\N	f	Акбар	Асадов	akbarasadov0045@gmail.com	+998900838787	\N	2025-06-25 11:08:33.74237+00	t	f	t	f	
109	pbkdf2_sha256$600000$auyL185yIBb5XNuN03Bj4w$tHoohGj88FHeor21p6/CGJg6Vm2wj+YmvSsN8gBjBys=	\N	f	Marjona	Zoirova	mmexridinova@icloud.com	+998947744542	\N	2025-06-25 12:07:22.892193+00	t	f	t	f	
110	pbkdf2_sha256$600000$8AA2a4kVrXV2g0geHgmzPD$R9UpF0oecThnqBaQ83LMP+3mKyh2ZB30RUDj9pegBTs=	\N	f	Халима	Кудратуллаева	halimakudratullaeva@gmail.com	+998507750283	\N	2025-06-25 15:38:13.925021+00	t	f	t	f	
111	pbkdf2_sha256$600000$fMAHX8Y6FzhV7O7hJnGK8u$tj/aKpMvcFPICadGuTYBmzyLYUvUwQfAcVdlST4BCS4=	\N	f	Muxammadali	Axmatov	shobod2000@gmail.com	+998900113160	\N	2025-06-25 16:10:39.687645+00	t	f	t	f	
112	pbkdf2_sha256$600000$NsooZoem12QpNJGimbrR2o$IU/5COC5yIqUUgilvIoklykHCdNzbwveebN+eey1AQA=	\N	f	Aziza	Zaripova	azizakahramonovna2505@mail.com	+998993856771	\N	2025-06-26 09:22:21.431591+00	t	f	t	f	
113	pbkdf2_sha256$600000$04WGHT3oUTxMlqBvdNbODX$lMN06AyU4bV0ZAwWhdgh+RO7SA3AkCTW1wuu16j3Jx4=	\N	f	Soliha	Maryam	maxmudovamehrangiz@gmail.com	+998997468518	\N	2025-06-26 12:22:30.444916+00	t	f	t	f	
114	pbkdf2_sha256$600000$8EyXRYOce20b3fQCRiZhoN$nW7Y6mP1aSduE9bBc6iJSRxzkcMuJWSmV0pItAwE4K4=	\N	f	Jasmina	Shodmonova	jshodmonova6@gmail.com	+998902993000	\N	2025-06-27 03:24:04.09473+00	t	f	t	f	
115	pbkdf2_sha256$600000$TKkCzVIGhi1CFYsGahM1BV$h7mBTjYeAkNBVdY3isITjQdnYOMg/pSUKt4QqtNiO0I=	\N	f	Саида	Рахимова	saidarakhmatullaeva896@gmail.com	+998972810907	\N	2025-06-27 07:55:12.788957+00	t	f	t	f	
116	pbkdf2_sha256$600000$Z7HuwieJmoSENUWgNTlj8u$bS3EK0Oih9HTfqKgOn/8rIrdcEah6vDiDKkzr6oQL/I=	\N	f	Фирдавс	Элназаров	elnazarov5544@gmil.com	+998939605544	\N	2025-06-27 08:21:38.295023+00	t	f	t	f	
117	pbkdf2_sha256$600000$qiAWVpGkazfCjw1aeecEnL$zXEbZYL/3NPg8Trisi4mnp+8iXmNbXDnea2NaSQUplQ=	\N	f	bekzod	rajabov	bekzodrajabov@gmail.com	+998914444581	\N	2025-06-27 16:22:46.547961+00	t	f	t	f	
118	pbkdf2_sha256$600000$AeqU0ds2jP0icOrbdNTnrm$hN36Oi9rvJ+E+2zt+joOkSdH0upCKc7eT75qW2Q0Cp4=	\N	f	Zarina	Hodjayeva	zarina.hodgaeva@gmail.com	+998914070125	\N	2025-06-28 07:13:47.897591+00	t	f	t	f	
119	pbkdf2_sha256$600000$eV1hRaRw0Y0aLyWHyuVZXl$tQzqaxWaKnLTVyBzIX3EY9p1vEoU/l8nOZD3xK/jx7o=	\N	f	СИТОРА	Эркинова	sitaerkinova@gmail.com	+998777083303	\N	2025-06-28 16:14:08.362776+00	t	f	t	f	
120	pbkdf2_sha256$600000$JFBbmDXWCqUofo7XgmLwTW$Cw743ebZzrAriWCUiqd/AqJ5gYp7tsrkv7SvV+spxo4=	\N	f	Mohina	Ergasheva	mohina.0609@gmail.com	+998914017410	\N	2025-06-29 12:45:55.159953+00	t	f	t	f	
121	pbkdf2_sha256$600000$3ZAwz8wgXWCQdZ2XMBMmK8$AP4gou0/IXQoqC/FCGU4R8iTfxF2X9wXudVM6pQlKwQ=	\N	f	Jasmin	Khaydarova	tiktokhanmaref@gmail.com	+998907122141	\N	2025-06-29 12:53:40.736235+00	t	f	t	f	
122	pbkdf2_sha256$600000$Nj2dHHaPBuf0hMJrUeQgA3$aAfJegdAaEHtXfwrAe7yW7yGBPLSOD/biNx137eLsJU=	\N	f	Shohida	Odilova	nurilloevm67@gmail.com	+998836814600	\N	2025-06-29 14:14:46.62445+00	t	f	t	f	
123	pbkdf2_sha256$600000$KcCL2pVltpXkpOYgy4adtn$ZwannuKe/K5JBvEStRWj9gBRRIAvJ4l1Univ7Ja/sUE=	\N	f	Aziza	Nabieva	nabievaazizabonu@gmail.com	+998918233553	\N	2025-06-29 14:36:14.837895+00	t	f	t	f	
124	pbkdf2_sha256$600000$n43MkZAcX0vC450IbIR9St$QWNQiSidYumqwhymhifsAl+Cjme0Axf1OhqK0XjrAeY=	\N	f	Mahliyo	Avezova	avezovamahliyo1998.06.15@gmail.com	+998906353539	\N	2025-06-29 16:48:33.150677+00	t	f	t	f	
125	pbkdf2_sha256$600000$4caLLvwH1VycP7Hn3nd4zs$F9/EWCBphyqsog5dPVpnASoqSdQJbt4zVISRLiwrySA=	\N	f	Dilnoza	Bobomurodova	dilnozabobomurodova639@gmail.com	+998940773118	\N	2025-06-30 07:36:11.597701+00	t	f	t	f	
\.


--
-- Data for Name: users_user_groups; Type: TABLE DATA; Schema: public; Owner: aurora
--

COPY public.users_user_groups (id, user_id, group_id) FROM stdin;
\.


--
-- Data for Name: users_user_user_permissions; Type: TABLE DATA; Schema: public; Owner: aurora
--

COPY public.users_user_user_permissions (id, user_id, permission_id) FROM stdin;
1	1	1
2	1	2
3	1	3
4	1	4
5	1	5
6	1	6
7	1	7
8	1	8
9	1	9
10	1	10
11	1	11
12	1	12
13	1	13
14	1	14
15	1	15
16	1	16
17	1	17
18	1	18
19	1	19
20	1	20
21	1	21
22	1	22
23	1	23
24	1	24
25	1	25
26	1	26
27	1	27
28	1	28
29	1	29
30	1	30
31	1	31
32	1	32
33	1	33
34	1	34
35	1	35
36	1	36
37	1	37
38	1	38
39	1	39
40	1	40
41	1	41
42	1	42
43	1	43
44	1	44
45	2	1
46	2	2
47	2	3
48	2	4
49	2	5
50	2	6
51	2	7
52	2	8
53	2	9
54	2	10
55	2	11
56	2	12
57	2	13
58	2	14
59	2	15
60	2	16
61	2	17
62	2	18
63	2	19
64	2	20
65	2	21
66	2	22
67	2	23
68	2	24
69	2	25
70	2	26
71	2	27
72	2	28
73	2	29
74	2	30
75	2	31
76	2	32
77	2	33
78	2	34
79	2	35
80	2	36
81	2	37
82	2	38
83	2	39
84	2	40
85	2	41
86	2	42
87	2	43
88	2	44
\.


--
-- Data for Name: users_userlocation; Type: TABLE DATA; Schema: public; Owner: aurora
--

COPY public.users_userlocation (id, lat, long, is_active, user_id, apartment, entrance, floor, house, street, name, address, comment) FROM stdin;
92	39.74622894066097	64.41142559051515	f	18				\N	\N	Rohat street 21	улицы Абдурахмана Джами, 1, 5Б микрорайон	
94	39.7585215	64.4535879	f	21				\N	\N		Sanoatchilar street, Sharq 1 daxasi	
96	39.75893776865599	64.45600390434267	t	10				\N	\N		23/1, Шарк 1 массив	
98	39.74715309334433	64.40770804882051	f	31	45	2	2	\N	\N	35 maktab	Пиридастгир улица, Школа №35, 5В микрорайон, Утрар	Не звоните.
100	39.75394482761774	64.41509350351994	t	36				\N	\N		Бухара	
104	39.805313435910676	64.42895382642747	f	41				\N	\N	Med institut klinikasi	Gijduvon ko‘chasi	
102	39.805313435910676	64.42895382642747	f	41				\N	\N	Med institut klinikasi	Gijduvon ko‘chasi	
106	39.73509991614433	64.43372554787224	t	45	19	3	2	\N	\N		Турди Фараги улица, 28, 6Б микрорайон	
108	39.743110661353626	64.4487351179123	t	50				\N	\N		Халклар дустлиги улица, 6A микрорайон, Урганджиян	
110	39.76126358294926	64.42946612834932	t	55	44	3	4	\N	\N	Dom	National Bank of Uzbekistan, 3 kichik nohiya	
112	39.73019143737106	64.5239567282044	t	57				\N	\N		Автотрасса Бейнеу - Гузар	
114	39.7467700311892	64.41139876935769	t	58		3	3	\N	\N	Улица Ислама Каримова 17/4 горгаз	улицы Абдурахмана Джами, 1, 5Б микрорайон	
116	41.31247466245042	69.32797543073741	t	60	9	1	5	\N	\N	Мухаммад Риезий	3	
120	39.74871982549958	64.41445242381147	t	71	19	2	1	\N	\N	Piridastgir ko'chasi 11 g		
71	39.80572777628643	64.5018043170571	t	1	7	1	1	\N	\N		Сараёнабад	Не звонить
84	39.74678576140157	64.41133707761766	t	7				\N	\N		улицы Абдурахмана Джами, 1, 5Б микрорайон	
88	39.77672165345321	64.42037880420686	f	13				\N	\N	Cho’pboz 5	улица Самарканд, 38, Самаркандский, Старый Город	
69	39.7662005	64.4048142	t	8	1	1	1	\N	\N	Дом	Мухаммада Икбола улица	
78	39.76377487933043	64.45790290832521	f	8	1	1	1	\N	\N	Baraka	Автотрасса Бейнеу - Гузар, Шарк 1 массив	
77	39.75859548793636	64.45412099361421	f	8	1	1	1	\N	\N	Greycat	Саноатчилар улица, Шарк 1 массив	
73	39.75855424918061	64.45362478494646	f	8	1	1	1	\N	\N	Greycat pizza	Саноатчилар улица, Шарк 1 массив	
75	39.76637450254924	64.4048504007023	f	8	1	1	1	\N	\N	Веранда	Мухаммада Икбола улица	Привези быстрее
86	39.7467981351447	64.41083550453187	t	2	12	1	3	\N	\N	Name	улица Абдулазима Сами, 5/4A, 5Б микрорайон	dfsd
90	39.740825483481586	64.43667590618135	f	17				\N	\N		60-sonli XO'JA MUSHKIN MFY	
126	39.754713877283955	64.41046495107004	t	90	1	1	1	\N	\N	123	Бухара	Напротив инспекции
128	39.737318512979606	64.44097464885809	f	104		2		\N	\N		Мустакиллик улица, 74/4, 6A микрорайон, Урганджиян	
130	39.777140724612956	64.41762400782865	t	105				\N	\N	Тупхона 17	Muhammad Payraviy ko'chasi, Старый Город	+998934775811
132	39.77533377805766	64.46611240507993	t	112				\N	\N	Orifon 6pr 97-uy	Buxoro shahri	
134	39.81154421975375	64.4240427017212	f	115				\N	\N	Шейхон 220	Бухара	
136	39.75128894322285	64.48084386437586	t	118	185			\N	\N	Nurafshon	Геофизика, Дейчаабад	Участок
138	39.76832302040728	64.46574300527574	t	120	12	2	1	\N	\N	Улица б.накшбанда 235	Баховуддина Накшбанда улица, Шарк 1 массив	
140	39.7471342876493	64.42238241434099	t	123		1	1	\N	\N		Абдурахмана Жами улица, 77/4, 5А микрорайон	
127	39.76052053325196	64.45942460949531	t	103	20	20	2	\N	\N	Suvchilar 20	Шарк 1 массив	
129	39.737318512979606	64.44097464885809	t	104		2		\N	\N		Мустакиллик улица, 74/4, 6A микрорайон, Урганджиян	
131	39.77352847949648	64.42596316337587	t	109				\N	\N	Parviz   Oilaviy mehmonhonasi	Баховуддина Накшбанда улица	Mehtar anbar 80
135	39.81154421975375	64.4240427017212	t	115				\N	\N	Шейхон 220	Бухара	
87	39.74733676479025	64.40911935078476	t	12				\N	\N		улица Абдулазима Сами, 4, 5Б микрорайон	
89	39.77672165345321	64.42037880420686	t	13				\N	\N	Cho’pboz 5	улица Самарканд, 38, Самаркандский, Старый Город	
74	39.766624203225895	64.40483808517457	f	8	1	1	1	\N	\N	Melodiya	Жуйбор улица, Старый Город	
91	39.740825483481586	64.43667590618135	t	17				\N	\N		60-sonli XO'JA MUSHKIN MFY	
93	39.74622894066097	64.41142559051515	t	18				\N	\N	Rohat street 21	улицы Абдурахмана Джами, 1, 5Б микрорайон	
95	39.7585215	64.4535879	t	21				\N	\N		Sanoatchilar street, Sharq 1 daxasi	
79	39.75856868274793	64.45406371075279	t	9				\N	\N	https://yandex.uz/maps/-/CHvxJD5t	Саноатчилар улица, Шарк 1 массив	
133	39.81154421975375	64.4240427017212	f	115				\N	\N	Шейхон 220	Бухара	
97	39.745087669463615	64.4201695919037	t	31	12	1	3	\N	\N	31 maktab	Абдурахмана Жами улица, Шклоа №31, 5А микрорайон	
99	39.75400958699894	64.41509485244752	f	36				\N	\N		Бухара	
101	39.76496848930335	64.39056336879732	t	39				\N	\N	Sulton jura	Шергиран махалля	
105	39.805313435910676	64.42895382642747	t	41				\N	\N	Med institut klinikasi	Gijduvon ko‘chasi	
103	39.805313435910676	64.42895382642747	f	41				\N	\N	Med institut klinikasi	Gijduvon ko‘chasi	
107	39.744506892485525	64.4218620657921	t	46				\N	\N		Абдурахмана Жами улица, 18/4, 5А микрорайон	
109	39.74901712381116	64.42937493324281	t	51				\N	\N	Пиридастгир  тиллар маркази	Пиридастгир улица, 4 микрорайон	
111	39.73019143737106	64.5239567282044	f	57				\N	\N		Автотрасса Бейнеу - Гузар	
137	39.76832302040728	64.46574300527574	f	120	12	2	1	\N	\N	Улица б.накшбанда 235	Баховуддина Накшбанда улица, Шарк 1 массив	
113	39.7467700311892	64.41139876935769	f	58		3	3	\N	\N	Улица Ислама Каримова 17/4 горгаз	улицы Абдурахмана Джами, 1, 5Б микрорайон	
115	39.74499154512627	64.48611974716188	t	59	2	6		\N	\N	Навруз	Геофизика, Канчилар 1	Справа первая улица позади Азия бар
139	39.7471342876493	64.42238241434099	f	123		1	1	\N	\N		Абдурахмана Жами улица, 77/4, 5А микрорайон	
117	39.767974	64.4490619	t	68	19			\N	\N	Shayxul-olam	Шарк 2	
121	39.764896479653565	64.3952786922455	t	74				\N	\N	Uy 162	Жуйбор улица, 77/3, Шергиран махалля	
123	39.786329503220635	64.4421735571308	t	80				\N	\N	Kucha Bobur 27	ул Бобур, Северный микрорайон, Джувазкагаз	28 maktabba narafta
125	39.75801608115433	64.46339875459672	t	82				\N	\N	Шерали Исматов	Дейчаабад	
141	39.7717916	64.3860585	t	124				\N	\N	Mirdustim 323	Шергиран махалля	
\.


--
-- Name: auth_group_id_seq; Type: SEQUENCE SET; Schema: public; Owner: aurora
--

SELECT pg_catalog.setval('public.auth_group_id_seq', 1, false);


--
-- Name: auth_group_permissions_id_seq; Type: SEQUENCE SET; Schema: public; Owner: aurora
--

SELECT pg_catalog.setval('public.auth_group_permissions_id_seq', 1, false);


--
-- Name: auth_permission_id_seq; Type: SEQUENCE SET; Schema: public; Owner: aurora
--

SELECT pg_catalog.setval('public.auth_permission_id_seq', 48, true);


--
-- Name: auth_user_groups_id_seq; Type: SEQUENCE SET; Schema: public; Owner: aurora
--

SELECT pg_catalog.setval('public.auth_user_groups_id_seq', 1, false);


--
-- Name: auth_user_id_seq; Type: SEQUENCE SET; Schema: public; Owner: aurora
--

SELECT pg_catalog.setval('public.auth_user_id_seq', 7, true);


--
-- Name: auth_user_user_permissions_id_seq; Type: SEQUENCE SET; Schema: public; Owner: aurora
--

SELECT pg_catalog.setval('public.auth_user_user_permissions_id_seq', 16, true);


--
-- Name: django_admin_log_id_seq; Type: SEQUENCE SET; Schema: public; Owner: aurora
--

SELECT pg_catalog.setval('public.django_admin_log_id_seq', 134, true);


--
-- Name: django_content_type_id_seq; Type: SEQUENCE SET; Schema: public; Owner: aurora
--

SELECT pg_catalog.setval('public.django_content_type_id_seq', 12, true);


--
-- Name: django_migrations_id_seq; Type: SEQUENCE SET; Schema: public; Owner: aurora
--

SELECT pg_catalog.setval('public.django_migrations_id_seq', 46, true);


--
-- Name: menu_app_category_id_seq; Type: SEQUENCE SET; Schema: public; Owner: aurora
--

SELECT pg_catalog.setval('public.menu_app_category_id_seq', 98, true);


--
-- Name: menu_app_menu_id_seq; Type: SEQUENCE SET; Schema: public; Owner: aurora
--

SELECT pg_catalog.setval('public.menu_app_menu_id_seq', 574, true);


--
-- Name: menu_app_promo_id_seq; Type: SEQUENCE SET; Schema: public; Owner: aurora
--

SELECT pg_catalog.setval('public.menu_app_promo_id_seq', 1115, true);


--
-- Name: menu_app_restaurant_id_seq; Type: SEQUENCE SET; Schema: public; Owner: aurora
--

SELECT pg_catalog.setval('public.menu_app_restaurant_id_seq', 9, true);


--
-- Name: users_user_groups_id_seq; Type: SEQUENCE SET; Schema: public; Owner: aurora
--

SELECT pg_catalog.setval('public.users_user_groups_id_seq', 1, false);


--
-- Name: users_user_id_seq; Type: SEQUENCE SET; Schema: public; Owner: aurora
--

SELECT pg_catalog.setval('public.users_user_id_seq', 125, true);


--
-- Name: users_user_user_permissions_id_seq; Type: SEQUENCE SET; Schema: public; Owner: aurora
--

SELECT pg_catalog.setval('public.users_user_user_permissions_id_seq', 88, true);


--
-- Name: users_userlocation_id_seq; Type: SEQUENCE SET; Schema: public; Owner: aurora
--

SELECT pg_catalog.setval('public.users_userlocation_id_seq', 141, true);


--
-- Name: auth_group auth_group_name_key; Type: CONSTRAINT; Schema: public; Owner: aurora
--

ALTER TABLE ONLY public.auth_group
    ADD CONSTRAINT auth_group_name_key UNIQUE (name);


--
-- Name: auth_group_permissions auth_group_permissions_group_id_permission_id_0cd325b0_uniq; Type: CONSTRAINT; Schema: public; Owner: aurora
--

ALTER TABLE ONLY public.auth_group_permissions
    ADD CONSTRAINT auth_group_permissions_group_id_permission_id_0cd325b0_uniq UNIQUE (group_id, permission_id);


--
-- Name: auth_group_permissions auth_group_permissions_pkey; Type: CONSTRAINT; Schema: public; Owner: aurora
--

ALTER TABLE ONLY public.auth_group_permissions
    ADD CONSTRAINT auth_group_permissions_pkey PRIMARY KEY (id);


--
-- Name: auth_group auth_group_pkey; Type: CONSTRAINT; Schema: public; Owner: aurora
--

ALTER TABLE ONLY public.auth_group
    ADD CONSTRAINT auth_group_pkey PRIMARY KEY (id);


--
-- Name: auth_permission auth_permission_content_type_id_codename_01ab375a_uniq; Type: CONSTRAINT; Schema: public; Owner: aurora
--

ALTER TABLE ONLY public.auth_permission
    ADD CONSTRAINT auth_permission_content_type_id_codename_01ab375a_uniq UNIQUE (content_type_id, codename);


--
-- Name: auth_permission auth_permission_pkey; Type: CONSTRAINT; Schema: public; Owner: aurora
--

ALTER TABLE ONLY public.auth_permission
    ADD CONSTRAINT auth_permission_pkey PRIMARY KEY (id);


--
-- Name: auth_user_groups auth_user_groups_pkey; Type: CONSTRAINT; Schema: public; Owner: aurora
--

ALTER TABLE ONLY public.auth_user_groups
    ADD CONSTRAINT auth_user_groups_pkey PRIMARY KEY (id);


--
-- Name: auth_user_groups auth_user_groups_user_id_group_id_94350c0c_uniq; Type: CONSTRAINT; Schema: public; Owner: aurora
--

ALTER TABLE ONLY public.auth_user_groups
    ADD CONSTRAINT auth_user_groups_user_id_group_id_94350c0c_uniq UNIQUE (user_id, group_id);


--
-- Name: auth_user auth_user_pkey; Type: CONSTRAINT; Schema: public; Owner: aurora
--

ALTER TABLE ONLY public.auth_user
    ADD CONSTRAINT auth_user_pkey PRIMARY KEY (id);


--
-- Name: auth_user_user_permissions auth_user_user_permissions_pkey; Type: CONSTRAINT; Schema: public; Owner: aurora
--

ALTER TABLE ONLY public.auth_user_user_permissions
    ADD CONSTRAINT auth_user_user_permissions_pkey PRIMARY KEY (id);


--
-- Name: auth_user_user_permissions auth_user_user_permissions_user_id_permission_id_14a6b632_uniq; Type: CONSTRAINT; Schema: public; Owner: aurora
--

ALTER TABLE ONLY public.auth_user_user_permissions
    ADD CONSTRAINT auth_user_user_permissions_user_id_permission_id_14a6b632_uniq UNIQUE (user_id, permission_id);


--
-- Name: auth_user auth_user_username_key; Type: CONSTRAINT; Schema: public; Owner: aurora
--

ALTER TABLE ONLY public.auth_user
    ADD CONSTRAINT auth_user_username_key UNIQUE (username);


--
-- Name: django_admin_log django_admin_log_pkey; Type: CONSTRAINT; Schema: public; Owner: aurora
--

ALTER TABLE ONLY public.django_admin_log
    ADD CONSTRAINT django_admin_log_pkey PRIMARY KEY (id);


--
-- Name: django_content_type django_content_type_app_label_model_76bd3d3b_uniq; Type: CONSTRAINT; Schema: public; Owner: aurora
--

ALTER TABLE ONLY public.django_content_type
    ADD CONSTRAINT django_content_type_app_label_model_76bd3d3b_uniq UNIQUE (app_label, model);


--
-- Name: django_content_type django_content_type_pkey; Type: CONSTRAINT; Schema: public; Owner: aurora
--

ALTER TABLE ONLY public.django_content_type
    ADD CONSTRAINT django_content_type_pkey PRIMARY KEY (id);


--
-- Name: django_migrations django_migrations_pkey; Type: CONSTRAINT; Schema: public; Owner: aurora
--

ALTER TABLE ONLY public.django_migrations
    ADD CONSTRAINT django_migrations_pkey PRIMARY KEY (id);


--
-- Name: django_session django_session_pkey; Type: CONSTRAINT; Schema: public; Owner: aurora
--

ALTER TABLE ONLY public.django_session
    ADD CONSTRAINT django_session_pkey PRIMARY KEY (session_key);


--
-- Name: menu_app_category menu_app_category_pkey; Type: CONSTRAINT; Schema: public; Owner: aurora
--

ALTER TABLE ONLY public.menu_app_category
    ADD CONSTRAINT menu_app_category_pkey PRIMARY KEY (id);


--
-- Name: menu_app_menu menu_app_menu_pkey; Type: CONSTRAINT; Schema: public; Owner: aurora
--

ALTER TABLE ONLY public.menu_app_menu
    ADD CONSTRAINT menu_app_menu_pkey PRIMARY KEY (id);


--
-- Name: menu_app_promo menu_app_promo_pkey; Type: CONSTRAINT; Schema: public; Owner: aurora
--

ALTER TABLE ONLY public.menu_app_promo
    ADD CONSTRAINT menu_app_promo_pkey PRIMARY KEY (id);


--
-- Name: menu_app_restaurant menu_app_restaurant_pkey; Type: CONSTRAINT; Schema: public; Owner: aurora
--

ALTER TABLE ONLY public.menu_app_restaurant
    ADD CONSTRAINT menu_app_restaurant_pkey PRIMARY KEY (id);


--
-- Name: users_user_groups users_user_groups_pkey; Type: CONSTRAINT; Schema: public; Owner: aurora
--

ALTER TABLE ONLY public.users_user_groups
    ADD CONSTRAINT users_user_groups_pkey PRIMARY KEY (id);


--
-- Name: users_user_groups users_user_groups_user_id_group_id_b88eab82_uniq; Type: CONSTRAINT; Schema: public; Owner: aurora
--

ALTER TABLE ONLY public.users_user_groups
    ADD CONSTRAINT users_user_groups_user_id_group_id_b88eab82_uniq UNIQUE (user_id, group_id);


--
-- Name: users_user users_user_phone_key; Type: CONSTRAINT; Schema: public; Owner: aurora
--

ALTER TABLE ONLY public.users_user
    ADD CONSTRAINT users_user_phone_key UNIQUE (phone);


--
-- Name: users_user users_user_pkey; Type: CONSTRAINT; Schema: public; Owner: aurora
--

ALTER TABLE ONLY public.users_user
    ADD CONSTRAINT users_user_pkey PRIMARY KEY (id);


--
-- Name: users_user_user_permissions users_user_user_permissions_pkey; Type: CONSTRAINT; Schema: public; Owner: aurora
--

ALTER TABLE ONLY public.users_user_user_permissions
    ADD CONSTRAINT users_user_user_permissions_pkey PRIMARY KEY (id);


--
-- Name: users_user_user_permissions users_user_user_permissions_user_id_permission_id_43338c45_uniq; Type: CONSTRAINT; Schema: public; Owner: aurora
--

ALTER TABLE ONLY public.users_user_user_permissions
    ADD CONSTRAINT users_user_user_permissions_user_id_permission_id_43338c45_uniq UNIQUE (user_id, permission_id);


--
-- Name: users_userlocation users_userlocation_pkey; Type: CONSTRAINT; Schema: public; Owner: aurora
--

ALTER TABLE ONLY public.users_userlocation
    ADD CONSTRAINT users_userlocation_pkey PRIMARY KEY (id);


--
-- Name: auth_group_name_a6ea08ec_like; Type: INDEX; Schema: public; Owner: aurora
--

CREATE INDEX auth_group_name_a6ea08ec_like ON public.auth_group USING btree (name varchar_pattern_ops);


--
-- Name: auth_group_permissions_group_id_b120cbf9; Type: INDEX; Schema: public; Owner: aurora
--

CREATE INDEX auth_group_permissions_group_id_b120cbf9 ON public.auth_group_permissions USING btree (group_id);


--
-- Name: auth_group_permissions_permission_id_84c5c92e; Type: INDEX; Schema: public; Owner: aurora
--

CREATE INDEX auth_group_permissions_permission_id_84c5c92e ON public.auth_group_permissions USING btree (permission_id);


--
-- Name: auth_permission_content_type_id_2f476e4b; Type: INDEX; Schema: public; Owner: aurora
--

CREATE INDEX auth_permission_content_type_id_2f476e4b ON public.auth_permission USING btree (content_type_id);


--
-- Name: auth_user_groups_group_id_97559544; Type: INDEX; Schema: public; Owner: aurora
--

CREATE INDEX auth_user_groups_group_id_97559544 ON public.auth_user_groups USING btree (group_id);


--
-- Name: auth_user_groups_user_id_6a12ed8b; Type: INDEX; Schema: public; Owner: aurora
--

CREATE INDEX auth_user_groups_user_id_6a12ed8b ON public.auth_user_groups USING btree (user_id);


--
-- Name: auth_user_user_permissions_permission_id_1fbb5f2c; Type: INDEX; Schema: public; Owner: aurora
--

CREATE INDEX auth_user_user_permissions_permission_id_1fbb5f2c ON public.auth_user_user_permissions USING btree (permission_id);


--
-- Name: auth_user_user_permissions_user_id_a95ead1b; Type: INDEX; Schema: public; Owner: aurora
--

CREATE INDEX auth_user_user_permissions_user_id_a95ead1b ON public.auth_user_user_permissions USING btree (user_id);


--
-- Name: auth_user_username_6821ab7c_like; Type: INDEX; Schema: public; Owner: aurora
--

CREATE INDEX auth_user_username_6821ab7c_like ON public.auth_user USING btree (username varchar_pattern_ops);


--
-- Name: django_admin_log_content_type_id_c4bce8eb; Type: INDEX; Schema: public; Owner: aurora
--

CREATE INDEX django_admin_log_content_type_id_c4bce8eb ON public.django_admin_log USING btree (content_type_id);


--
-- Name: django_admin_log_user_id_c564eba6; Type: INDEX; Schema: public; Owner: aurora
--

CREATE INDEX django_admin_log_user_id_c564eba6 ON public.django_admin_log USING btree (user_id);


--
-- Name: django_session_expire_date_a5c62663; Type: INDEX; Schema: public; Owner: aurora
--

CREATE INDEX django_session_expire_date_a5c62663 ON public.django_session USING btree (expire_date);


--
-- Name: django_session_session_key_c0390e0f_like; Type: INDEX; Schema: public; Owner: aurora
--

CREATE INDEX django_session_session_key_c0390e0f_like ON public.django_session USING btree (session_key varchar_pattern_ops);


--
-- Name: menu_app_category_created_by_id_28a4f4e9; Type: INDEX; Schema: public; Owner: aurora
--

CREATE INDEX menu_app_category_created_by_id_28a4f4e9 ON public.menu_app_category USING btree (created_by_id);


--
-- Name: menu_app_category_restaurant_id_b2903c73; Type: INDEX; Schema: public; Owner: aurora
--

CREATE INDEX menu_app_category_restaurant_id_b2903c73 ON public.menu_app_category USING btree (restaurant_id);


--
-- Name: menu_app_category_slug_1c4fe9e9; Type: INDEX; Schema: public; Owner: aurora
--

CREATE INDEX menu_app_category_slug_1c4fe9e9 ON public.menu_app_category USING btree (slug);


--
-- Name: menu_app_category_slug_1c4fe9e9_like; Type: INDEX; Schema: public; Owner: aurora
--

CREATE INDEX menu_app_category_slug_1c4fe9e9_like ON public.menu_app_category USING btree (slug varchar_pattern_ops);


--
-- Name: menu_app_category_update_by_id_1fe373fa; Type: INDEX; Schema: public; Owner: aurora
--

CREATE INDEX menu_app_category_update_by_id_1fe373fa ON public.menu_app_category USING btree (update_by_id);


--
-- Name: menu_app_menu_category_id_7665addb; Type: INDEX; Schema: public; Owner: aurora
--

CREATE INDEX menu_app_menu_category_id_7665addb ON public.menu_app_menu USING btree (category_id);


--
-- Name: menu_app_menu_created_by_id_b6cd0d2f; Type: INDEX; Schema: public; Owner: aurora
--

CREATE INDEX menu_app_menu_created_by_id_b6cd0d2f ON public.menu_app_menu USING btree (created_by_id);


--
-- Name: menu_app_menu_restaurant_id_af97f391; Type: INDEX; Schema: public; Owner: aurora
--

CREATE INDEX menu_app_menu_restaurant_id_af97f391 ON public.menu_app_menu USING btree (restaurant_id);


--
-- Name: menu_app_menu_update_by_id_0e6fa52e; Type: INDEX; Schema: public; Owner: aurora
--

CREATE INDEX menu_app_menu_update_by_id_0e6fa52e ON public.menu_app_menu USING btree (update_by_id);


--
-- Name: menu_app_promo_created_by_id_71b63064; Type: INDEX; Schema: public; Owner: aurora
--

CREATE INDEX menu_app_promo_created_by_id_71b63064 ON public.menu_app_promo USING btree (created_by_id);


--
-- Name: menu_app_promo_restaurant_id_a352a2bd; Type: INDEX; Schema: public; Owner: aurora
--

CREATE INDEX menu_app_promo_restaurant_id_a352a2bd ON public.menu_app_promo USING btree (restaurant_id);


--
-- Name: menu_app_promo_update_by_id_0c264086; Type: INDEX; Schema: public; Owner: aurora
--

CREATE INDEX menu_app_promo_update_by_id_0c264086 ON public.menu_app_promo USING btree (update_by_id);


--
-- Name: menu_app_restaurant_created_by_id_d8bae081; Type: INDEX; Schema: public; Owner: aurora
--

CREATE INDEX menu_app_restaurant_created_by_id_d8bae081 ON public.menu_app_restaurant USING btree (created_by_id);


--
-- Name: menu_app_restaurant_update_by_id_f1812710; Type: INDEX; Schema: public; Owner: aurora
--

CREATE INDEX menu_app_restaurant_update_by_id_f1812710 ON public.menu_app_restaurant USING btree (update_by_id);


--
-- Name: menu_app_restaurant_user_id_dc7dea73; Type: INDEX; Schema: public; Owner: aurora
--

CREATE INDEX menu_app_restaurant_user_id_dc7dea73 ON public.menu_app_restaurant USING btree (user_id);


--
-- Name: users_user_groups_group_id_9afc8d0e; Type: INDEX; Schema: public; Owner: aurora
--

CREATE INDEX users_user_groups_group_id_9afc8d0e ON public.users_user_groups USING btree (group_id);


--
-- Name: users_user_groups_user_id_5f6f5a90; Type: INDEX; Schema: public; Owner: aurora
--

CREATE INDEX users_user_groups_user_id_5f6f5a90 ON public.users_user_groups USING btree (user_id);


--
-- Name: users_user_phone_fe37f55c_like; Type: INDEX; Schema: public; Owner: aurora
--

CREATE INDEX users_user_phone_fe37f55c_like ON public.users_user USING btree (phone varchar_pattern_ops);


--
-- Name: users_user_user_permissions_permission_id_0b93982e; Type: INDEX; Schema: public; Owner: aurora
--

CREATE INDEX users_user_user_permissions_permission_id_0b93982e ON public.users_user_user_permissions USING btree (permission_id);


--
-- Name: users_user_user_permissions_user_id_20aca447; Type: INDEX; Schema: public; Owner: aurora
--

CREATE INDEX users_user_user_permissions_user_id_20aca447 ON public.users_user_user_permissions USING btree (user_id);


--
-- Name: users_userlocation_user_id_d02652d7; Type: INDEX; Schema: public; Owner: aurora
--

CREATE INDEX users_userlocation_user_id_d02652d7 ON public.users_userlocation USING btree (user_id);


--
-- Name: auth_group_permissions auth_group_permissio_permission_id_84c5c92e_fk_auth_perm; Type: FK CONSTRAINT; Schema: public; Owner: aurora
--

ALTER TABLE ONLY public.auth_group_permissions
    ADD CONSTRAINT auth_group_permissio_permission_id_84c5c92e_fk_auth_perm FOREIGN KEY (permission_id) REFERENCES public.auth_permission(id) DEFERRABLE INITIALLY DEFERRED;


--
-- Name: auth_group_permissions auth_group_permissions_group_id_b120cbf9_fk_auth_group_id; Type: FK CONSTRAINT; Schema: public; Owner: aurora
--

ALTER TABLE ONLY public.auth_group_permissions
    ADD CONSTRAINT auth_group_permissions_group_id_b120cbf9_fk_auth_group_id FOREIGN KEY (group_id) REFERENCES public.auth_group(id) DEFERRABLE INITIALLY DEFERRED;


--
-- Name: auth_permission auth_permission_content_type_id_2f476e4b_fk_django_co; Type: FK CONSTRAINT; Schema: public; Owner: aurora
--

ALTER TABLE ONLY public.auth_permission
    ADD CONSTRAINT auth_permission_content_type_id_2f476e4b_fk_django_co FOREIGN KEY (content_type_id) REFERENCES public.django_content_type(id) DEFERRABLE INITIALLY DEFERRED;


--
-- Name: auth_user_groups auth_user_groups_group_id_97559544_fk_auth_group_id; Type: FK CONSTRAINT; Schema: public; Owner: aurora
--

ALTER TABLE ONLY public.auth_user_groups
    ADD CONSTRAINT auth_user_groups_group_id_97559544_fk_auth_group_id FOREIGN KEY (group_id) REFERENCES public.auth_group(id) DEFERRABLE INITIALLY DEFERRED;


--
-- Name: auth_user_groups auth_user_groups_user_id_6a12ed8b_fk_auth_user_id; Type: FK CONSTRAINT; Schema: public; Owner: aurora
--

ALTER TABLE ONLY public.auth_user_groups
    ADD CONSTRAINT auth_user_groups_user_id_6a12ed8b_fk_auth_user_id FOREIGN KEY (user_id) REFERENCES public.auth_user(id) DEFERRABLE INITIALLY DEFERRED;


--
-- Name: auth_user_user_permissions auth_user_user_permi_permission_id_1fbb5f2c_fk_auth_perm; Type: FK CONSTRAINT; Schema: public; Owner: aurora
--

ALTER TABLE ONLY public.auth_user_user_permissions
    ADD CONSTRAINT auth_user_user_permi_permission_id_1fbb5f2c_fk_auth_perm FOREIGN KEY (permission_id) REFERENCES public.auth_permission(id) DEFERRABLE INITIALLY DEFERRED;


--
-- Name: auth_user_user_permissions auth_user_user_permissions_user_id_a95ead1b_fk_auth_user_id; Type: FK CONSTRAINT; Schema: public; Owner: aurora
--

ALTER TABLE ONLY public.auth_user_user_permissions
    ADD CONSTRAINT auth_user_user_permissions_user_id_a95ead1b_fk_auth_user_id FOREIGN KEY (user_id) REFERENCES public.auth_user(id) DEFERRABLE INITIALLY DEFERRED;


--
-- Name: django_admin_log django_admin_log_content_type_id_c4bce8eb_fk_django_co; Type: FK CONSTRAINT; Schema: public; Owner: aurora
--

ALTER TABLE ONLY public.django_admin_log
    ADD CONSTRAINT django_admin_log_content_type_id_c4bce8eb_fk_django_co FOREIGN KEY (content_type_id) REFERENCES public.django_content_type(id) DEFERRABLE INITIALLY DEFERRED;


--
-- Name: django_admin_log django_admin_log_user_id_c564eba6_fk_users_user_id; Type: FK CONSTRAINT; Schema: public; Owner: aurora
--

ALTER TABLE ONLY public.django_admin_log
    ADD CONSTRAINT django_admin_log_user_id_c564eba6_fk_users_user_id FOREIGN KEY (user_id) REFERENCES public.users_user(id) DEFERRABLE INITIALLY DEFERRED;


--
-- Name: menu_app_category menu_app_category_created_by_id_fk_users_user_id; Type: FK CONSTRAINT; Schema: public; Owner: aurora
--

ALTER TABLE ONLY public.menu_app_category
    ADD CONSTRAINT menu_app_category_created_by_id_fk_users_user_id FOREIGN KEY (created_by_id) REFERENCES public.users_user(id) DEFERRABLE INITIALLY DEFERRED;


--
-- Name: menu_app_category menu_app_category_restaurant_id_b2903c73_fk_menu_app_; Type: FK CONSTRAINT; Schema: public; Owner: aurora
--

ALTER TABLE ONLY public.menu_app_category
    ADD CONSTRAINT menu_app_category_restaurant_id_b2903c73_fk_menu_app_ FOREIGN KEY (restaurant_id) REFERENCES public.menu_app_restaurant(id) DEFERRABLE INITIALLY DEFERRED;


--
-- Name: menu_app_category menu_app_category_update_by_id_fk_users_user_id; Type: FK CONSTRAINT; Schema: public; Owner: aurora
--

ALTER TABLE ONLY public.menu_app_category
    ADD CONSTRAINT menu_app_category_update_by_id_fk_users_user_id FOREIGN KEY (update_by_id) REFERENCES public.users_user(id) DEFERRABLE INITIALLY DEFERRED;


--
-- Name: menu_app_menu menu_app_menu_category_id_7665addb_fk_menu_app_category_id; Type: FK CONSTRAINT; Schema: public; Owner: aurora
--

ALTER TABLE ONLY public.menu_app_menu
    ADD CONSTRAINT menu_app_menu_category_id_7665addb_fk_menu_app_category_id FOREIGN KEY (category_id) REFERENCES public.menu_app_category(id) DEFERRABLE INITIALLY DEFERRED;


--
-- Name: menu_app_menu menu_app_menu_created_by_id_fk_users_user_id; Type: FK CONSTRAINT; Schema: public; Owner: aurora
--

ALTER TABLE ONLY public.menu_app_menu
    ADD CONSTRAINT menu_app_menu_created_by_id_fk_users_user_id FOREIGN KEY (created_by_id) REFERENCES public.users_user(id) DEFERRABLE INITIALLY DEFERRED;


--
-- Name: menu_app_menu menu_app_menu_restaurant_id_af97f391_fk_menu_app_restaurant_id; Type: FK CONSTRAINT; Schema: public; Owner: aurora
--

ALTER TABLE ONLY public.menu_app_menu
    ADD CONSTRAINT menu_app_menu_restaurant_id_af97f391_fk_menu_app_restaurant_id FOREIGN KEY (restaurant_id) REFERENCES public.menu_app_restaurant(id) DEFERRABLE INITIALLY DEFERRED;


--
-- Name: menu_app_menu menu_app_menu_update_by_id_fk_users_user_id; Type: FK CONSTRAINT; Schema: public; Owner: aurora
--

ALTER TABLE ONLY public.menu_app_menu
    ADD CONSTRAINT menu_app_menu_update_by_id_fk_users_user_id FOREIGN KEY (update_by_id) REFERENCES public.users_user(id) DEFERRABLE INITIALLY DEFERRED;


--
-- Name: menu_app_promo menu_app_promo_created_by_id_fk_users_user_id; Type: FK CONSTRAINT; Schema: public; Owner: aurora
--

ALTER TABLE ONLY public.menu_app_promo
    ADD CONSTRAINT menu_app_promo_created_by_id_fk_users_user_id FOREIGN KEY (created_by_id) REFERENCES public.users_user(id) DEFERRABLE INITIALLY DEFERRED;


--
-- Name: menu_app_promo menu_app_promo_restaurant_id_a352a2bd_fk_menu_app_restaurant_id; Type: FK CONSTRAINT; Schema: public; Owner: aurora
--

ALTER TABLE ONLY public.menu_app_promo
    ADD CONSTRAINT menu_app_promo_restaurant_id_a352a2bd_fk_menu_app_restaurant_id FOREIGN KEY (restaurant_id) REFERENCES public.menu_app_restaurant(id) DEFERRABLE INITIALLY DEFERRED;


--
-- Name: menu_app_promo menu_app_promo_update_by_id_fk_users_user_id; Type: FK CONSTRAINT; Schema: public; Owner: aurora
--

ALTER TABLE ONLY public.menu_app_promo
    ADD CONSTRAINT menu_app_promo_update_by_id_fk_users_user_id FOREIGN KEY (update_by_id) REFERENCES public.users_user(id) DEFERRABLE INITIALLY DEFERRED;


--
-- Name: menu_app_restaurant menu_app_restaurant_created_by_id_fk_users_user_id; Type: FK CONSTRAINT; Schema: public; Owner: aurora
--

ALTER TABLE ONLY public.menu_app_restaurant
    ADD CONSTRAINT menu_app_restaurant_created_by_id_fk_users_user_id FOREIGN KEY (created_by_id) REFERENCES public.users_user(id) DEFERRABLE INITIALLY DEFERRED;


--
-- Name: menu_app_restaurant menu_app_restaurant_update_by_id_fk_users_user_id; Type: FK CONSTRAINT; Schema: public; Owner: aurora
--

ALTER TABLE ONLY public.menu_app_restaurant
    ADD CONSTRAINT menu_app_restaurant_update_by_id_fk_users_user_id FOREIGN KEY (update_by_id) REFERENCES public.users_user(id) DEFERRABLE INITIALLY DEFERRED;


--
-- Name: menu_app_restaurant menu_app_restaurant_user_id_fk_users_user_id; Type: FK CONSTRAINT; Schema: public; Owner: aurora
--

ALTER TABLE ONLY public.menu_app_restaurant
    ADD CONSTRAINT menu_app_restaurant_user_id_fk_users_user_id FOREIGN KEY (user_id) REFERENCES public.users_user(id) DEFERRABLE INITIALLY DEFERRED;


--
-- Name: users_user_groups users_user_groups_group_id_9afc8d0e_fk_auth_group_id; Type: FK CONSTRAINT; Schema: public; Owner: aurora
--

ALTER TABLE ONLY public.users_user_groups
    ADD CONSTRAINT users_user_groups_group_id_9afc8d0e_fk_auth_group_id FOREIGN KEY (group_id) REFERENCES public.auth_group(id) DEFERRABLE INITIALLY DEFERRED;


--
-- Name: users_user_groups users_user_groups_user_id_5f6f5a90_fk_users_user_id; Type: FK CONSTRAINT; Schema: public; Owner: aurora
--

ALTER TABLE ONLY public.users_user_groups
    ADD CONSTRAINT users_user_groups_user_id_5f6f5a90_fk_users_user_id FOREIGN KEY (user_id) REFERENCES public.users_user(id) DEFERRABLE INITIALLY DEFERRED;


--
-- Name: users_user_user_permissions users_user_user_perm_permission_id_0b93982e_fk_auth_perm; Type: FK CONSTRAINT; Schema: public; Owner: aurora
--

ALTER TABLE ONLY public.users_user_user_permissions
    ADD CONSTRAINT users_user_user_perm_permission_id_0b93982e_fk_auth_perm FOREIGN KEY (permission_id) REFERENCES public.auth_permission(id) DEFERRABLE INITIALLY DEFERRED;


--
-- Name: users_user_user_permissions users_user_user_permissions_user_id_20aca447_fk_users_user_id; Type: FK CONSTRAINT; Schema: public; Owner: aurora
--

ALTER TABLE ONLY public.users_user_user_permissions
    ADD CONSTRAINT users_user_user_permissions_user_id_20aca447_fk_users_user_id FOREIGN KEY (user_id) REFERENCES public.users_user(id) DEFERRABLE INITIALLY DEFERRED;


--
-- Name: users_userlocation users_userlocation_user_id_d02652d7_fk_users_user_id; Type: FK CONSTRAINT; Schema: public; Owner: aurora
--

ALTER TABLE ONLY public.users_userlocation
    ADD CONSTRAINT users_userlocation_user_id_d02652d7_fk_users_user_id FOREIGN KEY (user_id) REFERENCES public.users_user(id) DEFERRABLE INITIALLY DEFERRED;


--
-- PostgreSQL database dump complete
--

